Marker,RIL001,RIL002,RIL003,RIL004,RIL005,RIL006,RIL007,RIL008,RIL009,RIL010,RIL011,RIL012,RIL013,RIL014,RIL015,RIL016,RIL017,RIL018,RIL019,RIL020,RIL021,RIL022,RIL023,RIL024,RIL025,RIL026,RIL027,RIL028,RIL029,RIL030,RIL031,RIL032,RIL033,RIL034,RIL035,RIL036,RIL037,RIL038,RIL039,RIL040,RIL041,RIL042,RIL043,RIL044,RIL045,RIL046,RIL047,RIL048,RIL049,RIL050,RIL051,RIL052,RIL053,RIL054,RIL055,RIL056,RIL057,RIL058,RIL059,RIL060,RIL061,RIL062,RIL063,RIL064,RIL065,RIL066,RIL067,RIL068,RIL069,RIL070,RIL071,RIL072,RIL073,RIL074,RIL075,RIL076,RIL077,RIL078,RIL079,RIL080,RIL081,RIL082,RIL083,RIL084,RIL085,RIL086,RIL087,RIL088,RIL089,RIL090,RIL091,RIL092,RIL093,RIL094,RIL095,RIL096,RIL097,RIL098,RIL099,RIL100,RIL101,RIL102,RIL103,RIL104,RIL105,RIL106,RIL107,RIL108,RIL109,RIL110,RIL111,RIL112,RIL113,RIL114,RIL115,RIL116,RIL117,RIL118,RIL119,RIL120,RIL121,RIL122,RIL123,RIL124,RIL125,RIL126,RIL127,RIL128,RIL129,RIL130,RIL131,RIL132,RIL133,RIL134,RIL135,RIL136,RIL137,RIL138,RIL139,RIL140,RIL141,RIL142,RIL143,RIL144,RIL145,RIL146,RIL147,RIL148,RIL149,RIL150
M01_001,A,B,B,B,A,A,A,B,B,B,A,B,B,A,A,-,A,B,A,A,B,A,A,A,A,B,A,B,B,A,B,A,A,B,B,B,A,A,B,A,A,B,A,B,A,B,A,B,B,A,B,B,B,B,B,B,A,-,A,A,A,A,B,A,A,B,-,B,A,H,B,A,-,B,B,B,B,A,A,A,B,B,A,A,A,A,B,B,B,A,A,B,B,B,B,B,B,A,A,A,A,B,A,B,B,A,A,B,A,-,A,A,B,B,B,B,B,A,B,B,B,B,A,A,A,A,B,B,A,B,A,A,A,A,B,A,B,B,A,B,B,A,B,A,A,A,B,B,A,A
M01_002,B,A,A,A,H,-,B,B,A,B,A,B,B,-,A,B,A,A,A,B,B,A,B,A,B,A,B,A,B,A,A,A,B,B,A,B,B,B,B,A,A,B,B,B,A,A,B,B,B,B,B,-,A,B,B,A,A,B,A,A,-,B,B,A,B,A,A,B,B,B,B,B,A,A,A,A,B,A,B,B,B,B,B,B,A,B,A,A,B,-,B,B,B,A,A,B,A,B,B,B,A,-,B,A,A,B,B,B,B,A,B,H,A,B,B,B,B,B,A,A,B,B,B,B,B,B,B,B,B,B,B,A,A,A,B,A,-,-,A,B,A,A,B,A,A,B,B,A,B,A
M01_003,A,B,B,B,B,B,B,A,B,A,A,A,A,B,B,B,A,A,A,-,B,B,B,A,B,B,B,B,A,A,A,B,A,A,A,A,B,B,A,A,B,A,A,A,A,B,B,A,A,-,B,B,B,A,A,B,A,B,B,-,A,B,A,B,B,A,B,B,A,A,A,-,A,B,A,A,B,A,B,A,A,B,B,B,B,B,A,A,B,B,H,A,A,B,A,B,B,A,-,B,A,B,-,B,A,B,A,A,B,A,A,B,B,B,B,A,A,A,B,B,B,B,A,B,-,B,A,B,-,A,-,B,B,A,A,B,A,B,B,A,A,H,-,A,B,B,H,B,A,A
M01_004,B,B,A,B,A,B,A,A,A,A,A,B,B,B,B,A,A,B,A,B,A,B,A,B,B,H,A,B,B,-,B,-,A,B,B,B,A,A,B,B,A,B,A,A,A,A,B,A,B,H,B,B,A,-,B,A,B,B,B,B,B,A,B,B,A,A,A,B,H,A,B,A,B,B,B,A,A,A,A,B,B,H,H,B,B,B,B,A,A,A,B,B,A,B,B,A,A,B,B,B,B,B,B,B,-,A,A,A,B,B,B,A,A,-,A,B,A,A,B,A,B,B,A,B,B,B,A,B,B,A,A,H,B,A,B,A,A,A,A,A,A,B,A,A,B,A,B,-,A,-
M01_005,-,A,A,A,A,A,A,A,B,B,A,B,B,-,B,B,A,A,B,B,A,A,A,A,B,A,A,B,A,A,B,B,B,B,A,A,B,A,A,A,A,A,A,A,A,B,B,B,B,B,A,B,B,B,A,A,A,A,B,-,A,H,B,A,A,A,A,A,A,A,A,B,A,B,A,-,A,A,B,B,B,A,A,B,B,B,B,A,B,A,A,A,B,A,A,B,A,B,A,A,B,A,A,A,A,H,A,B,A,B,B,B,A,A,A,B,B,B,A,B,B,A,A,B,B,B,A,B,-,A,A,B,B,B,A,B,A,B,A,A,A,A,B,B,A,B,A,B,B,B
M01_006,A,B,B,A,A,B,B,B,B,B,A,A,A,B,A,B,B,B,A,B,A,B,-,-,B,A,A,B,B,B,B,B,A,A,A,B,B,-,A,B,A,B,B,B,A,B,B,B,B,B,B,A,B,B,A,B,B,B,A,A,H,B,A,B,B,B,B,A,A,A,B,A,A,-,B,B,A,A,B,A,A,A,A,A,B,A,B,-,B,B,A,B,A,B,A,A,A,H,B,B,A,B,-,B,A,A,A,A,B,A,B,A,B,A,A,B,A,A,B,B,A,A,B,A,A,A,B,B,A,-,A,B,A,A,B,A,B,A,A,A,B,B,B,A,B,A,A,B,A,A
M01_007,A,A,A,B,A,-,B,A,-,A,B,A,B,A,B,-,A,B,B,A,B,A,-,B,A,A,A,B,B,A,-,B,H,B,A,A,A,B,A,B,A,B,B,B,A,-,A,B,B,B,B,B,A,B,A,A,B,A,A,B,A,B,A,A,A,A,B,A,B,A,B,B,B,A,A,A,B,A,B,B,A,B,A,-,B,B,B,A,A,B,-,B,A,B,A,A,B,A,B,A,A,B,B,B,B,B,B,B,A,A,A,H,B,A,B,B,A,B,B,A,B,A,B,B,B,A,B,B,A,B,A,B,A,A,A,B,A,B,A,A,B,B,A,B,B,B,A,A,B,A
M01_008,B,B,B,B,H,A,B,A,A,B,B,H,B,A,-,B,A,A,A,A,A,A,A,A,H,A,A,B,A,B,B,A,A,B,B,A,B,A,H,A,B,B,B,B,A,A,A,A,B,A,A,B,B,B,H,A,A,B,B,A,B,A,A,B,B,B,A,B,A,A,B,-,B,B,B,B,A,A,A,A,B,B,A,A,B,A,B,B,A,B,B,A,B,B,A,B,B,B,B,B,B,B,B,-,B,B,A,B,B,A,B,A,A,B,A,B,B,B,A,A,B,H,B,A,B,B,B,A,B,B,B,A,B,B,A,B,B,A,A,B,A,B,A,B,A,B,B,B,B,A
M01_009,B,A,A,A,A,B,B,A,-,H,A,A,A,B,B,A,A,B,B,A,B,A,A,B,A,B,A,A,H,A,B,A,A,A,B,A,B,A,B,A,B,B,B,B,B,B,A,A,B,B,B,A,A,A,B,A,A,B,A,B,A,B,A,A,A,A,A,A,B,A,-,B,B,A,A,A,A,H,A,B,B,B,B,A,-,B,A,A,A,A,-,A,B,B,B,A,A,A,B,B,A,B,A,B,B,B,B,B,A,B,A,B,B,B,A,B,B,B,-,A,A,A,-,A,B,A,A,B,B,B,B,B,A,H,B,B,A,B,A,A,A,A,B,B,B,A,A,A,H,A
M01_010,B,B,A,B,A,B,B,A,A,B,B,A,B,B,B,A,B,B,A,A,B,A,B,B,A,B,A,B,A,B,A,A,B,A,B,A,B,-,B,A,A,A,A,B,A,B,A,A,-,B,A,A,A,B,B,A,B,B,B,B,A,A,A,A,B,B,A,-,A,-,A,B,A,A,H,B,A,B,B,B,A,B,A,B,A,A,A,B,A,B,B,A,B,A,B,A,B,B,B,B,B,B,B,B,A,B,B,B,A,B,A,B,A,B,H,A,B,A,B,B,B,B,B,A,A,B,-,B,B,A,B,A,B,-,A,A,A,B,A,A,A,A,A,A,B,B,B,A,A,B
M01_011,B,A,A,A,A,A,B,B,B,-,B,B,B,A,A,A,B,B,A,B,A,B,A,A,A,A,A,A,B,B,A,B,B,A,A,A,A,B,A,B,B,A,B,-,B,A,B,B,A,B,B,B,B,B,A,A,B,A,B,B,A,-,B,A,B,-,B,A,B,A,B,-,B,B,-,A,-,B,B,B,A,A,B,B,H,A,B,A,A,B,B,H,A,A,B,-,A,A,A,B,A,A,A,A,A,B,A,B,A,B,B,B,B,A,A,B,H,B,B,B,A,-,B,B,A,B,A,B,A,A,B,A,B,B,B,A,A,A,-,-,B,B,B,B,A,B,-,B,B,B
M01_012,A,A,A,A,A,B,B,A,A,A,B,B,B,B,H,B,A,-,A,B,A,B,B,B,B,A,A,A,A,B,A,B,B,B,A,B,B,A,B,B,A,B,A,A,A,A,A,A,B,B,B,A,A,B,A,A,B,A,B,B,A,A,B,A,A,H,A,B,H,A,A,A,A,A,B,-,B,H,B,B,A,B,B,A,A,B,A,A,A,A,B,B,B,A,A,A,A,A,B,A,B,A,A,A,B,B,B,A,A,B,-,B,A,A,A,-,B,A,A,A,A,B,B,B,B,A,B,A,A,B,A,B,A,B,B,B,B,B,A,B,A,B,B,B,A,A,B,-,A,A
M01_013,B,B,A,A,A,B,B,A,-,A,B,B,A,A,A,-,A,B,B,A,A,A,B,B,B,B,A,B,B,A,B,B,B,B,B,B,A,A,B,A,A,A,A,B,B,A,A,A,B,B,A,B,B,B,B,A,B,A,B,B,B,B,A,-,H,B,A,A,A,B,B,A,B,B,B,B,B,B,A,B,B,B,B,B,A,A,A,A,B,H,A,A,B,A,B,B,-,A,A,B,B,A,B,A,B,A,-,A,A,A,A,B,H,A,A,B,B,B,A,A,B,A,B,A,B,A,B,A,B,A,-,B,B,B,B,B,A,B,B,A,A,A,B,B,B,B,A,A,A,A
M01_014,A,A,B,B,H,B,B,A,B,-,A,A,B,A,B,B,A,A,A,A,A,B,A,B,A,B,A,-,B,B,A,B,A,A,A,A,B,B,A,B,B,A,B,A,B,-,B,A,A,A,A,A,B,A,A,B,A,B,A,A,A,A,B,A,B,A,A,B,A,B,B,B,B,A,A,A,B,H,A,B,A,B,A,B,B,A,A,A,A,A,B,B,B,A,B,B,A,-,B,A,A,A,A,B,B,B,A,A,B,B,A,B,B,A,A,B,A,A,A,A,B,B,-,B,B,B,A,A,H,B,A,A,A,B,B,B,A,B,B,A,B,B,A,B,A,B,B,B,B,A
M01_015,B,B,A,B,B,-,B,B,-,-,A,A,A,B,B,A,A,B,A,B,B,B,B,A,H,B,B,A,B,A,A,A,B,B,B,B,A,B,A,B,B,B,B,A,A,B,A,-,B,B,A,A,B,B,A,A,A,A,A,B,B,-,A,B,A,B,B,A,B,A,B,A,A,B,A,B,-,B,B,B,A,A,A,A,B,B,B,B,B,B,A,B,B,B,A,A,A,B,B,A,B,A,A,-,B,B,A,B,A,B,B,B,A,B,B,A,B,A,B,A,-,B,A,A,A,A,-,B,A,A,B,-,-,B,B,B,B,A,A,A,B,A,B,H,B,B,A,B,B,A
M01_016,A,B,B,B,B,B,-,A,A,A,B,B,B,A,B,B,B,B,A,B,-,A,A,B,B,B,B,B,B,A,A,A,A,A,A,A,B,A,A,A,B,A,A,B,A,A,-,A,A,A,B,B,B,A,B,A,A,B,A,A,B,B,B,B,H,A,A,A,-,A,B,B,B,A,B,B,B,A,B,A,A,A,-,B,A,A,A,A,A,A,B,A,A,A,B,B,B,A,B,A,B,B,B,B,B,A,B,A,B,A,A,A,A,A,B,A,A,B,A,B,B,B,B,A,B,A,A,B,A,B,B,B,B,A,A,B,A,B,B,B,A,A,A,A,B,A,A,A,B,B
M01_017,A,A,A,A,B,B,A,A,H,A,B,A,A,A,B,B,A,A,A,A,A,A,B,A,A,B,A,B,A,B,B,B,H,A,B,A,A,A,B,A,B,B,B,B,A,A,A,A,A,A,A,B,B,A,B,A,A,B,A,A,H,B,B,B,B,A,A,A,A,B,A,-,B,-,B,B,A,B,A,B,A,-,B,A,A,H,-,B,B,A,A,A,B,A,B,B,-,B,H,A,B,B,B,B,A,A,B,A,B,B,A,B,A,B,B,B,A,A,B,B,B,A,A,A,B,A,A,B,A,H,B,B,A,A,B,B,B,A,B,B,B,B,B,B,A,A,-,A,A,A
M01_018,A,A,B,B,A,B,B,A,A,B,B,B,-,A,A,A,A,A,B,B,A,B,A,A,A,B,B,B,A,B,A,B,B,A,B,B,A,B,A,B,B,B,-,B,A,B,A,B,A,A,B,A,B,A,A,B,A,A,B,A,B,A,A,B,-,A,A,A,B,A,B,B,A,B,A,B,A,B,B,A,B,B,A,A,B,B,B,B,B,B,A,A,B,B,A,A,B,B,A,A,A,A,A,A,B,A,B,B,A,B,A,B,-,B,B,A,A,B,B,A,B,A,B,A,B,A,A,A,A,B,A,B,A,A,A,A,A,A,B,A,B,B,A,A,B,B,B,A,B,B
M01_019,B,B,A,A,B,B,A,A,A,A,B,B,A,A,A,A,B,B,B,A,B,B,B,A,A,A,A,A,A,A,B,A,A,B,B,B,H,B,B,A,A,A,A,A,B,B,B,A,B,B,A,B,A,A,B,-,A,B,B,A,-,A,B,A,A,B,B,A,B,B,A,A,B,A,B,A,A,A,A,A,A,B,H,B,B,-,B,A,B,H,B,H,-,A,A,B,A,B,H,A,B,B,B,B,B,B,B,A,A,B,A,B,B,A,B,B,B,A,A,A,B,A,B,A,A,B,B,A,A,A,A,B,A,A,A,B,H,A,B,A,A,B,B,B,B,A,B,A,B,A
M01_020,B,A,A,B,A,B,A,A,A,A,B,A,B,B,A,B,B,B,-,A,B,B,B,-,B,A,B,A,B,A,A,B,A,A,A,B,B,A,B,B,A,B,B,B,A,B,B,A,A,A,A,B,A,A,B,A,B,A,A,A,A,A,B,B,A,B,B,B,A,A,A,B,B,A,A,B,B,H,B,A,B,B,A,B,B,A,B,B,B,A,A,B,A,B,B,A,B,-,A,B,B,B,B,A,B,B,B,B,A,B,A,A,A,B,B,B,B,B,B,B,A,A,B,B,A,A,B,A,B,B,A,A,B,B,B,B,A,B,B,B,A,B,B,A,A,B,A,A,A,B
M01_021,-,B,A,B,B,B,B,A,B,A,B,A,A,A,B,A,B,A,A,B,A,A,B,A,A,A,B,B,B,B,A,A,B,A,A,A,A,H,A,-,A,B,A,A,B,B,A,-,A,-,A,A,A,A,B,B,B,A,A,B,A,A,B,B,B,A,A,B,A,B,B,B,A,A,B,B,B,A,A,B,B,B,A,B,B,B,A,A,B,A,A,B,A,B,A,B,B,A,A,A,A,B,B,A,A,A,B,A,B,-,B,A,B,A,A,B,B,A,A,A,A,A,A,A,B,B,B,A,B,B,B,B,B,B,A,B,B,B,B,A,A,-,B,B,A,A,B,B,B,A
M01_022,B,-,-,A,A,B,B,A,B,A,A,A,A,B,A,B,B,A,B,A,B,A,A,-,A,A,B,B,B,B,A,A,A,A,B,B,A,A,B,-,A,B,B,A,A,B,B,B,A,A,B,B,A,B,-,B,B,B,A,B,A,B,A,B,A,A,A,A,B,B,B,A,A,A,A,B,A,A,A,A,B,B,A,A,A,A,A,B,B,B,A,A,B,B,B,A,B,A,B,B,-,A,B,A,A,A,B,A,A,B,A,B,A,A,B,A,A,B,B,B,A,A,B,B,B,B,B,A,A,B,A,A,B,B,A,A,A,B,B,A,A,B,A,B,B,A,B,A,A,B
M01_023,A,H,B,A,A,A,A,A,A,A,B,B,B,A,A,B,A,A,B,B,B,A,B,B,B,B,B,B,A,B,B,B,A,A,B,B,B,B,B,B,B,B,B,A,A,B,A,A,A,A,A,A,B,B,-,A,B,A,B,B,B,A,B,A,B,B,A,A,A,B,A,B,A,-,B,B,B,A,A,B,A,A,A,A,A,B,A,-,A,B,A,B,B,A,B,H,B,B,A,B,A,A,H,A,B,B,B,H,A,A,A,A,A,A,B,B,A,B,A,A,B,B,B,-,B,B,B,B,B,B,B,H,B,A,B,A,-,B,B,B,A,B,A,H,H,B,B,B,B,A
M01_024,A,B,B,A,B,A,B,B,B,B,A,A,B,-,-,B,A,B,B,A,A,B,B,B,B,B,B,B,A,A,A,B,A,B,B,-,A,A,A,A,A,B,B,B,B,A,B,B,A,B,A,B,H,A,B,B,B,A,B,A,A,A,B,B,B,B,A,A,A,A,A,A,A,A,A,A,B,B,B,A,A,B,A,A,A,A,A,A,-,A,A,B,A,A,B,A,A,A,A,B,B,A,B,B,A,B,A,A,-,A,-,B,-,A,A,B,B,B,B,B,-,B,B,H,B,A,A,A,-,B,A,B,A,B,A,A,A,B,A,A,B,A,B,B,A,B,A,B,A,B
M01_025,A,B,A,A,A,A,B,A,B,B,B,A,A,B,A,A,B,B,B,A,B,A,A,B,A,A,A,B,B,B,B,A,A,A,A,A,B,A,A,A,A,B,A,A,-,A,A,A,B,H,B,A,-,A,A,A,A,B,B,B,B,-,A,A,B,A,B,A,A,A,A,A,B,A,B,A,A,A,B,A,B,A,B,A,-,B,B,A,A,A,B,B,B,A,A,-,B,B,B,A,B,B,A,B,B,B,B,A,A,B,A,B,B,B,H,A,A,A,A,A,A,B,B,A,A,B,A,A,A,B,A,-,A,B,A,A,B,B,B,-,B,B,B,A,A,A,B,A,A,B
M01_026,B,B,A,B,A,A,A,A,A,B,A,B,B,A,B,A,B,A,A,A,B,B,A,B,B,B,B,-,B,B,A,A,A,B,B,A,B,A,A,H,A,A,B,B,A,B,B,A,A,B,A,B,B,H,A,B,A,A,A,A,B,A,A,B,A,B,A,B,B,A,A,A,B,A,A,A,A,A,B,-,A,B,B,A,A,A,B,A,B,B,B,A,A,A,A,B,B,B,B,A,A,A,B,B,B,A,A,B,A,B,B,B,A,A,A,A,A,B,B,A,A,A,A,B,A,A,A,B,B,A,B,B,B,A,B,B,B,B,B,A,B,B,B,A,B,B,-,B,B,B
M01_027,A,A,B,A,B,A,B,A,B,A,A,A,A,B,-,A,B,A,B,B,B,A,B,A,H,A,B,-,B,A,B,A,B,A,A,B,A,A,A,A,B,B,A,A,A,A,B,B,-,A,A,B,B,A,A,B,B,A,A,A,B,A,A,B,A,B,A,A,B,A,B,B,A,B,A,B,A,B,A,A,B,B,A,A,B,B,A,A,-,B,A,A,B,A,B,A,A,A,B,A,B,-,B,A,A,A,A,A,B,A,A,A,B,A,B,A,B,B,A,A,A,A,B,B,B,B,A,A,B,A,B,A,A,H,A,H,B,B,-,B,B,A,A,B,A,A,A,B,B,A
M01_028,B,B,B,B,B,A,B,A,B,H,A,A,B,A,B,A,A,B,-,B,A,B,B,B,B,B,A,A,B,A,B,-,B,B,-,A,A,B,B,A,B,A,A,B,A,A,A,-,A,A,B,A,B,A,A,B,B,A,B,B,B,B,A,A,B,A,B,A,A,B,A,B,B,B,B,B,B,B,A,A,A,-,-,B,B,A,B,A,B,B,A,A,A,B,B,B,A,A,B,B,A,A,B,A,A,A,B,B,B,B,B,A,B,A,B,A,A,A,-,A,A,H,A,B,B,H,B,B,A,A,A,B,B,A,A,B,A,B,B,B,B,-,B,B,B,-,A,A,A,B
M01_029,B,A,A,B,A,A,B,B,A,A,A,B,B,-,B,B,A,B,B,A,A,B,B,B,B,B,A,B,A,-,B,B,A,B,A,-,A,B,B,A,B,A,B,A,A,B,A,A,B,B,A,A,A,B,A,B,H,A,A,A,A,B,A,A,B,A,-,A,B,B,B,B,A,A,B,B,A,A,A,-,A,B,A,A,B,B,B,B,A,B,B,A,B,B,A,A,A,A,A,B,A,B,B,B,B,A,A,B,-,B,A,B,A,B,-,A,B,A,A,B,B,B,B,A,B,B,A,H,A,B,-,A,A,B,A,A,B,B,A,A,A,A,B,-,B,A,B,-,B,B
M01_030,B,B,A,B,B,B,A,B,B,A,-,B,B,B,A,B,A,A,-,A,A,A,A,A,B,A,A,B,A,B,A,A,B,B,B,B,B,A,A,A,-,B,B,A,B,B,A,A,-,A,A,B,A,A,H,B,B,A,A,B,A,A,B,B,A,A,A,A,A,A,A,B,B,B,A,A,A,A,A,B,B,B,-,B,A,A,A,B,H,A,B,B,A,A,A,B,A,B,A,B,A,B,B,B,B,A,B,A,A,B,A,B,H,A,B,A,A,A,B,B,B,H,A,A,B,A,A,A,B,B,A,-,B,B,A,B,A,A,B,B,A,-,B,B,B,B,A,A,A,A
M01_031,B,B,A,A,B,A,B,A,B,B,A,A,A,B,B,A,B,B,A,A,B,B,B,B,B,A,B,B,B,A,A,A,A,A,-,B,A,B,A,A,A,-,A,A,A,B,A,B,B,B,B,A,-,B,A,B,B,B,B,H,B,A,B,A,A,B,A,A,A,B,B,B,A,B,B,A,A,A,B,B,B,A,B,B,B,B,A,A,B,B,B,A,B,A,A,B,B,A,A,A,A,B,B,A,-,B,B,-,B,A,A,A,A,A,A,A,B,B,A,B,B,B,A,B,B,B,A,B,B,B,A,A,B,B,A,B,A,B,-,B,B,A,B,A,B,B,B,A,B,A
M01_032,A,B,A,B,A,A,B,B,A,B,B,B,A,B,B,B,A,B,B,B,A,B,B,A,A,B,A,B,B,B,A,A,B,A,B,A,A,A,B,B,A,A,A,-,A,B,B,B,A,H,A,A,B,B,A,A,B,A,B,B,A,A,A,B,B,A,B,H,A,B,A,A,A,A,A,-,B,B,B,A,A,A,B,B,A,A,B,A,A,B,B,A,A,H,A,A,A,A,A,B,A,A,B,B,B,B,-,B,A,H,A,H,B,-,B,H,B,A,B,A,A,A,A,B,A,B,A,A,A,A,A,A,B,A,A,A,B,B,B,A,A,B,A,A,A,A,A,B,A,B
M01_033,A,A,B,A,B,B,A,B,A,B,A,B,A,B,B,B,B,B,B,A,A,A,A,A,B,A,B,A,A,B,B,B,B,A,B,A,A,A,A,A,B,B,A,A,A,A,B,A,B,A,H,A,B,A,B,A,A,B,B,B,B,B,A,A,-,B,A,A,B,B,A,A,A,A,A,B,B,B,A,B,A,A,B,A,A,B,A,B,A,B,A,A,B,A,A,A,A,A,A,B,A,A,A,A,B,A,B,A,B,B,B,B,B,A,A,B,A,A,B,A,B,B,B,B,A,A,A,A,B,B,A,A,B,A,A,A,B,B,B,B,A,A,B,A,B,B,B,B,B,B
M01_034,A,A,A,B,A,B,A,B,A,B,B,A,A,B,A,A,-,B,B,A,A,B,B,B,A,A,A,A,A,A,B,A,B,B,B,A,B,B,B,B,B,B,A,B,-,B,A,A,B,B,A,A,B,A,B,A,B,B,A,A,A,B,B,B,A,-,A,A,B,B,B,A,B,B,B,B,A,A,B,A,A,B,B,-,A,A,B,B,B,-,-,B,A,B,B,B,A,B,A,B,A,B,A,A,A,B,A,A,B,A,B,B,B,A,B,A,A,A,B,A,B,B,A,A,B,B,B,A,A,A,A,A,B,A,A,B,B,A,B,A,A,A,B,A,A,A,B,A,A,A
M01_035,A,B,B,A,A,A,A,A,B,B,B,B,B,B,A,B,A,A,B,A,A,B,A,A,B,B,B,A,A,B,B,B,A,A,B,A,B,A,B,B,B,A,B,B,A,B,B,B,B,A,A,A,B,B,B,A,A,B,A,A,B,A,A,A,A,H,A,A,A,B,A,B,A,A,A,B,B,A,B,B,A,B,A,B,B,B,B,A,B,A,A,B,B,B,A,B,B,A,A,A,A,H,B,B,B,A,B,A,B,A,B,A,A,B,A,B,A,B,A,A,A,A,-,A,A,A,B,B,A,B,B,A,B,A,B,A,B,B,A,A,B,A,B,B,B,B,-,B,A,A
M01_036,A,B,B,A,B,A,A,-,A,B,A,B,B,A,B,B,A,A,B,A,A,A,A,B,A,-,-,A,B,A,H,A,A,B,A,B,H,A,A,B,A,A,A,A,B,A,A,B,A,A,B,A,B,B,A,B,A,A,B,B,A,B,B,B,B,A,A,B,A,B,A,A,A,H,A,B,A,A,A,B,A,A,A,A,B,B,A,B,B,-,B,B,A,A,-,B,A,A,A,B,B,H,A,B,B,A,A,B,B,B,B,A,B,B,B,H,B,A,B,A,A,A,A,B,A,B,B,A,B,A,A,B,A,A,B,B,A,B,B,B,A,B,B,B,B,A,A,A,A,B
M01_037,A,B,B,A,A,B,B,A,A,B,B,A,B,A,A,A,A,A,B,A,A,-,B,A,A,B,H,A,B,B,B,A,B,A,B,B,A,B,A,B,A,A,A,B,A,A,A,B,B,A,A,A,A,A,B,A,A,A,B,B,B,-,A,A,A,B,B,B,B,A,B,A,A,B,A,A,A,B,B,A,B,-,A,B,B,H,A,B,B,B,A,B,B,A,A,A,B,B,B,B,B,A,A,-,A,A,B,A,A,A,A,B,B,B,A,B,B,B,A,B,B,-,B,A,B,A,B,A,A,A,B,A,B,-,A,A,A,B,B,A,A,B,B,B,B,A,A,A,A,A
M01_038,A,A,B,B,B,B,A,B,A,B,A,H,A,A,B,-,B,B,B,B,B,A,B,B,B,A,B,H,B,A,A,A,B,B,A,A,A,A,B,B,A,B,A,B,A,A,-,B,B,B,A,A,A,B,A,B,B,B,A,A,A,B,B,A,A,B,B,A,B,A,A,B,B,B,A,B,A,A,B,A,B,B,A,A,A,A,B,B,A,-,B,B,A,A,B,A,A,B,B,B,B,B,A,A,A,A,B,B,B,B,A,A,B,B,B,B,B,B,A,B,B,A,B,A,B,A,B,A,-,A,A,B,B,A,A,B,B,B,A,B,A,A,B,B,B,A,A,A,H,A
M01_039,A,A,B,A,B,A,B,A,B,B,A,B,A,B,B,A,A,A,A,-,A,A,B,A,A,B,A,A,A,B,B,A,B,B,B,B,B,A,A,A,B,B,B,H,A,B,B,B,H,B,A,B,A,B,B,A,B,A,A,A,B,B,B,A,B,B,A,A,A,-,B,B,A,B,A,A,B,A,B,A,B,A,B,-,A,B,A,B,H,A,A,B,B,B,B,B,A,B,B,A,A,A,A,B,A,A,A,H,B,A,A,H,B,A,A,A,-,B,-,B,B,A,B,B,A,A,B,A,A,B,H,A,B,A,B,B,B,-,B,B,A,A,A,A,B,A,A,B,A,B
M01_040,A,B,B,B,A,B,A,A,A,B,A,B,A,A,B,A,B,A,B,B,A,A,B,B,A,A,B,B,A,A,A,B,A,H,A,A,B,B,B,A,B,B,B,A,A,A,B,A,B,B,-,B,A,A,A,B,A,B,A,A,A,B,B,A,B,A,H,-,A,B,A,B,A,B,A,B,B,B,B,B,A,A,A,H,A,B,B,A,A,A,A,A,A,B,B,A,A,A,B,B,A,A,B,B,A,-,A,A,B,B,A,B,A,B,A,B,B,A,B,B,B,A,B,B,A,B,A,A,B,B,B,A,B,A,A,-,B,B,B,B,A,B,A,B,A,B,B,B,-,A
M02_001,B,A,B,B,A,B,B,A,-,A,B,B,B,B,A,B,A,B,B,A,A,B,B,A,A,A,B,A,B,A,-,A,B,A,B,A,B,B,A,B,B,A,A,A,B,B,A,B,B,B,B,B,B,A,B,B,A,B,B,B,A,-,B,B,A,B,A,A,A,A,B,A,A,A,A,A,A,B,B,A,A,B,A,A,A,A,B,A,B,A,A,B,A,B,-,B,A,B,A,B,A,B,A,B,A,A,-,A,A,B,B,A,B,B,A,B,B,H,A,B,A,A,A,H,B,B,B,A,A,A,A,B,B,A,A,A,A,B,B,B,A,A,A,B,B,A,B,A,B,B
M02_002,-,B,A,A,A,A,B,B,A,B,A,A,A,A,A,A,A,H,A,-,A,B,A,B,B,B,B,A,A,A,B,A,A,-,A,B,B,A,A,A,B,B,B,B,B,A,A,B,A,A,B,-,B,B,A,B,A,A,A,A,B,A,A,A,B,B,A,A,A,A,B,B,A,A,A,B,A,H,B,A,B,B,-,A,A,B,B,B,B,B,B,A,B,B,B,B,A,B,B,A,A,-,A,-,A,B,B,B,B,A,A,B,A,B,B,B,H,A,A,B,A,B,A,B,B,B,A,A,B,A,B,B,B,B,A,B,B,A,B,A,A,A,B,A,B,B,A,A,B,A
M02_003,B,A,A,B,A,A,A,A,B,B,A,B,B,A,A,B,-,B,B,A,B,B,B,A,A,A,B,A,A,A,A,B,B,B,A,B,A,-,A,A,A,B,B,B,A,A,A,H,B,B,A,B,A,B,B,B,B,A,B,B,A,A,A,A,A,B,A,A,B,B,B,A,B,B,A,-,B,B,B,-,-,B,A,A,A,-,B,B,A,B,A,A,B,B,H,A,B,A,A,B,B,B,A,B,A,B,A,A,B,B,A,A,-,A,A,A,A,B,B,B,H,-,A,A,A,A,B,B,A,B,B,B,B,B,B,B,B,A,A,B,A,A,B,A,B,-,B,A,A,B
M02_004,B,H,A,A,B,A,B,A,A,A,A,B,B,A,B,A,-,A,B,B,B,B,B,B,B,B,B,A,B,A,B,A,B,A,A,B,B,A,A,B,B,A,A,A,B,A,A,-,A,B,A,A,A,A,A,B,B,B,B,B,A,B,-,B,B,A,B,B,H,A,A,A,B,A,A,H,A,B,A,B,B,B,B,A,A,A,B,B,A,B,A,B,B,A,B,A,B,B,A,A,A,B,B,A,B,B,A,A,B,B,A,A,A,B,A,A,B,B,A,A,B,A,A,B,A,B,B,A,A,B,B,B,B,A,B,A,A,A,A,B,A,A,A,B,B,A,A,A,B,B
M02_005,B,-,A,B,B,A,A,B,B,A,B,B,A,A,A,B,A,A,B,B,A,A,A,B,B,A,B,B,B,B,A,A,B,B,B,A,B,B,A,A,-,B,B,B,A,A,B,B,B,B,A,B,A,A,A,A,A,A,A,A,B,A,A,B,B,B,A,B,A,A,A,B,A,A,A,B,B,A,B,B,B,A,B,A,B,A,A,A,B,A,B,A,B,B,B,B,B,A,B,A,B,B,A,A,A,B,B,B,B,B,A,A,B,B,B,A,A,A,A,A,B,A,B,A,B,A,A,A,B,B,A,A,B,A,A,B,B,A,A,B,A,A,B,B,A,H,B,A,H,-
M02_006,A,-,A,A,A,A,B,B,H,A,A,A,A,A,B,B,B,A,B,A,A,B,B,A,A,A,B,A,H,A,A,A,B,A,-,B,B,B,B,B,B,A,A,A,A,A,B,A,A,B,A,A,A,A,A,B,B,A,A,A,B,A,A,B,A,A,A,B,B,B,-,B,B,B,A,B,A,A,B,A,B,A,-,B,B,A,A,B,A,B,B,A,A,A,B,A,A,A,B,A,A,B,B,B,-,A,B,A,B,B,A,B,B,A,B,A,A,A,B,B,B,A,B,A,-,A,A,A,B,A,B,A,A,A,B,B,A,A,A,B,A,B,B,A,B,B,B,-,A,A
M02_007,A,A,A,B,A,A,A,B,B,A,A,B,A,A,A,A,A,B,B,A,B,A,-,B,B,A,A,B,B,B,A,A,A,A,-,A,A,B,B,A,B,B,B,A,B,B,A,A,B,A,B,A,A,A,B,A,B,B,B,B,B,A,B,B,A,-,B,A,B,A,-,B,A,A,-,A,B,B,B,A,A,B,B,B,B,A,A,A,A,A,B,A,A,A,B,B,B,B,A,B,A,A,B,B,A,A,B,A,A,A,A,B,A,A,B,B,A,A,A,B,B,B,B,B,B,B,A,H,A,A,B,A,B,B,A,B,A,A,B,B,B,A,B,A,B,A,B,A,A,A
M02_008,B,B,B,A,B,A,B,A,B,B,B,B,B,B,A,B,A,B,A,A,A,A,B,A,B,A,B,B,B,B,A,B,A,A,B,A,B,B,A,A,A,B,B,A,A,B,B,A,A,B,A,A,B,B,A,A,A,-,B,A,B,B,A,A,B,B,B,A,B,B,B,A,B,B,A,A,A,A,A,B,A,A,B,-,A,B,-,B,B,A,B,A,B,-,B,B,B,A,A,B,B,A,B,B,A,B,B,A,A,B,B,A,B,B,B,A,B,A,A,A,A,B,A,B,A,A,H,B,A,B,A,A,B,B,A,B,B,A,B,B,B,A,B,A,B,B,A,B,B,B
M02_009,A,A,B,A,B,A,A,A,A,B,A,A,A,B,A,B,B,B,B,B,B,A,A,A,B,B,B,A,B,A,A,A,A,B,A,A,B,B,B,A,B,B,A,B,A,A,B,B,A,B,B,B,A,B,A,B,A,A,B,A,A,A,B,A,B,A,A,A,A,A,A,B,B,A,A,B,A,A,B,B,B,A,A,B,A,B,B,A,B,-,B,A,A,B,A,B,A,A,A,B,A,A,A,B,A,B,-,A,B,A,B,B,A,A,A,H,A,B,A,B,-,B,A,B,A,A,A,B,A,B,A,B,-,B,A,A,A,A,B,B,B,A,B,-,B,A,A,A,B,B
M02_010,A,A,B,B,A,B,H,B,A,B,B,A,B,B,A,A,B,B,A,B,B,B,A,B,A,A,B,A,B,A,A,A,H,B,B,A,A,B,A,A,B,A,B,B,A,A,A,B,B,A,A,B,B,A,A,A,B,-,A,B,A,A,A,B,A,B,A,A,A,B,A,B,A,A,A,A,A,A,B,B,A,A,A,A,A,B,A,A,A,A,B,-,A,B,A,B,B,A,B,A,-,A,A,B,B,H,B,A,A,A,-,A,B,A,A,A,B,B,B,A,B,A,B,B,A,B,-,A,B,A,A,A,A,B,A,B,A,B,B,B,A,-,A,B,B,A,A,B,A,B
M02_011,B,B,A,A,B,B,A,A,B,B,B,H,A,A,B,B,A,A,B,A,A,B,B,B,A,B,B,B,B,A,A,A,A,B,B,B,B,A,A,A,A,A,B,H,A,A,B,A,B,B,B,-,B,A,B,A,A,B,B,B,B,B,A,B,B,B,B,A,B,A,A,B,A,B,A,A,B,B,-,B,B,A,A,A,-,B,A,B,B,A,A,-,B,B,A,H,A,A,H,A,B,A,B,B,A,B,A,B,A,A,A,A,B,A,A,A,A,B,B,A,B,B,A,B,B,B,B,A,B,B,A,B,-,H,B,A,A,B,A,A,A,A,A,A,A,B,B,A,A,B
M02_012,A,A,A,B,B,B,B,B,A,-,-,B,B,B,A,A,-,B,B,A,B,B,B,B,B,B,B,B,A,A,B,B,B,A,A,B,B,A,A,B,A,B,A,B,B,B,A,B,A,A,H,B,B,A,A,A,B,B,B,B,A,A,A,A,A,B,A,B,A,H,B,B,A,B,B,A,A,A,B,B,B,A,-,B,A,B,B,A,B,A,B,A,B,A,A,B,A,B,-,B,A,B,A,A,A,B,A,B,B,A,B,A,A,B,B,-,A,A,A,B,B,B,A,A,A,A,A,B,B,B,A,A,B,A,-,A,A,B,A,B,B,-,A,B,B,-,B,A,-,A
M02_013,A,A,H,A,A,A,B,B,A,A,-,A,A,A,A,B,A,B,B,B,A,A,A,B,A,B,-,A,B,A,A,A,A,B,A,A,B,B,A,B,B,A,A,A,B,B,B,B,A,A,A,B,B,A,B,A,A,A,A,A,A,A,A,B,A,B,A,A,A,A,B,A,B,B,B,B,B,A,B,A,A,A,B,B,A,B,A,A,A,A,A,B,B,A,B,B,B,B,A,B,B,A,A,B,A,H,A,B,A,B,B,A,B,A,A,A,B,A,A,A,B,B,A,A,B,A,B,B,B,A,B,B,B,A,A,A,B,B,A,A,A,B,B,A,A,A,B,B,B,A
M02_014,B,A,B,A,B,B,B,B,A,A,B,A,A,A,B,A,A,A,A,B,H,B,A,B,B,A,B,B,B,B,A,A,B,A,A,B,B,A,B,B,B,A,A,A,A,A,A,A,B,A,B,B,A,B,B,A,B,A,B,A,-,A,B,A,B,B,A,B,A,B,B,B,B,A,A,A,B,A,B,B,A,B,A,A,-,A,A,B,A,B,B,A,A,B,A,A,B,A,B,A,A,A,B,B,B,A,-,A,A,B,B,A,B,A,B,A,A,-,-,B,A,A,B,B,B,A,B,B,A,A,-,A,A,A,B,B,B,-,A,B,B,A,B,B,B,B,A,A,-,B
M02_015,B,H,A,A,B,B,A,B,B,B,B,A,B,B,A,A,B,A,A,B,A,B,A,B,A,A,A,B,B,A,B,B,B,A,B,A,A,B,B,A,A,B,B,A,B,A,A,B,A,A,B,B,A,B,B,A,B,A,A,B,B,A,A,A,A,A,A,B,A,A,B,B,A,A,B,A,-,B,A,A,A,A,A,H,A,A,A,B,B,A,B,A,A,A,A,A,B,A,B,A,A,A,B,A,B,A,A,A,A,A,A,B,A,B,A,B,B,A,A,B,B,A,A,B,A,B,A,A,B,B,A,A,B,B,A,B,B,B,B,A,B,B,A,A,A,B,A,B,B,B
M02_016,B,B,A,B,A,B,A,H,B,B,A,A,B,A,B,A,B,A,B,B,A,A,A,B,B,B,B,A,A,A,-,B,B,A,B,B,A,A,A,B,B,B,A,A,B,B,B,B,A,B,B,A,B,A,A,A,A,A,A,B,A,A,-,B,A,A,B,B,-,B,A,B,A,A,A,B,A,B,B,A,B,-,B,A,B,A,B,A,A,B,B,B,A,A,-,B,B,A,A,B,B,A,B,B,A,A,A,B,A,A,B,A,A,A,B,B,A,B,B,A,A,A,A,B,B,A,A,A,B,A,B,A,B,B,A,B,B,A,B,A,-,A,B,B,B,B,B,A,B,B
M02_017,B,B,B,B,A,A,A,A,B,A,A,H,A,A,A,A,B,B,B,A,B,A,A,A,A,A,A,H,A,A,A,B,A,B,-,A,A,A,B,A,A,A,B,A,A,-,B,B,A,B,B,A,B,A,B,A,B,A,B,A,B,B,A,B,-,A,A,B,A,A,A,A,A,A,B,-,A,B,B,B,A,A,B,B,B,B,A,B,A,A,B,A,A,B,A,B,H,B,A,A,A,A,A,B,A,B,A,B,B,A,A,B,B,B,A,A,B,B,A,B,A,A,-,A,B,A,A,-,B,B,B,A,B,B,B,A,A,B,A,B,B,B,B,B,A,B,B,-,A,A
M02_018,B,A,B,A,A,B,A,B,B,B,A,B,B,B,A,B,B,B,A,A,A,A,A,A,B,A,B,A,A,A,A,B,B,A,A,A,B,B,-,B,B,A,-,B,B,B,B,A,B,B,A,B,B,A,A,A,B,A,B,B,A,B,H,A,A,B,B,A,A,A,H,A,-,B,A,B,A,B,A,-,B,A,A,A,-,B,B,A,B,B,B,A,A,A,B,A,A,A,B,A,A,A,A,B,A,A,B,A,A,-,A,A,A,B,B,B,B,A,A,B,B,A,B,A,A,A,A,B,B,A,A,B,A,B,A,B,A,A,-,A,A,B,A,A,B,B,B,B,A,B
M02_019,B,B,A,A,A,B,B,B,A,B,B,A,B,A,B,B,-,B,B,B,A,B,A,A,B,-,-,A,A,A,A,B,A,A,A,H,A,A,A,B,B,A,A,A,B,B,A,-,A,A,-,A,A,A,B,B,A,A,A,B,A,-,B,B,A,B,B,A,A,A,A,A,B,A,B,A,B,A,B,A,A,B,A,B,B,A,B,B,A,B,B,A,A,B,A,A,A,B,A,A,B,A,A,H,B,B,A,B,A,A,A,A,B,A,B,B,B,A,B,A,A,H,A,A,B,A,B,A,A,A,A,A,B,B,B,-,B,B,B,A,B,B,A,B,A,B,B,B,A,A
M02_020,-,A,A,B,A,A,A,A,B,B,B,B,B,B,A,B,A,B,B,A,B,A,B,A,B,A,A,A,A,A,B,A,A,A,B,B,B,B,A,A,A,B,H,-,A,A,A,B,-,B,A,B,B,B,B,B,B,B,B,H,B,B,B,A,A,A,B,B,A,-,B,A,B,B,A,B,B,A,A,H,A,A,A,B,B,B,A,B,A,A,A,A,B,B,A,B,B,B,A,B,A,B,A,B,A,A,B,B,B,B,A,B,A,A,B,B,B,B,B,A,A,B,A,A,A,B,A,B,B,A,B,B,B,B,A,B,A,B,B,B,A,A,A,A,A,B,A,B,-,B
M02_021,B,B,B,A,B,A,A,B,B,B,-,A,A,A,A,A,A,B,A,B,A,B,A,A,B,A,B,A,H,A,A,B,A,B,A,B,A,B,B,A,A,A,B,A,A,A,-,B,B,B,B,B,A,A,-,B,B,A,A,A,B,B,B,A,B,A,A,B,A,A,B,B,A,B,A,B,B,B,B,A,A,A,A,B,A,A,A,B,A,B,A,A,A,B,B,B,A,A,B,A,B,B,A,B,A,A,A,B,A,B,B,B,B,A,-,A,B,H,B,B,B,A,B,B,A,B,A,B,B,B,A,B,B,A,B,B,B,A,A,B,A,A,B,B,B,A,A,A,A,B
M02_022,B,B,A,B,A,A,B,B,B,A,B,B,B,A,B,-,B,A,A,A,A,B,A,A,A,A,A,B,B,A,A,A,A,B,B,B,B,A,B,B,B,A,B,B,B,A,B,B,B,B,B,-,B,A,B,A,B,B,B,B,B,B,A,A,A,A,B,B,-,A,A,B,B,A,B,B,A,B,A,B,A,A,B,A,B,A,A,A,B,B,A,B,B,B,B,B,A,A,A,A,A,B,A,A,B,A,A,A,B,A,A,B,B,B,B,A,A,A,A,A,A,B,B,A,B,A,A,B,A,A,A,B,B,A,B,B,B,B,A,A,B,B,B,B,B,B,B,B,B,A
M02_023,A,B,B,B,B,A,A,B,A,-,A,A,B,A,B,A,B,A,B,B,A,B,B,A,A,B,B,A,A,B,B,B,-,B,A,A,-,B,A,A,B,B,B,B,A,H,B,B,B,B,-,A,B,A,A,B,B,A,B,B,B,B,A,A,A,B,B,B,B,B,B,A,A,B,A,A,B,A,B,A,A,A,B,A,B,B,B,A,A,B,-,H,A,B,A,A,A,A,A,A,B,A,B,A,A,A,-,B,A,B,A,B,B,A,A,A,B,A,-,B,B,B,B,A,B,B,A,B,A,B,B,A,B,A,A,A,B,A,A,B,A,A,A,A,A,A,B,B,A,A
M02_024,A,-,A,A,B,A,A,B,B,A,B,A,B,A,B,B,B,-,B,A,A,B,B,A,B,B,B,B,A,A,-,-,B,B,B,B,A,A,-,A,B,A,A,-,B,A,B,A,B,A,B,B,B,B,A,A,A,B,A,A,B,B,A,B,B,-,A,B,B,A,A,B,B,B,A,A,B,A,H,B,A,B,A,B,A,A,B,B,A,B,A,A,A,A,A,A,A,A,A,B,A,B,B,B,B,B,A,B,B,B,B,A,B,B,A,A,B,-,B,B,A,A,A,A,A,A,B,B,A,A,A,B,A,A,B,B,A,A,A,B,B,A,B,A,A,A,B,A,A,A
M02_025,A,B,A,A,B,B,B,B,A,B,B,A,B,A,H,B,B,B,B,A,A,A,A,B,A,A,B,B,A,A,A,B,A,B,A,A,B,A,A,A,A,B,A,-,A,B,B,B,B,A,A,A,A,A,B,B,B,A,B,B,B,A,-,A,A,B,A,A,B,B,A,B,A,A,A,B,B,A,B,A,B,A,A,-,B,A,A,A,A,B,B,A,A,B,A,B,A,B,B,B,B,A,B,B,A,A,A,A,A,B,A,B,A,A,A,B,A,A,A,B,B,A,B,-,A,B,B,A,A,A,A,B,A,B,B,B,-,A,A,B,A,A,B,B,A,-,B,A,A,B
M02_026,A,A,B,B,A,-,A,H,A,B,B,A,B,B,B,A,B,B,H,A,B,A,A,A,B,A,B,H,A,B,A,A,B,B,B,B,A,A,B,-,A,B,-,A,B,B,B,B,A,B,B,A,A,B,B,B,B,B,H,B,A,B,A,B,B,B,B,A,A,A,B,B,B,A,B,B,A,B,B,B,A,B,A,H,A,A,B,A,B,B,B,H,A,-,A,A,B,A,B,B,B,B,A,B,B,A,A,B,A,A,B,B,B,B,B,A,A,A,B,A,A,B,A,A,B,A,A,A,B,B,A,B,A,B,A,-,B,B,A,A,B,A,B,B,B,A,B,B,B,A
M02_027,A,A,A,B,B,A,B,A,A,A,A,B,A,B,A,B,A,A,A,A,A,B,B,B,B,A,A,H,B,B,B,A,A,A,A,A,A,B,B,B,B,A,A,-,A,A,A,A,B,A,B,B,A,A,A,A,B,B,B,A,B,B,A,B,B,B,B,A,B,A,A,B,B,A,A,A,A,B,B,B,A,B,A,B,B,B,A,A,A,B,A,A,A,B,A,B,B,B,A,A,A,A,A,B,-,B,A,B,B,B,B,B,B,A,B,A,A,A,A,A,A,-,B,A,B,A,B,B,-,B,A,H,B,B,B,A,B,A,B,A,B,A,A,B,B,B,A,A,B,H
M02_028,B,A,B,A,B,A,A,B,B,-,A,A,B,A,A,B,B,-,B,B,B,B,B,A,H,A,A,A,-,B,B,B,B,B,A,B,B,A,B,A,A,A,A,B,B,A,B,B,A,A,B,B,H,A,B,A,A,B,A,A,A,A,B,B,A,A,A,B,A,B,A,A,B,B,A,B,B,B,B,B,H,A,B,A,A,A,A,B,B,B,A,A,B,A,B,B,B,B,B,A,B,A,A,A,B,A,A,A,B,B,B,B,A,A,B,A,A,A,B,A,B,A,B,A,A,A,B,A,B,B,B,A,A,A,B,B,B,B,A,A,B,A,A,B,A,B,B,B,A,A
M02_029,B,A,A,A,A,A,B,A,A,B,B,A,A,B,B,B,B,A,B,A,B,B,B,A,A,B,B,B,A,A,B,A,B,A,B,B,B,A,B,A,B,A,A,A,A,B,A,B,H,A,-,A,A,A,B,A,B,B,B,A,B,-,B,B,B,A,A,A,A,A,A,A,B,A,B,A,B,B,A,A,A,A,B,-,A,A,A,A,B,A,B,A,A,B,A,B,-,A,A,B,B,B,A,H,A,B,B,A,B,A,B,A,B,A,B,B,A,A,B,A,B,A,B,A,A,-,A,A,-,B,B,B,A,B,A,B,A,A,A,B,A,B,A,B,-,A,-,B,B,A
M02_030,B,B,A,B,A,A,B,A,A,B,B,B,B,B,A,A,B,A,B,B,A,B,B,A,H,B,A,B,B,B,B,B,A,B,-,-,A,B,B,B,B,B,B,B,A,B,B,B,B,B,A,A,A,A,B,A,A,B,B,A,B,B,A,A,B,B,B,A,A,B,A,A,B,A,B,B,A,B,A,B,A,A,B,A,B,A,A,B,A,A,-,B,B,B,A,B,A,B,A,H,B,B,B,B,B,A,A,A,A,B,B,B,B,B,A,A,A,A,B,B,B,B,B,A,B,A,A,A,A,A,A,-,B,A,A,B,A,B,B,A,A,-,-,A,B,-,B,B,A,A
M02_031,A,A,B,A,B,A,A,B,B,A,A,B,A,A,B,B,B,B,B,B,-,B,B,A,A,B,B,A,B,A,B,B,B,A,B,A,A,A,B,A,A,B,B,B,B,A,B,B,A,A,A,A,B,B,B,B,A,B,A,B,A,B,A,A,A,B,B,A,B,B,B,B,A,A,B,B,B,B,A,B,A,H,A,B,B,A,A,B,B,A,B,B,A,A,B,B,B,B,A,A,A,A,B,B,A,A,B,B,B,B,B,B,A,-,A,B,B,B,A,A,A,A,B,B,B,B,B,B,A,-,B,B,A,A,A,B,A,B,B,A,B,B,A,B,A,A,B,B,H,B
M02_032,B,B,B,B,A,B,A,B,A,B,A,A,B,A,B,A,-,A,B,A,B,A,A,A,A,B,B,B,A,-,A,B,A,B,A,A,A,A,B,A,B,-,B,A,B,B,B,A,B,A,A,A,A,H,A,B,B,B,B,A,B,A,B,B,B,A,A,A,A,A,B,A,B,B,B,A,A,A,A,B,A,B,B,B,A,-,B,A,A,A,A,B,A,B,A,B,B,B,A,A,A,B,B,B,A,B,A,B,A,B,A,-,B,A,B,B,B,A,A,B,A,B,A,A,A,A,A,B,B,A,B,B,B,B,-,A,A,A,B,A,-,A,B,A,A,A,A,A,B,A
M02_033,A,B,A,B,H,A,A,A,B,B,B,B,A,B,B,B,B,B,A,A,B,A,B,-,B,B,A,B,B,B,A,A,A,A,B,B,B,B,B,A,B,A,B,A,A,B,B,B,B,-,B,A,B,B,A,B,B,A,B,B,B,A,A,B,A,B,A,B,B,A,A,B,B,A,B,A,A,B,A,B,A,A,A,B,B,B,A,A,B,A,B,A,B,A,B,A,-,A,A,A,B,B,B,B,B,A,A,-,B,A,A,-,A,B,B,A,A,B,B,A,B,B,A,A,B,A,B,A,B,B,B,A,A,B,A,A,B,-,A,A,B,B,A,A,A,B,A,B,A,H
M02_034,A,B,A,A,B,B,A,B,B,B,A,B,A,A,B,A,A,B,B,A,A,B,A,B,B,A,B,B,A,-,B,B,B,A,A,A,A,A,B,B,B,B,B,A,B,A,B,B,A,B,B,A,B,A,A,B,B,-,B,A,B,B,B,A,B,B,B,B,A,B,B,A,B,A,A,B,A,A,B,A,A,A,A,B,B,B,B,A,B,B,B,B,B,B,A,B,A,A,A,A,A,A,B,B,H,A,B,B,A,B,B,A,B,B,A,A,A,A,B,B,A,B,A,A,A,B,A,A,A,B,H,A,A,B,B,A,B,B,A,B,B,-,-,A,A,A,B,B,B,-
M02_035,A,B,B,A,B,A,B,B,A,-,-,A,A,A,B,B,B,B,B,A,B,A,A,B,A,B,B,A,A,B,B,A,A,B,B,A,A,B,B,H,B,B,A,B,A,B,A,A,B,B,A,B,A,A,B,A,B,A,B,B,A,A,B,B,A,B,-,-,A,A,B,B,B,B,B,B,B,B,B,A,B,B,B,B,B,H,A,B,A,-,B,A,A,B,A,A,B,A,A,B,A,A,B,B,B,B,B,A,A,A,A,B,B,A,B,A,A,B,A,A,A,A,B,B,A,A,B,B,A,A,B,B,A,-,A,-,B,B,A,A,A,B,A,A,A,B,A,A,A,B
M02_036,B,B,B,B,A,-,A,A,B,A,A,A,B,A,B,B,B,A,B,A,A,A,B,A,A,A,A,B,B,B,A,-,B,A,B,-,B,A,A,B,B,A,B,B,A,A,A,A,B,A,A,A,-,A,A,A,B,A,B,A,A,B,A,B,B,B,B,A,A,B,B,B,A,A,B,A,A,A,B,A,B,A,B,B,A,B,A,A,B,A,A,A,A,B,A,B,B,A,A,B,-,A,A,B,B,A,A,B,B,B,B,A,B,A,A,B,A,H,A,B,B,A,-,A,-,A,B,A,A,-,A,B,B,B,A,A,A,B,H,A,A,A,B,B,B,A,B,B,A,B
M02_037,A,A,B,A,B,B,A,B,-,A,A,A,A,A,A,A,B,A,B,B,B,A,B,B,-,-,A,B,A,A,A,B,B,A,B,B,B,B,B,-,A,B,A,A,A,B,B,A,A,B,-,B,A,A,H,A,A,A,B,B,A,A,B,A,B,A,A,B,A,B,A,A,H,A,B,A,B,B,A,B,B,A,B,B,A,A,A,A,B,A,B,A,A,B,B,B,A,A,A,-,A,B,B,A,B,B,B,-,A,A,A,B,B,A,B,-,A,A,B,B,B,A,A,A,B,B,A,B,B,B,B,A,B,A,A,B,B,B,B,B,B,A,B,A,A,A,B,B,B,B
M02_038,A,B,B,B,B,B,B,B,A,B,A,A,B,A,-,A,A,B,A,B,A,A,A,A,B,A,B,B,B,B,A,A,B,B,B,B,A,A,B,-,A,B,A,A,B,B,B,A,A,B,A,B,B,B,-,B,A,A,A,A,B,A,A,B,A,B,A,A,B,A,B,A,A,A,A,A,B,A,A,A,B,B,-,B,A,A,B,B,A,A,H,-,A,B,A,A,A,A,A,B,A,B,A,A,B,B,-,H,A,A,B,H,B,-,B,A,B,-,B,A,A,A,-,B,A,A,A,B,B,A,A,A,B,A,B,A,A,B,A,B,A,B,B,B,A,A,A,B,B,A
M02_039,A,B,A,A,A,B,B,H,A,B,B,A,B,A,A,A,A,B,A,A,A,-,B,B,B,A,A,B,A,A,B,A,A,A,A,B,B,B,B,A,A,A,A,H,B,A,A,A,A,A,B,-,B,A,A,B,B,B,B,B,B,A,B,A,A,B,A,A,A,A,A,A,A,A,H,A,A,B,B,B,A,B,B,B,B,-,B,B,A,B,B,A,H,A,A,B,A,A,A,A,A,A,A,H,H,A,B,A,A,A,B,-,A,A,A,B,B,A,B,A,B,B,A,B,B,A,A,B,A,A,A,B,B,B,B,A,-,B,A,A,A,B,B,B,H,A,B,B,A,B
M02_040,A,B,B,B,-,A,B,A,B,B,B,A,B,B,B,A,A,A,B,B,H,A,A,B,B,B,B,A,B,B,B,A,A,A,B,A,A,A,B,A,B,A,A,B,A,A,A,B,B,A,A,B,B,A,B,B,B,A,A,A,B,B,A,B,B,H,B,H,A,B,B,A,A,-,A,B,A,A,A,A,B,B,A,A,A,A,B,A,A,A,A,A,A,B,B,B,A,A,B,B,H,A,A,B,B,B,B,B,B,B,B,B,A,A,B,A,B,A,A,B,A,A,A,B,A,B,A,B,A,A,A,-,B,A,A,B,A,A,B,B,A,A,B,A,B,A,B,A,-,A
M03_001,B,A,A,B,B,B,A,B,-,B,B,A,-,B,A,B,A,B,A,A,A,B,B,B,A,A,B,B,A,A,B,-,B,B,B,B,A,B,B,A,B,A,B,A,B,A,A,H,B,A,A,A,B,B,B,B,B,A,A,B,B,B,B,B,B,A,A,B,B,A,A,A,A,B,A,B,A,B,A,B,B,B,A,A,A,A,-,B,B,B,A,A,A,B,B,A,A,B,B,B,A,A,B,B,A,B,B,A,A,A,A,B,A,B,H,A,A,B,B,B,A,A,B,B,A,B,A,H,B,A,B,A,A,A,A,A,B,B,A,B,B,B,B,A,A,B,A,A,A,A
M03_002,A,A,A,B,B,A,A,A,A,A,-,B,B,A,A,B,B,B,-,-,A,B,-,H,B,B,A,B,A,A,A,-,B,A,A,B,B,B,B,A,B,A,B,B,A,A,B,A,A,-,A,B,A,B,A,A,B,B,A,A,B,B,H,H,B,A,B,B,A,A,A,A,A,A,B,A,A,A,B,A,B,B,A,A,A,B,B,B,A,H,A,A,B,B,A,A,A,A,A,B,B,B,B,B,B,B,A,-,B,B,H,A,B,A,B,A,A,A,B,A,-,A,B,B,A,A,B,B,B,A,A,H,A,A,-,B,B,A,A,A,A,A,H,A,A,B,B,B,A,A
M03_003,B,B,A,B,B,A,B,B,A,B,B,B,A,A,B,A,A,A,A,B,A,B,-,B,A,B,B,A,B,A,B,H,B,B,A,A,A,B,B,A,B,-,A,B,A,B,A,B,A,A,B,B,A,A,-,A,B,B,-,A,B,A,B,A,B,A,B,-,A,B,A,A,A,A,B,B,A,B,B,B,A,B,B,A,A,A,B,-,B,A,B,B,B,B,B,A,B,-,B,A,B,B,A,A,H,A,A,A,B,B,B,B,A,B,A,A,A,B,B,A,B,A,A,A,B,B,A,B,A,B,H,A,B,-,A,B,A,A,A,A,-,B,B,A,A,A,B,H,B,A
M03_004,B,B,A,B,A,A,-,-,A,A,A,B,-,-,A,A,A,A,B,B,B,B,A,A,B,A,A,A,A,A,B,B,A,A,B,A,-,-,A,B,B,A,A,A,A,H,B,B,B,B,B,A,A,B,A,H,B,B,-,B,A,H,A,B,B,A,A,H,A,B,A,B,B,A,A,B,A,A,B,A,A,B,A,A,A,B,B,B,A,A,A,A,B,A,A,A,B,B,B,B,A,A,A,B,B,B,B,B,B,B,B,A,B,B,A,B,B,A,B,A,B,B,A,A,B,A,A,-,A,A,B,B,B,B,A,A,A,B,B,B,B,B,A,A,A,A,B,A,B,B
M03_005,A,A,A,A,B,A,B,B,B,B,A,A,A,A,B,B,A,A,A,B,B,B,B,A,A,A,-,B,B,B,B,A,A,B,B,A,B,B,A,B,A,B,B,H,A,-,A,A,B,B,A,A,A,A,A,A,-,A,B,B,A,B,B,B,A,A,B,B,A,A,A,A,B,A,A,B,A,-,B,A,-,B,A,A,B,B,B,A,B,A,B,B,B,B,B,B,A,B,B,A,A,A,B,B,A,B,A,B,A,-,A,A,B,B,A,A,A,B,B,A,B,A,B,B,B,B,B,B,B,A,A,A,B,A,A,A,A,B,B,B,B,B,A,A,B,A,A,B,A,A
M03_006,A,A,A,A,B,B,A,B,A,A,A,B,A,B,B,B,B,B,A,A,B,B,A,A,A,A,A,B,B,A,B,B,A,A,B,B,A,H,A,A,A,A,B,B,A,B,B,-,B,A,B,A,B,A,B,B,A,A,A,B,A,B,A,A,A,A,B,B,A,B,A,B,-,B,B,A,B,A,A,A,A,A,A,A,A,B,B,A,A,A,B,B,A,A,A,A,B,B,A,B,A,A,B,B,A,A,B,B,A,A,A,B,B,A,B,B,A,A,B,B,B,B,A,-,B,A,B,B,B,A,B,B,B,A,A,A,-,A,-,B,-,B,A,B,A,A,B,B,B,A
M03_007,B,A,A,B,B,B,B,B,B,B,B,B,H,A,B,B,A,B,A,-,B,A,-,B,A,A,A,B,B,B,A,B,B,A,B,B,B,A,-,A,A,B,A,B,A,A,B,A,B,A,A,B,B,A,A,B,B,B,A,H,A,A,-,A,A,A,A,B,B,A,B,B,B,A,H,B,A,A,A,B,A,-,A,B,A,B,B,A,A,A,B,B,A,A,A,B,B,B,-,A,B,A,B,A,A,B,H,B,A,A,B,B,B,A,B,-,B,B,A,B,B,B,B,B,B,A,A,A,A,A,A,A,A,A,A,B,B,A,B,B,A,B,B,B,A,B,A,B,H,B
M03_008,-,A,H,-,A,B,A,A,B,A,B,A,A,B,A,B,B,B,B,B,A,B,A,B,B,B,B,B,B,B,A,A,A,B,A,A,A,B,B,A,A,A,A,A,B,H,A,A,A,A,A,A,A,B,B,B,A,B,B,A,A,B,A,A,B,B,A,B,B,A,B,A,A,B,A,A,A,B,B,A,B,A,B,A,B,H,B,A,B,A,B,A,A,A,A,B,B,B,B,B,A,A,A,A,-,A,A,A,B,A,B,B,B,A,A,A,A,A,B,B,B,A,A,-,A,B,B,A,A,A,A,A,A,A,B,B,A,B,B,B,B,A,A,B,B,B,H,B,A,A
M03_009,A,-,B,B,B,B,-,B,A,B,B,A,A,B,A,A,A,B,B,A,A,H,B,B,A,-,-,B,A,A,A,A,B,A,B,B,A,B,B,B,A,A,A,B,B,B,A,A,B,A,B,A,A,A,A,A,-,A,A,A,B,A,B,-,B,B,A,B,B,B,A,-,A,B,B,A,B,B,A,B,B,A,B,A,B,B,B,A,A,A,B,A,B,A,A,A,B,B,A,A,B,A,B,B,B,B,B,B,B,-,A,A,A,-,B,A,-,A,-,B,B,A,B,A,B,A,B,A,A,B,A,A,B,B,A,B,B,A,A,A,B,A,A,B,B,A,B,A,A,B
M03_010,B,A,B,B,A,B,A,H,B,A,A,A,A,A,A,B,A,B,B,A,B,A,A,B,A,B,B,B,B,B,-,A,-,A,-,A,B,A,B,A,A,A,A,B,A,-,B,A,A,A,H,B,A,A,A,A,B,B,A,B,-,A,A,A,B,A,A,B,B,B,B,A,B,B,B,B,A,B,A,A,A,B,A,-,A,B,A,B,B,-,A,B,B,B,A,B,A,B,B,A,B,B,B,A,A,B,A,A,H,A,B,A,A,B,B,-,B,B,A,A,A,B,A,A,A,A,A,B,A,B,B,A,B,A,B,H,B,B,A,A,B,A,A,A,B,A,B,A,A,B
M03_011,A,B,A,A,A,B,B,B,A,B,B,B,B,B,A,B,A,B,A,A,A,A,A,B,B,B,B,A,B,A,B,A,A,A,A,A,A,B,B,A,A,B,A,B,A,B,B,B,B,A,A,B,B,A,B,A,A,B,A,B,A,A,B,-,A,-,A,A,B,B,A,A,B,B,B,B,A,A,B,B,A,-,A,B,A,A,B,A,A,A,A,A,B,B,A,A,-,A,A,B,A,A,A,B,A,A,A,B,A,A,B,B,A,A,A,B,A,A,A,A,A,A,B,B,A,A,B,A,B,H,A,A,A,B,B,-,B,A,B,B,B,A,B,B,B,B,B,B,B,B
M03_012,-,A,A,B,B,B,A,A,A,A,B,A,B,B,A,B,A,A,B,B,-,A,A,A,B,B,A,B,A,A,-,B,B,B,B,A,B,H,A,-,B,A,B,A,B,A,B,A,A,A,B,B,B,B,A,A,B,A,B,B,A,A,B,A,A,A,B,-,A,A,A,B,A,-,B,B,H,B,A,A,A,A,-,B,B,A,B,B,A,B,A,A,B,B,A,A,H,B,B,A,A,A,A,A,A,B,A,B,A,A,A,A,A,B,B,B,A,B,B,A,B,B,B,B,B,B,A,B,B,B,H,A,A,A,A,A,B,A,B,B,A,A,B,B,B,B,B,B,B,B
M03_013,B,A,B,A,B,A,A,A,A,A,B,A,A,A,B,A,-,A,B,A,A,A,B,-,B,A,B,A,A,A,A,A,B,H,A,B,B,B,A,B,A,B,A,A,A,A,B,A,B,A,A,B,H,A,A,B,A,B,B,A,A,A,A,B,B,B,B,A,B,A,-,A,B,B,-,A,B,-,B,B,A,A,B,A,A,B,B,A,A,B,B,B,A,B,B,B,B,A,B,A,A,B,B,B,B,A,B,A,B,A,B,A,B,B,A,B,B,B,B,A,A,A,A,A,B,A,A,A,B,B,A,B,A,H,B,A,B,B,-,B,A,A,A,A,-,B,A,A,B,B
M03_014,H,B,B,B,B,B,A,A,B,A,A,B,B,A,B,B,B,-,B,B,A,B,B,B,B,A,B,A,A,A,A,B,A,A,B,A,A,A,A,A,A,B,A,A,B,A,B,B,A,B,A,A,B,A,B,B,A,B,B,H,B,B,A,B,-,A,B,A,B,A,B,A,A,A,B,A,B,A,A,A,A,B,B,A,B,B,-,A,B,A,A,A,B,A,A,A,A,A,B,A,B,A,B,B,-,B,B,B,A,H,B,B,B,A,B,B,B,A,B,A,B,A,-,B,A,B,B,-,A,B,A,B,B,A,A,A,-,A,A,B,-,A,A,B,B,B,B,B,B,B
M03_015,B,B,A,A,B,A,B,A,B,A,B,B,A,B,A,A,A,A,H,A,B,A,B,A,B,B,B,A,B,A,A,A,-,A,-,A,A,A,B,B,A,B,B,A,B,B,B,A,A,A,B,B,A,A,B,B,B,B,B,A,A,-,B,A,B,A,A,B,A,A,B,A,B,B,B,B,A,B,A,A,A,A,B,A,B,A,A,B,A,B,A,A,A,B,A,A,A,B,B,B,A,B,B,B,-,B,A,B,B,A,A,B,A,-,A,A,A,A,A,A,B,H,A,B,B,B,B,A,A,A,A,-,A,B,B,B,B,A,B,-,B,B,B,A,B,A,A,B,A,H
M03_016,A,B,A,B,B,B,A,B,A,A,A,B,A,B,B,A,B,A,B,A,B,A,A,A,A,A,A,A,B,B,B,B,B,B,A,B,A,B,B,A,B,A,A,A,B,B,B,A,B,B,A,B,A,A,A,B,A,A,A,A,A,A,B,A,B,B,A,A,B,A,A,A,B,B,H,B,A,A,A,A,A,A,A,A,A,B,B,H,A,A,A,A,A,B,H,A,A,A,A,A,A,A,A,A,A,A,H,A,B,B,B,B,B,B,A,A,H,B,B,B,B,B,B,B,B,-,B,B,A,A,B,B,A,A,B,B,B,B,A,A,A,B,A,B,-,B,-,A,B,A
M03_017,A,A,A,B,B,A,A,B,B,A,B,B,B,A,B,B,B,B,B,A,B,B,B,A,A,B,B,A,B,A,H,B,A,B,B,A,B,A,B,A,A,A,A,B,A,A,B,-,B,B,B,A,A,B,A,A,A,A,B,B,B,B,A,A,H,A,A,B,B,A,B,H,A,B,A,B,B,B,A,A,A,B,A,A,A,A,A,B,A,A,-,B,A,A,B,A,B,A,A,A,B,B,A,B,A,A,B,A,B,B,B,B,A,A,A,A,B,A,B,A,B,B,B,A,B,A,A,A,B,A,B,H,A,A,B,A,B,A,B,A,A,B,A,A,A,A,B,B,B,B
M03_018,A,A,B,B,A,A,B,B,B,A,B,A,A,B,A,A,H,B,B,A,A,-,B,B,A,A,H,B,A,A,A,A,A,A,B,A,-,A,B,A,B,H,B,B,A,B,-,H,A,H,A,-,A,A,-,B,B,B,B,B,A,B,B,B,B,B,A,A,B,B,B,A,A,B,A,B,A,A,B,A,B,B,A,B,B,A,A,A,B,B,B,B,B,B,B,A,B,B,B,B,A,B,A,B,-,B,B,B,A,H,B,B,A,B,A,-,A,B,B,A,B,B,A,B,A,A,A,B,A,B,B,A,B,A,-,A,A,B,B,A,B,A,B,B,A,A,-,A,A,B
M03_019,H,A,B,B,-,B,B,A,A,A,A,A,B,A,-,A,B,B,A,A,B,A,A,A,B,B,B,B,B,B,B,A,A,B,B,A,A,B,B,-,B,B,B,A,A,A,A,B,A,H,A,A,B,B,A,B,B,B,B,A,B,B,A,A,B,A,A,H,A,A,B,B,A,B,B,B,A,A,A,B,B,B,B,B,-,B,B,B,A,B,A,A,B,B,A,B,A,A,A,B,B,B,B,A,A,B,A,B,B,B,A,A,-,A,B,A,A,A,A,B,A,A,A,A,A,A,B,B,B,B,A,B,B,A,B,A,A,B,A,A,A,A,A,B,B,B,A,H,B,-
M03_020,B,B,B,A,A,B,B,B,B,B,A,B,A,B,B,A,B,A,A,A,A,A,A,-,-,B,A,B,B,A,B,A,B,A,A,B,A,A,B,B,B,A,A,B,A,A,B,A,A,A,A,-,A,A,-,B,A,B,A,A,A,B,B,B,A,A,B,A,B,B,B,B,B,B,B,A,B,A,A,A,A,B,B,A,A,B,B,B,A,B,A,A,A,A,A,-,A,A,A,A,B,A,B,A,B,-,B,B,-,-,B,B,B,-,A,B,A,A,A,B,H,B,A,A,A,B,B,A,B,B,A,A,H,A,B,A,B,B,B,B,B,B,A,A,B,B,A,A,B,A
M03_021,B,B,B,A,A,-,A,B,B,A,A,A,H,A,B,B,B,B,A,B,A,B,A,B,A,B,A,B,A,A,B,B,A,B,B,B,A,A,B,A,B,A,A,B,B,B,A,A,A,B,B,B,A,B,A,B,A,B,A,A,A,A,A,A,A,B,A,B,A,B,B,-,B,A,B,B,A,A,A,A,B,A,A,A,A,A,B,A,B,A,A,B,A,A,B,B,A,B,B,A,A,A,A,B,B,B,A,A,B,A,B,B,B,A,A,B,B,B,A,B,B,A,B,B,A,A,B,A,B,A,A,-,B,A,B,A,A,A,A,B,B,H,B,A,B,H,B,-,B,A
M03_022,B,B,B,A,B,B,A,B,A,A,A,B,A,B,A,A,A,A,B,B,-,A,B,A,B,-,-,A,B,A,A,A,B,B,-,B,A,B,A,B,B,A,-,A,A,A,B,B,A,B,B,B,A,A,A,A,B,B,A,A,B,B,B,-,-,B,B,A,A,A,B,B,H,B,A,A,A,A,B,B,A,B,B,A,A,A,A,B,A,A,H,B,A,B,-,A,B,A,B,A,A,B,A,B,B,B,B,A,B,B,B,B,B,A,B,A,A,B,A,A,A,B,A,B,A,A,A,B,A,B,-,B,B,A,B,B,B,B,B,H,A,B,B,B,-,B,-,A,B,A
M03_023,H,A,A,A,B,A,B,B,B,A,H,B,A,A,A,B,A,A,B,B,-,B,A,B,A,B,B,A,B,A,A,B,B,B,B,B,A,A,A,A,-,A,A,A,B,B,A,B,A,B,A,A,B,B,A,B,B,B,A,A,-,A,A,A,B,A,B,A,A,A,A,B,B,A,A,B,B,B,B,A,B,A,A,B,B,B,A,A,A,B,A,B,A,B,B,A,A,B,B,B,B,A,B,A,B,A,B,A,A,A,B,B,B,A,B,B,A,A,A,A,A,B,A,B,B,B,B,A,B,A,B,B,B,B,A,A,B,A,B,A,B,A,B,B,A,-,A,A,A,A
M03_024,B,A,H,B,A,A,B,A,B,B,A,B,-,A,B,B,B,B,B,-,A,B,B,-,-,-,B,B,B,A,B,A,B,B,B,B,B,A,A,B,B,A,B,A,A,B,A,A,A,B,B,-,A,B,B,B,B,A,A,A,A,B,B,B,A,A,A,A,A,B,A,H,A,B,B,A,B,B,B,-,A,B,B,-,A,B,A,B,B,B,A,A,A,B,-,B,B,A,A,B,B,A,A,A,A,-,B,B,B,B,B,A,-,A,A,A,B,A,A,A,B,B,B,A,A,B,A,B,B,B,B,A,A,B,A,A,A,A,A,A,B,-,B,B,A,A,A,B,B,A
M03_025,A,B,B,B,A,A,B,B,B,B,B,B,A,A,B,A,B,B,H,A,A,B,B,B,A,A,B,B,B,-,A,A,B,B,A,A,B,A,B,-,A,A,B,A,A,B,B,B,A,A,A,A,B,A,B,A,A,H,A,A,A,A,A,A,B,B,B,A,B,A,B,B,A,B,B,B,A,B,B,A,B,A,A,B,B,B,B,A,A,B,A,B,B,A,A,B,B,B,B,B,A,A,A,A,A,A,A,A,B,B,A,B,A,B,A,B,A,B,A,B,A,A,B,A,B,A,A,B,-,A,B,B,B,A,B,A,A,B,A,A,A,B,B,B,A,B,B,A,A,A
M03_026,A,B,A,A,B,B,B,A,A,A,A,A,B,A,A,A,B,-,B,A,A,A,A,B,B,-,B,B,A,H,A,B,A,A,B,A,A,A,A,B,B,A,A,B,A,A,A,B,A,A,B,A,B,A,A,A,A,B,B,A,A,A,B,B,-,B,B,B,A,A,A,B,B,B,A,-,A,B,A,A,B,A,A,A,B,B,B,B,B,B,B,B,A,A,A,B,B,B,A,A,A,B,A,B,A,A,B,A,A,B,A,-,B,A,B,A,B,B,B,A,A,A,B,B,A,B,A,A,A,A,A,B,A,A,B,A,B,A,B,B,A,B,B,B,A,A,-,B,A,A
M03_027,A,A,A,A,A,A,B,A,A,-,B,B,B,A,B,A,A,B,B,B,B,B,A,A,A,B,A,B,-,A,A,A,B,A,-,A,A,A,A,B,A,A,B,-,A,-,A,B,B,B,-,A,A,A,A,B,B,A,B,A,B,B,B,A,B,A,B,A,A,B,B,A,B,B,B,B,A,-,A,A,B,B,B,B,B,A,H,A,B,B,B,A,B,B,B,A,B,B,B,B,A,A,A,A,B,A,A,A,B,A,A,A,A,-,A,B,H,B,H,B,A,B,A,A,B,B,-,B,A,B,A,A,B,A,B,B,A,B,B,A,A,B,A,B,A,B,B,A,B,B
M03_028,B,B,B,-,B,B,A,H,A,A,A,A,A,A,A,B,A,A,A,A,A,B,B,B,B,A,A,A,B,A,B,A,A,H,B,B,B,B,B,B,A,B,B,A,B,B,B,A,A,B,B,A,B,A,B,A,A,B,A,A,A,A,A,H,B,B,B,A,A,A,B,-,A,A,B,B,B,A,B,A,B,B,B,A,A,A,A,B,B,A,A,A,B,B,A,A,B,B,A,B,B,B,B,A,B,A,A,A,A,A,B,B,B,A,A,B,A,H,A,B,A,B,B,B,H,A,B,A,B,A,B,B,A,A,A,B,A,B,B,B,B,A,B,B,H,B,B,A,B,B
M03_029,B,B,A,B,H,A,B,A,B,A,B,A,B,A,A,B,A,-,H,B,B,A,A,B,A,-,A,B,A,B,A,A,B,A,B,B,A,B,A,B,B,B,A,A,B,A,A,-,B,A,-,A,A,-,A,-,B,A,A,B,A,B,B,B,A,B,B,B,B,A,A,B,B,B,B,A,A,B,A,B,A,B,B,A,A,B,H,B,A,A,A,A,B,B,A,A,A,B,B,B,A,B,A,A,B,B,A,A,A,A,-,B,A,A,A,B,A,B,A,B,B,B,B,B,B,A,A,A,-,B,-,B,B,B,B,B,A,A,B,A,A,B,B,B,A,B,A,A,B,A
M03_030,A,-,A,B,B,H,A,B,A,B,A,A,B,A,A,A,-,A,A,A,B,B,A,A,A,A,A,-,B,B,A,B,-,B,B,A,A,B,A,A,A,A,B,A,A,A,A,B,A,B,B,B,A,A,B,B,A,A,B,B,A,B,B,B,B,A,B,B,B,A,B,A,A,B,B,B,A,B,A,B,A,B,B,A,A,B,B,B,B,A,A,-,A,B,A,B,B,B,B,A,B,A,A,B,A,H,B,B,A,B,A,B,A,B,A,A,A,A,B,A,A,B,A,A,B,A,A,-,A,B,A,B,A,-,A,B,B,B,H,A,A,A,A,A,A,A,A,-,A,B
M03_031,A,B,B,A,A,A,-,A,A,A,B,A,B,B,B,B,A,B,B,-,A,B,B,B,B,B,A,B,A,B,B,B,A,A,A,B,B,A,B,B,A,A,B,B,B,B,H,A,B,A,A,A,A,B,B,A,B,B,B,B,-,B,B,B,B,B,B,B,H,A,A,A,B,B,-,H,B,B,A,-,B,B,B,B,A,B,A,A,A,A,A,B,B,A,B,A,A,B,B,B,A,-,B,B,A,B,B,H,A,B,A,B,-,A,B,A,A,A,A,B,B,B,A,B,A,B,B,B,B,A,A,-,A,A,A,B,B,-,A,B,B,A,B,B,B,B,B,A,A,A
M03_032,A,A,A,B,B,B,B,A,A,A,B,A,B,B,A,A,B,B,B,A,B,A,H,B,B,A,B,A,A,A,B,B,A,B,A,A,A,B,B,B,B,A,B,A,B,B,B,A,-,A,B,A,A,B,B,A,B,B,B,A,B,A,B,B,B,B,A,A,A,A,A,A,B,B,B,B,A,A,B,B,B,A,A,B,B,B,B,B,B,B,B,B,B,B,A,B,B,A,B,A,B,B,A,A,-,B,A,B,B,B,A,B,A,B,B,A,B,A,B,B,B,B,B,B,B,A,B,B,A,A,A,A,A,B,B,-,A,B,B,B,-,A,B,B,A,A,A,A,A,B
M03_033,B,B,B,B,B,B,A,B,B,A,B,B,B,A,-,A,A,A,B,B,A,B,A,A,B,A,B,A,-,B,B,A,-,B,B,A,B,B,A,B,B,B,B,B,B,B,B,B,A,A,B,A,B,B,B,H,B,A,B,-,A,A,A,A,A,B,B,A,A,B,B,B,A,B,B,B,A,A,A,A,B,B,B,B,-,A,B,B,A,A,B,B,A,B,B,-,A,A,B,B,A,A,-,A,B,B,A,A,B,A,B,B,B,A,A,A,-,A,B,B,B,A,B,B,A,B,A,A,A,-,B,-,A,-,-,A,A,A,B,B,B,A,A,A,A,A,B,B,A,-
M03_034,B,A,B,B,B,A,A,A,B,B,B,B,B,B,B,B,B,A,B,A,A,B,B,B,A,B,A,B,A,B,B,A,B,B,A,A,-,A,B,B,A,A,B,A,A,A,B,B,B,A,B,B,B,A,B,-,A,A,B,B,B,B,B,A,A,B,A,A,B,B,A,A,A,A,B,A,B,B,B,A,B,A,A,B,A,B,A,A,B,B,B,B,A,B,A,B,B,B,B,A,B,A,A,A,B,A,A,B,B,A,A,B,B,-,B,B,B,B,B,B,A,-,B,A,B,A,A,A,B,B,A,B,A,B,B,B,B,A,B,B,A,B,B,A,B,B,B,A,A,A
M03_035,B,B,B,A,A,B,B,B,B,B,B,B,A,B,B,A,A,A,B,-,A,B,A,B,A,B,A,A,A,B,B,A,B,A,H,B,B,B,B,B,B,B,B,B,B,B,B,A,A,A,B,A,H,B,B,A,B,B,B,A,B,B,B,B,B,B,B,B,B,A,A,A,A,A,A,B,A,A,B,B,B,B,A,A,A,A,A,H,A,A,A,B,A,A,A,A,A,B,A,B,B,B,A,A,A,B,B,A,B,B,B,A,B,A,B,-,A,B,B,A,A,B,B,B,B,A,B,B,B,A,B,B,B,B,B,B,A,A,B,B,A,B,A,A,B,B,A,B,B,B
M03_036,A,B,A,-,B,B,A,B,B,-,B,A,B,A,B,A,A,B,A,A,-,B,B,A,A,A,B,B,A,A,A,A,A,B,A,B,B,A,B,B,-,-,A,B,B,B,B,B,B,B,A,B,A,A,B,A,A,B,A,A,B,B,B,B,B,B,-,B,B,A,A,A,B,-,B,B,B,A,B,A,B,B,A,B,A,H,A,A,A,A,B,B,B,A,A,B,A,B,-,A,B,B,B,A,A,A,A,A,B,B,B,A,-,A,B,B,B,H,B,A,A,A,A,B,A,B,A,A,B,A,B,B,A,B,A,B,B,A,B,A,B,B,B,B,A,H,A,B,A,H
M03_037,B,B,A,B,B,B,A,A,A,A,A,A,A,-,A,B,B,A,B,B,B,A,A,B,A,A,A,A,H,A,B,H,B,A,A,A,A,B,A,B,B,B,B,A,-,A,A,B,A,A,H,A,B,A,A,B,B,A,A,A,A,A,-,A,A,B,A,A,H,A,B,A,A,A,A,A,A,B,B,A,B,B,B,A,B,A,A,B,B,B,B,A,B,A,A,B,A,B,A,B,A,A,B,A,B,B,B,B,A,B,A,A,A,B,B,B,B,B,B,A,-,B,A,B,A,B,B,B,B,B,B,A,A,B,B,B,A,B,B,A,B,B,B,H,A,B,B,B,B,B
M03_038,A,A,A,B,B,A,A,A,B,B,B,B,B,A,B,B,B,B,B,B,B,H,B,A,A,B,A,A,-,B,B,A,A,B,A,A,B,B,A,B,A,B,A,A,B,B,A,A,B,B,A,B,A,B,A,A,A,A,A,A,A,A,B,A,B,A,A,B,B,A,A,B,B,H,A,A,B,B,B,B,B,B,A,B,A,A,A,A,A,B,A,B,A,A,B,B,A,B,-,H,A,A,B,B,A,B,A,B,A,B,B,A,B,H,B,A,B,B,B,B,-,B,B,A,B,B,B,A,B,A,B,B,B,-,B,B,A,B,B,B,A,A,B,A,-,B,A,B,-,B
M03_039,-,A,A,B,-,B,B,A,B,A,A,B,B,B,A,A,A,A,A,B,B,A,A,-,B,B,A,A,B,B,A,B,A,A,B,A,B,A,A,A,A,A,-,B,A,A,H,A,A,A,B,A,B,A,A,A,B,B,A,A,B,B,A,B,A,A,A,B,A,B,B,B,A,A,B,B,B,A,A,B,A,B,A,A,A,A,A,B,A,A,B,A,A,B,-,A,A,B,A,B,B,B,A,A,B,A,A,B,A,A,B,A,A,A,B,A,A,B,B,A,B,A,B,A,A,B,A,A,A,B,A,A,A,A,A,A,A,A,B,B,B,A,B,A,H,A,A,A,A,B
M03_040,B,H,B,A,A,H,B,B,A,B,B,A,A,A,B,A,A,A,B,A,A,B,B,A,-,-,A,A,B,A,A,B,A,B,A,B,A,B,B,B,A,B,B,B,A,B,A,B,B,A,A,A,B,A,A,-,A,A,B,A,A,A,B,B,A,A,A,B,A,-,A,B,B,B,A,B,A,A,A,B,-,B,B,A,B,B,B,A,B,B,-,A,B,-,-,A,A,B,-,A,B,B,A,A,B,B,A,B,A,B,A,-,A,A,B,-,B,A,A,A,A,B,A,B,B,A,B,A,A,B,A,A,B,A,B,-,A,B,B,A,A,B,A,B,B,B,B,B,B,B
M04_001,B,A,A,B,B,A,A,B,B,A,B,H,B,B,A,B,B,B,A,A,A,A,B,B,B,B,A,B,B,B,-,B,B,A,B,B,A,B,B,B,B,B,A,A,B,B,-,A,A,B,A,B,B,B,A,B,B,A,A,-,A,B,B,H,B,B,A,B,B,B,B,B,B,-,A,B,B,A,A,B,A,A,B,B,B,A,A,A,A,A,-,B,A,A,B,B,A,B,A,A,A,B,A,A,A,B,A,A,A,A,B,A,A,B,-,A,A,B,B,B,-,B,B,B,A,A,B,H,A,B,B,A,A,B,A,B,B,B,A,-,A,A,B,A,-,A,-,A,B,-
M04_002,B,B,A,A,A,A,B,A,A,B,B,-,B,B,B,A,H,B,A,A,B,B,A,A,B,B,A,A,B,A,B,A,A,A,A,A,A,B,A,B,A,B,A,A,B,B,B,B,B,A,B,B,H,B,A,A,B,B,B,B,A,A,A,B,B,A,B,A,A,B,A,B,-,B,A,A,B,B,B,A,A,B,B,A,A,B,A,A,A,A,B,A,A,A,A,B,A,B,A,A,-,-,B,-,B,A,A,A,B,A,A,A,A,B,B,B,-,B,-,B,A,A,B,B,B,B,A,A,A,-,B,-,A,A,B,B,A,B,-,A,B,A,A,A,B,B,A,B,A,B
M04_003,B,A,A,B,A,B,B,B,A,A,A,B,A,A,B,B,A,H,B,A,A,B,B,A,A,A,B,A,A,B,B,B,A,A,A,B,B,A,A,B,B,A,B,B,B,B,B,B,B,A,A,B,B,B,A,B,A,B,A,A,A,B,A,A,A,A,B,A,A,B,B,B,B,B,A,H,B,B,B,B,A,A,B,B,A,B,B,A,B,-,A,B,A,A,A,B,-,A,B,A,B,B,H,B,A,A,B,B,A,B,A,B,B,H,B,B,A,B,B,B,B,A,B,B,A,-,B,A,-,A,B,B,A,B,B,A,A,B,A,B,A,A,B,A,B,A,A,A,A,-
M04_004,A,-,B,A,B,A,A,B,-,B,A,B,B,-,A,B,B,A,A,A,B,B,A,A,B,B,B,A,B,B,A,H,B,B,B,A,A,A,B,A,-,A,B,B,B,B,H,A,A,A,B,A,B,A,B,B,B,B,A,A,B,A,B,B,B,A,-,A,A,A,-,A,A,B,A,B,A,A,B,B,A,A,A,A,B,B,A,B,A,B,B,B,-,B,A,B,A,A,B,A,B,B,B,B,A,H,A,B,B,B,B,B,A,A,A,B,B,B,B,B,A,A,A,B,A,B,B,A,A,A,A,B,A,B,B,A,B,B,B,A,A,A,A,B,B,B,A,A,B,A
M04_005,A,B,A,B,A,B,B,A,B,B,B,A,B,A,B,B,B,B,A,A,B,B,A,A,B,B,A,A,B,B,B,A,B,B,A,B,B,A,B,-,B,-,A,A,B,B,A,-,A,B,A,A,B,B,B,B,B,-,B,B,-,B,A,B,A,B,B,H,B,B,A,H,A,B,A,B,B,B,B,B,A,B,B,A,A,A,B,A,A,A,B,B,B,B,A,A,B,A,A,B,A,B,A,B,A,A,-,B,B,A,B,B,B,B,A,B,B,A,A,B,B,B,H,B,A,A,A,A,A,B,B,-,B,-,B,B,A,A,B,A,B,A,B,H,A,B,A,A,A,B
M04_006,A,B,A,A,-,A,A,A,B,B,A,A,A,A,B,B,B,A,B,B,B,B,B,B,A,B,A,B,-,B,A,A,A,B,B,B,A,B,H,A,B,B,B,B,A,B,B,B,B,B,B,B,A,A,A,B,H,A,A,B,B,B,A,A,B,A,A,A,A,A,-,A,A,B,-,B,B,B,B,B,B,B,A,B,B,B,A,A,B,A,B,B,B,B,B,B,B,B,H,B,B,A,A,A,A,B,A,B,-,A,A,B,A,A,B,A,A,B,A,A,A,A,B,A,B,B,A,H,A,A,-,A,B,A,B,-,A,B,B,A,A,A,B,B,A,B,B,B,A,A
M04_007,A,B,B,A,A,A,B,B,B,A,A,B,H,B,B,B,A,B,B,H,A,A,B,A,A,A,B,B,A,B,A,B,B,B,A,B,B,B,A,A,B,A,A,B,A,H,-,B,B,B,B,A,B,B,A,B,A,B,A,B,B,A,B,A,A,-,A,A,B,A,B,A,B,B,A,B,B,B,A,A,B,B,A,A,B,B,B,A,A,A,A,A,B,B,B,A,A,A,A,B,A,A,A,A,B,A,B,B,A,A,B,B,A,A,A,A,A,A,A,A,A,B,B,B,A,B,A,B,A,A,B,B,B,A,-,A,B,B,B,A,-,A,A,B,B,A,A,A,A,A
M04_008,A,A,B,B,A,H,B,A,A,B,-,B,B,A,A,A,A,A,A,A,A,A,A,A,A,B,B,A,A,B,B,B,A,B,B,B,A,B,B,-,A,B,A,A,B,A,B,B,A,B,B,A,B,A,A,A,A,A,H,B,B,A,B,A,A,A,A,A,B,B,A,A,A,B,B,B,B,A,H,A,A,B,A,B,A,B,A,A,B,B,B,B,B,B,A,A,A,B,A,B,B,B,-,A,B,-,A,A,A,A,B,A,B,A,B,B,A,A,A,-,B,B,A,A,A,A,B,A,B,B,B,A,B,H,B,B,B,B,A,B,B,H,B,A,B,B,A,A,B,A
M04_009,A,A,B,A,A,B,B,H,-,B,A,B,B,A,B,A,B,A,B,A,A,H,B,B,A,A,B,B,A,B,A,A,A,B,B,A,B,-,B,B,B,A,B,B,-,H,B,-,B,B,B,A,A,A,A,A,B,A,A,A,A,H,A,A,B,B,A,B,B,B,B,H,A,A,A,A,B,B,-,A,A,B,B,B,B,B,B,A,B,B,B,H,B,B,B,A,B,B,A,B,B,B,H,A,B,B,A,A,B,B,B,B,A,A,A,B,A,H,H,H,A,B,-,A,A,-,A,B,A,A,A,B,B,B,B,B,B,B,B,A,B,B,B,B,-,B,A,B,B,H
M04_010,A,A,-,A,B,B,-,B,A,A,A,B,B,B,-,A,B,A,B,A,A,B,A,B,B,-,B,B,A,B,B,A,B,B,B,B,A,B,A,A,B,B,A,B,H,B,B,-,A,A,B,B,B,B,-,A,A,A,B,A,B,A,B,A,B,A,A,B,A,B,B,B,B,A,B,A,A,A,A,B,B,A,A,A,A,B,A,A,B,B,B,B,A,A,A,A,B,B,A,A,A,B,A,A,-,A,A,A,A,A,A,B,B,B,B,A,B,A,A,A,A,B,A,A,A,A,A,A,A,B,A,A,B,H,A,A,B,A,B,A,B,H,B,A,A,A,B,B,A,B
M04_011,-,A,B,A,A,A,B,B,B,B,B,A,H,-,B,B,B,A,A,B,B,B,A,A,B,B,B,A,B,B,B,A,A,-,A,B,A,B,A,A,B,B,A,A,H,A,B,A,B,B,B,A,B,A,B,B,B,A,B,A,A,A,A,A,A,B,A,B,-,B,A,B,B,A,B,A,-,A,A,A,B,B,B,B,A,B,B,B,B,B,B,A,A,A,A,A,H,A,B,B,A,A,B,B,H,A,B,A,B,B,A,A,A,A,B,A,B,A,B,B,B,B,A,B,A,A,A,B,B,B,A,A,B,B,-,B,A,A,A,A,-,B,B,A,B,B,A,B,B,A
M04_012,A,A,B,A,B,B,A,B,B,A,B,A,A,-,B,B,A,A,A,B,B,B,B,B,A,A,B,B,A,B,B,A,B,B,A,B,A,A,B,A,A,A,A,A,B,A,-,B,A,B,B,-,A,B,B,A,A,A,A,B,A,A,A,A,A,A,-,B,-,A,B,A,B,A,A,B,A,A,B,B,B,A,B,A,A,B,B,B,B,A,A,A,-,A,B,B,B,B,B,B,B,A,A,B,H,A,A,B,B,-,B,B,B,A,A,A,A,A,B,A,B,B,A,H,B,B,A,B,A,B,A,B,A,A,B,B,A,A,B,B,A,B,B,A,B,B,B,A,B,-
M04_013,B,A,A,B,A,B,-,A,B,B,A,H,B,A,B,A,B,B,A,B,B,A,B,B,A,-,A,A,B,B,B,A,B,B,A,A,B,A,A,B,-,B,B,B,B,A,A,A,A,A,A,A,A,B,A,B,A,B,B,B,B,B,A,H,B,B,A,B,B,B,B,A,A,A,A,A,A,A,B,A,B,B,B,A,B,B,H,B,B,B,A,A,B,A,A,B,A,B,B,A,A,A,A,A,A,A,A,B,B,B,B,A,B,A,A,B,A,A,B,B,-,A,B,B,A,B,B,A,B,-,A,B,A,B,B,A,B,B,A,A,A,B,B,B,A,B,A,A,A,A
M04_014,B,B,B,B,A,H,B,B,A,B,B,A,B,B,A,-,B,A,B,B,A,B,B,B,B,B,A,A,-,-,B,A,B,A,A,B,A,B,A,B,B,B,A,B,B,B,A,A,A,A,B,A,A,B,A,B,B,A,B,A,A,A,A,A,A,B,B,B,-,A,A,-,A,B,B,A,A,A,A,A,B,A,B,A,A,B,B,A,B,A,A,B,B,A,A,B,A,A,B,B,A,B,B,A,B,B,A,A,B,B,A,B,B,B,B,A,A,B,A,B,A,A,A,B,B,B,A,A,B,A,B,B,A,B,A,B,A,A,B,B,B,B,B,A,B,B,A,B,B,A
M04_015,B,A,A,A,-,A,B,B,B,A,B,B,B,B,B,B,A,A,A,A,B,B,B,B,B,A,B,A,A,B,-,A,B,A,A,A,A,A,B,A,B,A,B,B,-,B,B,A,B,B,A,A,A,B,A,A,A,B,A,A,-,B,B,B,A,A,A,B,A,B,H,A,A,A,A,A,B,A,A,A,B,B,B,B,B,A,A,A,B,-,A,B,B,-,A,B,B,A,B,B,A,A,A,A,-,A,B,B,B,A,A,A,A,A,B,A,B,A,B,B,A,B,B,B,B,A,A,A,B,H,B,A,B,B,A,A,-,B,B,A,-,B,B,B,B,A,B,A,B,A
M04_016,-,A,-,A,A,B,A,B,B,B,B,B,B,B,A,A,B,A,A,A,A,B,B,H,B,A,A,A,B,A,A,B,B,A,A,B,B,A,A,B,B,B,B,B,A,A,B,B,B,A,B,A,B,A,B,-,A,A,B,B,A,A,A,B,A,A,B,B,A,H,B,B,A,B,-,A,A,B,B,B,A,B,B,A,B,A,B,A,B,B,H,-,A,A,B,B,-,A,B,B,A,A,A,B,B,B,A,B,A,A,H,A,A,H,A,B,B,B,A,A,A,A,B,A,A,B,B,B,A,B,B,A,A,A,B,A,B,B,B,A,A,A,A,B,A,A,A,A,B,B
M04_017,B,A,B,B,A,A,B,B,B,A,A,B,B,B,B,A,B,B,B,A,A,B,B,B,B,B,-,A,A,A,B,-,A,B,B,B,A,B,A,A,A,A,A,B,A,B,A,A,B,B,B,B,B,B,B,B,A,B,A,A,B,A,A,A,B,A,A,B,A,A,A,A,A,A,A,B,B,B,A,A,B,A,B,A,B,A,A,B,B,A,-,A,A,B,B,B,A,A,B,A,A,A,A,A,A,B,B,A,A,A,A,-,H,B,B,A,A,B,B,B,A,B,A,B,B,A,B,H,B,B,A,B,A,A,A,B,A,A,A,B,B,A,B,A,B,B,B,A,B,B
M04_018,B,A,A,B,A,B,A,B,A,A,A,A,B,B,B,B,B,A,A,A,B,A,A,B,B,B,B,B,B,B,B,A,A,A,A,B,A,A,B,B,B,B,B,B,A,-,A,B,B,B,B,A,B,B,A,B,A,A,-,B,A,B,B,B,A,A,A,B,A,A,B,B,B,B,A,A,B,B,B,B,B,B,B,B,A,A,B,A,B,A,A,A,A,A,A,B,A,A,A,B,B,B,A,A,B,B,A,A,A,A,B,B,-,A,B,B,B,A,B,A,A,A,B,A,B,A,A,A,A,A,A,A,A,B,A,B,B,A,B,B,A,B,B,H,B,A,A,B,H,B
M04_019,-,A,A,-,B,H,B,A,B,B,B,A,A,-,A,B,A,A,B,A,B,A,B,A,A,B,B,A,H,B,B,B,A,A,A,B,-,A,A,A,B,B,B,B,B,H,A,A,A,A,B,B,A,B,B,A,B,B,B,B,A,A,A,B,A,A,B,B,B,A,A,A,B,A,B,H,A,A,B,B,B,A,A,B,B,A,B,B,A,B,A,B,B,A,B,B,B,A,B,-,B,B,A,A,B,A,B,B,A,B,A,B,A,A,A,B,A,A,A,A,B,A,-,B,B,A,B,A,B,H,B,B,H,B,A,A,A,A,B,B,A,B,A,H,B,B,B,A,B,A
M04_020,A,B,A,B,B,A,B,A,B,B,A,A,A,B,A,A,B,B,B,B,B,B,A,B,A,A,B,A,B,A,A,B,B,B,B,A,B,A,B,A,B,B,A,B,A,A,B,A,A,B,B,A,B,B,B,B,B,B,A,A,B,H,B,A,B,B,B,B,B,A,B,B,A,A,B,B,A,A,A,A,B,B,B,B,A,A,A,A,A,B,B,B,B,B,B,A,H,A,A,A,B,H,B,B,B,B,B,B,A,A,B,A,B,B,B,A,B,A,B,B,B,B,A,B,A,A,-,B,A,A,B,B,A,B,B,A,B,B,B,B,B,A,B,A,A,A,B,A,A,A
M04_021,B,A,B,A,A,B,B,A,A,A,B,A,B,A,A,A,B,B,A,B,A,B,-,A,B,B,A,B,A,B,A,B,A,A,A,A,B,A,B,A,B,B,H,H,B,B,-,B,B,A,B,A,B,A,B,B,B,B,-,A,A,A,A,A,B,B,B,A,A,B,A,A,A,A,A,A,A,B,-,A,B,B,A,B,A,A,H,B,A,B,B,A,A,A,B,A,B,A,A,B,B,A,-,B,A,A,-,B,A,B,B,A,B,A,A,A,A,B,A,B,A,A,B,B,B,B,A,B,A,B,B,A,A,B,B,A,B,B,A,A,B,A,A,B,B,B,A,B,B,A
M04_022,B,B,B,B,A,B,-,B,H,A,A,A,B,-,B,A,A,A,B,B,B,B,A,A,-,B,A,B,A,A,A,B,A,A,A,A,B,A,A,B,A,A,A,B,B,A,B,B,B,A,A,B,B,B,A,A,B,B,A,-,A,B,B,B,B,A,B,H,B,B,A,B,B,B,A,B,A,A,A,B,A,A,B,B,B,A,B,A,A,A,B,A,A,A,B,B,B,A,A,A,B,A,A,B,A,A,A,A,B,B,-,A,B,B,A,B,A,B,B,B,B,A,B,-,B,A,B,B,A,A,A,B,B,B,A,-,B,A,A,A,B,A,A,A,-,A,-,A,A,A
M04_023,B,B,B,B,A,B,A,A,B,B,B,B,H,B,B,B,A,A,B,A,A,A,A,B,B,B,B,B,B,B,A,A,A,B,B,B,B,A,A,B,A,B,B,B,A,B,B,H,B,B,A,B,B,A,A,A,B,A,A,B,B,A,A,A,A,A,B,B,B,A,B,B,A,A,B,B,A,B,B,B,A,-,A,B,B,A,B,A,B,A,B,A,B,B,B,A,B,A,B,B,B,B,A,B,A,B,B,B,B,A,B,A,B,B,A,A,A,H,A,B,B,A,A,B,A,B,A,A,B,A,B,B,A,A,A,A,-,B,A,A,A,A,B,B,B,A,B,A,B,A
M04_024,B,B,A,B,B,-,A,B,B,B,B,B,B,B,A,B,A,A,B,A,A,A,B,B,B,B,A,A,A,A,A,A,A,B,B,B,B,A,B,A,B,B,B,B,B,B,A,B,A,B,A,A,B,A,B,A,B,B,B,A,A,B,A,A,B,A,A,A,A,-,A,B,A,A,B,A,B,-,A,B,A,A,A,B,A,B,B,A,A,B,B,A,B,A,B,B,B,B,B,-,B,A,B,A,A,A,A,A,B,A,B,A,A,A,A,B,B,A,A,B,-,A,B,A,B,B,A,A,B,A,B,B,A,-,A,A,-,B,B,A,B,A,B,B,-,B,B,H,B,B
M04_025,B,B,B,A,A,B,A,B,A,A,B,B,-,B,B,A,A,A,-,A,A,A,B,B,B,A,B,B,B,B,B,B,B,A,A,A,A,A,B,A,B,B,A,B,A,H,B,A,B,B,A,B,B,A,B,A,A,A,B,B,A,A,A,B,A,B,B,B,A,A,A,B,B,B,A,B,A,A,-,A,B,B,B,A,A,A,A,B,B,A,B,B,A,A,A,B,B,B,A,B,A,H,B,A,B,B,B,A,A,B,B,A,B,A,B,A,A,B,A,B,B,A,A,B,A,B,B,B,B,A,B,H,A,B,B,-,A,B,-,A,A,A,A,B,A,H,A,A,A,A
M04_026,A,B,B,A,A,A,B,B,A,A,B,A,B,A,B,B,H,B,A,-,A,H,B,A,A,B,H,B,A,A,A,B,H,-,B,B,B,B,-,A,B,A,A,B,B,B,A,B,B,A,B,A,A,B,A,A,A,A,A,A,A,A,A,A,B,B,A,B,-,B,A,B,A,A,A,A,B,B,B,A,A,A,A,H,B,B,B,A,A,A,A,B,A,A,B,B,A,B,A,B,A,A,B,A,B,B,A,B,B,A,B,B,B,B,B,H,B,-,A,A,B,B,A,A,A,A,B,B,B,A,B,B,B,B,A,A,B,B,B,A,B,A,H,B,B,B,A,A,A,A
M04_027,B,A,B,A,B,B,A,A,A,B,B,A,B,A,B,A,B,B,B,A,A,B,A,A,B,A,A,B,A,A,B,B,A,B,B,A,A,A,B,B,A,B,B,A,B,A,B,B,B,B,B,B,B,B,B,A,B,B,B,H,A,A,A,B,B,B,A,B,B,B,A,B,B,-,B,B,A,A,B,A,A,A,B,B,A,B,B,A,A,B,B,A,A,A,A,A,B,B,B,A,B,A,-,B,B,A,B,B,B,B,H,B,B,A,A,B,B,A,B,A,B,A,A,B,A,A,B,B,B,B,A,B,B,H,B,B,B,-,A,B,B,B,B,A,B,A,A,A,B,A
M04_028,B,-,A,B,B,A,A,B,A,B,A,A,A,B,B,A,B,B,B,A,A,B,A,A,B,A,A,A,B,A,B,B,B,A,A,B,A,B,B,B,A,B,A,A,B,B,-,B,B,A,A,B,A,B,A,A,A,B,B,A,A,B,A,B,-,B,B,A,B,B,B,A,B,B,B,-,A,B,B,A,B,A,A,A,A,A,A,A,B,B,B,-,A,B,B,A,A,B,B,A,B,B,B,A,H,A,B,B,A,B,A,A,A,B,A,B,A,A,A,B,A,A,A,A,B,B,A,A,B,A,B,A,A,B,B,A,A,A,B,B,-,A,A,A,A,B,A,A,B,A
M04_029,A,A,A,B,B,A,A,A,B,B,A,A,A,B,B,B,A,B,B,B,A,B,A,B,A,B,B,A,B,A,A,A,A,B,A,B,B,B,B,A,B,A,B,B,B,A,B,B,B,A,B,A,B,B,A,A,B,A,A,B,B,B,A,A,B,B,B,B,A,A,B,B,B,B,B,B,A,H,B,A,B,A,B,A,B,B,B,B,B,A,A,B,B,A,A,A,B,B,A,B,A,B,A,B,A,-,B,A,B,B,A,B,A,B,H,-,B,A,B,A,A,H,-,B,B,B,B,B,A,B,B,A,A,B,H,B,B,A,B,B,-,-,A,B,A,A,A,A,A,B
M04_030,A,B,B,B,B,A,A,A,H,A,B,B,B,B,B,A,B,A,-,B,A,B,A,B,B,B,A,A,B,B,A,A,A,B,A,-,-,A,B,A,A,B,A,A,B,A,B,A,B,B,A,A,B,A,A,A,B,B,A,B,B,A,B,B,B,A,H,B,B,B,-,-,B,A,A,A,B,-,B,A,B,B,A,A,A,B,B,H,A,B,B,A,A,B,B,A,A,B,B,B,A,A,A,B,B,B,A,B,B,B,B,B,B,A,B,A,B,B,A,B,B,B,B,B,B,A,-,A,B,A,B,A,B,A,B,B,B,B,B,B,B,A,B,B,A,B,-,B,B,A
M04_031,-,A,A,B,A,B,B,B,A,A,A,A,H,B,A,-,A,B,A,B,A,A,A,A,B,-,B,B,B,B,A,-,B,B,B,B,A,B,B,A,B,A,A,B,B,B,B,A,B,A,A,A,B,B,B,B,A,B,A,A,-,B,B,B,B,B,A,A,A,A,A,H,B,B,A,A,A,B,A,-,B,B,A,B,B,B,A,A,A,B,B,H,A,A,B,-,B,B,B,B,B,H,A,B,B,B,B,H,B,A,B,B,B,A,B,A,B,A,B,A,A,B,A,A,A,B,B,A,B,A,B,B,H,B,A,A,B,A,A,A,A,B,A,A,B,A,B,A,B,A
M04_032,A,A,B,B,B,A,A,A,A,A,H,B,B,B,B,A,B,B,A,A,B,B,A,B,A,A,A,-,B,-,B,A,B,A,A,B,A,A,A,A,B,H,-,B,B,B,A,B,A,B,A,B,B,H,B,A,B,A,A,A,A,B,B,B,A,A,A,A,A,A,B,B,B,A,B,B,A,A,A,A,A,A,A,A,B,A,B,A,A,B,B,A,B,B,A,A,B,A,A,A,B,B,B,B,H,B,B,H,A,B,B,B,B,B,B,B,A,A,B,-,A,A,B,A,B,B,B,A,B,-,A,A,A,A,A,A,B,B,B,B,-,B,A,A,B,B,A,A,B,A
M04_033,A,B,B,B,B,B,B,A,A,B,A,A,A,A,A,B,-,-,B,B,A,B,B,B,A,B,B,B,A,B,B,A,-,-,A,B,A,A,-,A,B,B,B,B,B,A,B,A,A,B,B,A,A,B,A,B,B,A,A,B,A,A,A,A,A,B,B,B,B,A,A,B,B,B,B,B,A,B,B,H,B,B,B,B,H,B,B,A,B,B,B,A,B,A,B,A,B,A,A,B,A,B,B,B,A,B,A,B,-,A,A,A,B,A,B,B,B,B,A,B,B,B,-,A,A,A,-,B,B,B,B,A,B,B,B,B,A,B,A,A,A,B,A,B,A,-,-,A,A,B
M04_034,A,B,B,A,A,A,A,A,A,A,A,B,B,B,-,A,B,B,A,A,B,B,A,B,B,B,B,A,B,B,B,B,B,A,A,B,A,A,A,B,A,B,A,A,A,A,B,B,B,A,B,A,A,B,B,A,A,B,A,B,H,B,A,B,A,A,B,A,A,B,B,A,A,A,A,B,B,B,A,A,A,A,A,A,A,B,B,B,A,B,B,A,-,B,B,A,A,B,A,B,-,A,B,B,A,A,B,B,A,A,B,B,A,B,A,A,B,A,B,A,B,A,A,B,B,B,B,B,B,B,B,B,B,A,B,A,A,A,B,B,B,A,A,B,A,A,A,B,A,A
M04_035,B,A,B,A,A,B,B,B,B,-,A,A,B,B,B,A,B,B,B,B,B,A,A,A,A,A,A,A,-,B,B,A,A,A,B,B,A,B,A,B,A,A,B,B,B,B,A,A,B,B,B,A,B,A,B,B,B,A,A,A,B,A,B,B,B,B,B,B,A,B,B,A,B,B,B,A,B,A,B,A,B,A,A,A,A,B,B,A,A,A,B,A,A,A,A,A,A,B,B,A,B,A,B,A,B,B,A,B,B,-,-,A,B,-,B,-,B,A,A,B,A,A,A,A,A,B,A,A,A,A,B,A,B,A,B,A,A,B,A,B,B,A,B,B,B,B,-,A,B,A
M04_036,B,A,B,A,A,B,A,A,A,B,B,A,A,A,B,A,A,A,B,B,B,A,B,B,A,A,A,B,B,B,A,A,B,A,B,B,-,A,B,A,B,A,B,B,B,A,B,A,A,A,A,A,A,B,B,A,H,A,A,B,A,B,A,A,A,B,B,B,B,A,B,A,A,B,A,A,B,B,B,A,A,B,B,B,B,B,A,B,B,B,A,B,B,-,B,A,A,A,A,B,A,B,A,A,-,B,-,A,B,H,B,A,A,B,B,B,A,A,A,B,A,H,A,B,A,B,A,B,B,A,B,B,B,B,B,A,A,H,A,A,B,A,B,B,B,A,A,A,B,A
M04_037,A,B,B,B,B,A,B,B,A,B,A,A,B,B,B,B,B,B,A,B,A,A,A,-,B,B,A,-,A,A,B,B,B,A,-,B,A,A,A,B,B,B,B,B,B,B,B,A,B,-,A,B,A,B,B,A,B,B,A,B,-,A,A,A,A,A,B,A,B,A,-,B,B,B,A,B,A,A,A,B,A,B,B,-,A,A,A,A,B,B,B,B,B,A,H,A,B,B,B,A,B,B,B,B,A,A,B,B,B,A,A,A,B,A,A,B,-,A,B,-,A,B,B,A,A,A,B,A,A,B,A,B,A,B,A,A,A,H,A,B,B,B,A,B,B,A,B,B,H,A
M04_038,B,A,A,A,A,B,B,A,A,A,H,-,A,B,A,-,B,A,B,A,A,B,B,A,B,B,A,A,B,B,A,H,B,A,B,A,B,B,B,A,B,B,A,A,B,B,A,A,A,A,B,A,A,B,A,B,B,B,B,A,A,B,B,A,A,B,A,A,A,B,B,B,A,A,A,B,B,B,A,B,B,-,A,B,B,A,H,B,A,A,A,A,A,A,-,B,B,A,A,A,B,A,A,B,B,B,A,A,B,B,A,A,B,B,B,B,B,A,A,B,B,B,B,-,B,A,A,A,B,-,B,H,B,A,A,A,A,A,A,B,A,A,B,B,B,B,B,B,B,A
M04_039,B,A,B,A,B,B,A,B,A,A,A,H,A,B,B,B,-,A,A,A,B,A,A,B,A,B,A,A,A,A,B,-,A,B,B,B,B,B,A,B,B,A,A,A,-,A,A,B,B,B,-,A,B,B,A,A,A,A,A,A,A,A,H,A,A,B,B,A,B,A,A,A,B,A,B,A,B,A,A,B,B,A,B,B,A,-,B,A,A,B,A,A,A,B,A,B,-,A,-,B,A,A,A,B,A,B,B,A,A,A,A,B,B,B,A,B,A,A,B,B,A,B,B,B,A,B,B,B,B,B,-,A,A,A,A,B,A,B,B,A,B,A,B,B,A,A,A,B,B,A
M04_040,B,A,A,H,A,B,B,B,A,A,A,B,B,A,B,A,A,-,A,A,A,B,B,A,-,B,A,B,B,B,B,B,A,B,A,B,A,A,B,A,B,A,B,A,A,A,B,B,B,H,B,B,A,A,A,A,B,B,B,B,B,B,A,A,A,A,B,B,A,B,B,A,A,B,B,A,A,A,A,B,A,A,A,B,A,-,B,A,A,A,B,B,A,-,A,B,B,B,B,B,B,B,A,A,B,B,B,A,B,-,B,A,A,A,B,A,A,A,B,A,H,B,A,B,A,B,A,H,B,B,A,A,B,B,A,-,A,B,A,A,A,A,-,B,A,B,A,-,A,B
M05_001,B,A,A,B,H,A,B,A,A,A,-,B,A,B,B,A,A,B,A,A,A,A,B,B,A,B,B,A,A,B,B,A,A,A,A,B,A,A,A,B,A,A,-,B,A,-,A,B,A,A,A,A,B,A,A,B,B,-,B,A,B,B,B,B,A,B,A,A,B,B,B,A,A,A,B,A,A,A,B,A,B,A,A,A,B,A,A,B,A,B,A,A,A,A,B,B,B,B,A,A,B,B,A,B,A,B,B,B,A,B,B,A,A,B,A,A,A,B,B,B,A,B,B,B,A,B,A,A,B,H,A,B,A,B,A,A,B,B,B,B,B,B,A,A,A,A,B,A,A,-
M05_002,B,A,A,B,B,A,B,A,B,A,H,B,B,A,B,A,B,B,B,B,B,B,A,A,B,B,B,B,B,B,A,B,A,A,A,H,A,B,B,B,B,B,A,A,B,A,B,B,A,B,B,A,H,B,A,B,A,B,A,B,B,B,B,A,B,B,B,A,B,B,B,B,A,B,A,A,B,B,A,A,A,A,A,A,A,B,B,A,B,B,A,A,A,A,-,B,B,B,A,B,B,B,A,B,B,B,B,A,B,A,B,A,A,B,B,A,H,B,A,A,B,A,A,A,A,-,A,A,A,A,A,B,B,A,A,A,A,B,A,A,B,A,B,B,A,B,B,A,B,B
M05_003,B,B,B,A,B,A,A,B,B,A,B,A,A,A,A,A,B,A,A,B,B,A,A,A,B,B,B,A,B,A,A,A,B,B,B,B,A,A,B,B,B,A,B,A,B,A,B,A,B,B,A,A,B,-,A,B,B,A,B,B,B,B,B,A,B,A,A,B,A,B,B,A,A,B,B,B,B,A,A,B,A,B,-,B,B,B,B,B,H,B,B,B,B,A,A,A,A,A,A,B,B,A,A,B,B,B,H,B,A,A,B,A,B,B,B,A,B,B,B,A,B,B,B,B,-,A,A,-,B,A,B,A,A,B,A,A,A,B,A,A,A,A,A,A,A,B,A,A,A,A
M05_004,-,A,A,A,B,A,B,A,A,B,B,B,A,-,A,B,B,A,B,B,A,B,B,A,B,A,B,B,B,A,B,A,A,A,B,B,A,B,A,B,B,A,A,A,A,B,A,B,B,B,-,B,B,B,B,A,A,B,B,B,A,B,A,A,A,A,A,B,B,B,B,A,B,B,B,B,A,A,A,B,A,B,A,B,A,A,A,B,A,B,A,B,A,B,A,B,A,B,B,A,A,B,B,A,B,A,A,A,B,A,B,B,-,B,B,A,A,B,H,A,A,A,A,A,B,B,A,B,A,A,B,A,A,B,A,B,A,-,B,B,A,B,B,B,A,B,B,B,B,A
M05_005,B,B,B,B,B,A,A,B,B,B,B,A,B,B,B,B,A,A,A,A,A,B,A,B,A,A,A,A,B,A,A,B,A,-,A,B,A,A,B,B,A,A,A,B,A,B,B,A,B,A,A,A,A,B,B,A,-,A,A,A,B,B,B,B,A,A,B,B,A,B,A,A,B,B,A,A,A,B,B,-,A,H,B,A,A,A,A,B,-,B,A,B,A,A,B,A,B,B,B,A,-,-,B,B,B,A,B,B,B,B,A,A,B,A,A,A,A,B,B,A,A,A,A,A,B,A,B,B,B,A,B,A,B,-,B,A,B,B,B,B,A,A,A,B,B,B,A,B,B,B
M05_006,B,A,A,A,B,B,A,A,A,B,A,A,A,A,B,B,A,B,A,H,A,-,B,A,A,B,B,A,B,B,B,B,B,A,A,A,A,B,A,A,A,A,B,A,B,A,B,H,B,B,B,B,B,H,B,B,B,A,A,B,A,B,A,A,B,B,B,A,A,A,A,A,B,A,B,A,A,A,H,B,A,B,B,B,B,A,B,B,B,B,A,A,B,B,A,A,B,A,A,A,B,B,B,B,A,A,B,A,A,B,A,B,B,B,A,A,B,H,A,H,B,B,A,A,A,A,H,A,B,A,B,A,A,A,B,A,A,A,B,B,B,B,A,B,A,A,B,B,A,A
M05_007,B,B,A,A,B,-,H,A,-,A,B,A,A,A,B,B,B,B,B,A,H,A,A,H,A,B,A,B,B,A,B,B,A,A,A,B,B,B,A,A,A,A,B,B,A,B,A,B,A,B,A,B,A,A,B,A,B,B,B,B,A,B,A,B,A,B,A,A,A,A,A,A,B,A,B,A,A,B,B,B,B,A,B,B,A,B,B,A,B,B,B,A,B,A,A,A,B,B,B,B,A,A,B,B,B,A,A,-,A,A,B,B,B,A,A,B,B,B,B,B,A,A,B,A,A,-,A,B,A,A,B,B,B,B,B,B,A,A,B,B,B,B,B,A,A,A,A,A,A,B
M05_008,B,B,A,A,B,A,B,A,B,A,A,A,B,A,B,A,A,-,B,B,A,A,B,A,B,A,H,A,A,B,B,B,B,B,B,B,B,A,B,-,B,B,A,A,A,A,B,B,B,B,A,-,B,A,B,B,A,B,B,A,B,A,A,B,A,B,A,A,B,A,A,B,-,B,B,B,B,-,A,A,A,B,B,B,A,A,-,-,A,B,A,B,B,B,A,A,A,B,A,A,B,B,B,B,B,B,B,A,B,B,A,B,A,A,B,B,B,A,B,A,A,A,A,-,B,B,-,B,A,-,B,A,-,A,A,B,B,B,A,B,B,B,A,A,-,A,A,A,B,B
M05_009,B,A,B,A,B,A,A,A,B,B,A,A,A,B,A,A,B,B,A,A,B,B,-,B,B,B,A,B,B,B,B,A,A,A,B,B,B,B,-,A,B,B,A,A,A,A,A,B,-,A,B,B,A,B,A,B,B,B,A,B,B,A,A,B,B,A,B,A,A,B,A,A,A,B,A,B,A,B,A,B,B,A,A,A,A,A,B,B,A,A,A,A,B,B,A,A,B,-,A,B,B,-,B,A,B,A,B,B,A,B,B,A,B,B,B,A,A,A,A,B,A,A,A,A,B,B,A,A,A,A,-,B,A,B,A,A,B,B,B,B,A,B,-,B,A,A,B,A,A,A
M05_010,B,B,B,B,B,A,A,B,A,A,A,B,A,B,B,B,H,A,B,B,B,B,A,B,A,H,B,B,B,A,A,B,A,A,B,A,B,A,-,B,A,-,A,B,A,A,B,A,B,B,B,B,A,B,B,A,A,B,A,B,A,A,B,A,B,A,A,B,B,B,B,B,B,A,B,A,A,A,A,B,A,A,A,A,B,A,A,A,A,B,A,A,A,A,B,A,B,B,A,H,B,B,A,B,A,A,B,B,A,B,B,A,A,A,B,B,A,B,B,B,A,B,B,A,A,B,A,B,A,A,A,A,A,B,A,B,B,A,A,B,A,A,B,A,A,B,B,-,B,B
M05_011,B,-,B,A,B,A,B,A,A,-,A,A,B,B,A,A,B,B,A,B,B,A,A,A,B,-,A,B,A,B,A,-,A,A,B,B,B,B,B,B,B,B,B,B,A,A,A,B,B,B,A,A,B,B,A,B,A,A,B,B,B,A,A,A,A,B,A,A,A,B,-,B,A,A,A,A,A,A,B,H,A,B,-,B,B,B,A,-,A,A,B,B,B,B,B,A,A,B,A,-,A,B,B,A,B,B,B,B,B,B,A,-,A,A,A,A,A,A,A,B,B,B,A,A,A,A,B,A,B,B,A,B,-,A,B,H,B,B,A,A,A,A,A,B,B,B,B,A,B,A
M05_012,A,B,A,B,B,B,H,B,-,A,A,A,B,A,B,B,A,A,A,B,B,A,B,A,B,B,A,A,B,-,A,A,A,A,A,A,B,A,A,A,B,B,-,B,A,A,B,B,B,B,B,A,B,B,A,B,B,A,A,A,A,A,A,A,A,B,A,A,A,B,-,A,A,H,B,A,A,A,A,B,B,-,A,B,A,A,B,A,B,B,A,B,A,A,B,B,A,B,B,A,B,B,B,A,B,A,B,B,-,A,B,B,A,A,B,A,A,B,A,A,A,B,A,B,B,A,B,A,-,A,B,A,A,B,A,B,A,A,B,A,B,B,A,B,A,A,B,A,A,B
M05_013,B,B,B,B,B,A,H,A,B,B,B,B,A,A,B,A,B,A,B,B,A,B,B,A,B,B,A,B,A,A,A,B,B,A,A,A,B,A,B,A,B,B,B,A,B,B,B,A,B,A,A,A,B,B,A,A,B,A,B,B,A,A,B,A,A,-,A,B,B,B,A,A,B,B,B,A,B,A,B,B,B,B,B,A,A,B,A,A,A,A,H,A,B,B,A,B,A,B,A,-,A,A,B,A,B,-,B,B,B,A,B,A,A,B,H,B,B,B,H,B,A,B,A,A,B,A,A,A,B,H,A,A,A,B,B,A,A,B,B,A,-,A,H,B,B,B,B,B,A,A
M05_014,B,B,A,A,A,A,A,B,B,B,B,B,A,A,A,B,A,B,A,B,A,B,A,A,B,H,B,B,B,B,A,A,A,B,B,B,A,A,H,A,B,A,A,B,-,A,B,B,B,B,A,A,B,A,A,B,A,B,A,A,A,B,A,B,B,-,-,B,B,A,B,B,A,A,A,A,A,A,A,B,B,B,B,A,A,B,A,A,A,A,A,A,A,B,A,B,B,B,A,B,A,A,B,A,A,A,A,A,B,A,-,B,B,B,B,B,B,A,B,B,B,B,A,A,B,A,B,A,B,B,-,A,A,B,B,A,A,B,B,A,A,B,B,B,A,B,B,B,A,A
M05_015,A,B,B,A,B,A,A,A,B,B,B,B,A,B,A,A,A,A,A,A,B,A,B,A,A,-,A,A,B,B,A,A,B,A,A,B,B,B,B,A,A,A,B,B,A,A,A,A,-,B,B,A,A,A,A,A,B,A,H,B,B,A,B,A,A,A,-,A,A,A,A,A,A,B,A,-,B,A,B,B,B,B,B,A,B,A,B,A,B,A,B,B,B,B,A,B,-,B,B,A,A,B,B,A,B,A,B,B,A,B,B,A,A,A,B,A,A,A,B,B,B,A,B,B,A,A,B,B,B,A,B,B,B,B,B,B,A,B,A,B,A,B,A,-,A,A,B,B,A,A
M05_016,A,B,B,B,A,A,B,A,B,A,B,B,A,B,B,A,A,B,A,B,A,A,A,A,A,A,B,B,B,A,B,A,A,A,A,B,A,B,-,B,B,A,B,B,B,-,B,A,B,A,A,B,A,A,A,A,A,H,A,B,A,B,H,A,B,H,B,A,B,B,-,A,A,A,B,A,A,B,A,A,B,A,A,A,B,B,B,A,B,B,A,B,B,A,A,A,A,B,B,A,B,B,A,B,B,-,A,A,A,A,A,-,B,A,A,B,B,A,A,B,A,A,A,A,A,A,-,B,B,A,A,B,B,A,A,A,A,A,B,A,H,B,A,B,B,A,A,B,B,B
M05_017,A,A,B,A,B,B,B,B,B,B,B,A,H,A,A,A,A,B,A,B,A,A,A,B,B,A,A,B,A,A,A,A,A,A,B,B,B,B,B,B,B,A,-,B,B,H,B,A,A,B,A,A,B,A,B,B,A,A,A,B,A,A,B,-,A,A,A,H,A,A,B,B,A,B,B,A,B,B,B,B,B,B,A,A,-,A,B,A,A,B,B,A,A,B,B,B,A,A,B,B,A,B,A,B,B,A,B,A,A,B,A,B,A,B,A,B,B,B,B,A,A,B,B,A,A,B,B,B,A,A,A,A,B,B,B,A,A,B,A,-,B,B,B,A,B,A,B,B,-,A
M05_018,B,A,A,A,B,A,B,B,A,B,A,A,-,B,A,B,B,A,B,B,A,B,B,A,H,A,B,A,B,A,B,A,A,A,B,A,B,B,B,A,B,A,B,B,A,A,B,A,B,A,B,A,B,B,B,A,B,A,A,B,B,A,B,B,A,B,B,A,B,B,B,A,B,A,-,A,B,B,A,A,A,A,B,B,B,B,B,A,A,B,B,B,B,B,A,A,B,B,A,B,B,A,A,B,B,A,B,B,B,A,H,A,B,B,A,A,B,B,B,A,A,A,B,-,B,A,B,A,B,-,A,B,A,B,B,B,H,A,A,B,B,A,B,A,A,A,A,A,A,A
M05_019,A,A,B,A,A,A,A,A,A,B,B,B,B,A,A,B,A,B,A,B,B,B,A,A,B,B,A,B,B,B,B,A,B,B,B,B,B,B,A,B,B,A,A,B,B,B,A,H,A,A,A,B,A,A,B,A,B,B,B,A,B,A,B,B,A,A,A,A,B,B,A,B,B,B,A,-,B,B,A,A,B,B,B,A,B,A,A,B,A,A,B,B,A,B,A,A,A,A,H,-,B,B,H,A,B,B,A,A,A,B,B,A,-,A,B,A,B,A,A,B,A,B,B,-,B,A,A,A,H,A,B,H,A,B,B,A,A,A,B,B,A,A,B,A,B,A,B,B,-,A
M05_020,A,A,A,B,A,A,-,B,A,B,B,B,A,A,B,B,B,A,B,B,A,A,B,B,A,B,-,B,B,B,A,A,B,A,B,B,A,B,B,A,A,B,A,B,A,A,A,B,A,A,B,A,A,A,-,B,A,A,B,B,B,-,B,B,B,B,B,A,-,B,B,A,A,A,B,A,A,A,A,B,B,A,B,A,A,B,B,B,A,B,A,A,A,B,A,A,B,A,A,A,A,B,B,A,A,B,B,-,A,A,B,B,A,A,A,A,B,B,A,A,B,A,B,B,B,B,B,B,A,B,A,A,A,B,A,B,B,A,B,B,B,A,B,B,A,A,A,-,A,A
M05_021,B,A,B,A,B,-,B,B,B,B,A,A,A,B,B,A,B,B,A,B,A,B,A,A,A,B,B,A,H,B,B,A,A,B,A,A,A,A,A,B,A,A,B,B,B,B,A,-,B,B,B,A,A,A,B,A,A,A,A,A,A,B,A,B,A,A,B,B,B,B,B,A,B,B,A,A,B,-,A,B,B,B,A,B,A,A,B,A,A,B,B,B,B,B,A,B,A,A,B,A,A,A,A,B,-,B,B,B,B,B,B,B,-,B,B,A,B,B,B,B,A,A,A,-,A,A,B,B,B,B,B,B,B,A,A,B,B,B,A,A,B,A,A,A,B,B,B,B,B,B
M05_022,B,A,A,B,A,B,B,-,B,A,A,B,A,A,B,H,B,B,A,B,A,B,A,B,B,B,B,A,A,B,H,B,A,B,A,B,A,B,A,B,A,A,B,A,B,A,B,A,A,B,A,A,B,B,A,B,B,A,B,B,A,A,A,B,A,-,B,A,B,B,A,B,B,A,A,A,A,A,B,H,A,A,A,A,A,A,B,A,B,A,A,B,A,B,-,B,H,A,A,B,A,B,A,A,A,B,-,A,B,A,A,A,B,B,A,A,B,B,A,A,A,B,H,A,A,A,A,A,B,A,B,A,B,B,A,B,A,B,B,A,B,B,H,B,A,B,B,B,B,A
M05_023,A,B,B,A,B,B,B,B,B,B,B,A,A,A,A,A,B,B,A,B,A,A,B,A,B,A,-,B,A,B,A,B,B,B,A,A,B,A,A,B,B,A,A,B,B,B,A,A,A,B,A,B,B,B,A,B,B,A,A,B,A,A,A,A,B,B,B,B,-,B,A,B,A,A,A,A,A,A,B,A,B,B,B,A,B,A,B,B,A,A,A,B,B,B,A,A,A,B,A,A,B,B,B,A,B,B,B,A,A,A,B,A,B,B,B,A,B,B,A,B,A,B,A,B,B,A,B,B,B,A,A,B,A,B,A,A,B,B,B,B,B,B,B,B,B,A,B,A,A,A
M05_024,A,A,B,B,A,B,B,B,A,B,-,A,A,B,B,A,A,B,B,A,B,B,A,B,A,B,A,A,B,B,A,A,A,B,B,B,B,B,B,B,B,B,A,A,A,B,A,A,H,B,B,A,B,A,A,A,B,A,B,B,A,A,A,B,A,A,A,B,A,A,A,B,A,B,A,B,B,B,A,A,A,B,B,A,B,A,B,A,A,A,B,B,A,-,A,A,A,B,B,B,B,A,B,A,-,A,B,B,A,B,A,A,B,B,A,A,B,B,A,B,B,A,A,A,B,A,B,A,B,A,B,B,A,-,A,B,B,B,-,B,H,A,A,B,B,B,A,B,B,A
M05_025,A,A,A,B,B,A,B,B,A,B,B,B,A,B,A,A,A,A,A,A,B,B,-,A,B,A,A,B,A,A,A,A,B,A,B,B,A,A,B,B,A,A,B,A,A,A,A,A,A,B,B,A,A,B,A,A,-,A,B,B,A,B,A,A,A,B,A,A,A,A,B,B,B,B,B,A,A,A,A,A,A,A,B,B,A,A,B,A,A,A,-,B,B,-,A,A,B,B,A,B,A,B,B,A,B,A,A,-,B,A,B,B,A,-,B,A,B,A,A,A,B,B,A,A,B,A,A,A,A,A,A,A,B,A,B,B,A,B,A,A,-,-,B,B,A,A,A,B,B,B
M05_026,A,A,B,B,A,A,A,A,B,B,B,A,A,A,B,B,A,A,-,A,B,B,-,B,B,A,A,B,B,A,B,A,B,B,B,B,A,B,B,B,B,B,A,A,B,B,B,B,B,B,A,B,A,A,A,A,A,A,A,A,A,B,B,B,A,B,A,A,B,B,B,-,A,B,B,B,-,A,A,A,A,A,A,B,B,B,A,A,B,A,B,B,A,B,A,B,A,A,B,B,B,A,B,B,B,B,B,B,B,A,A,B,B,B,A,A,A,A,A,B,A,B,-,H,B,A,H,B,A,B,A,B,B,B,A,A,A,A,A,B,B,B,A,A,A,-,A,A,B,B
M05_027,A,B,A,B,A,A,A,A,B,H,B,A,B,B,B,B,B,B,B,A,A,B,B,A,B,A,A,A,B,A,A,A,B,B,A,B,B,-,B,A,A,-,B,A,A,B,B,A,B,A,A,B,B,A,B,A,B,A,A,A,B,A,A,A,A,A,B,A,B,B,B,B,B,B,A,B,B,A,A,B,B,A,B,A,A,B,B,B,A,B,A,B,A,A,B,A,B,A,A,A,B,A,B,B,A,A,A,B,A,A,-,B,B,B,B,A,A,B,B,A,A,B,A,A,-,B,A,A,A,B,H,B,A,A,B,A,B,B,A,B,A,B,A,B,B,A,A,A,A,B
M05_028,-,A,A,B,B,A,B,B,A,B,A,A,B,A,B,A,A,B,B,-,A,B,B,B,B,B,A,A,A,H,A,B,A,B,A,B,A,B,B,B,-,A,B,A,A,B,A,A,B,-,A,B,A,B,A,B,A,A,A,A,-,A,B,B,B,A,A,B,B,B,A,B,B,A,B,A,A,B,A,B,A,A,A,H,A,A,B,A,A,A,A,A,A,A,B,A,B,B,A,B,A,A,A,B,A,A,A,B,A,A,B,B,A,A,B,A,B,B,B,A,A,A,B,H,A,B,B,A,A,A,A,B,B,A,A,A,B,B,B,B,A,A,H,A,B,A,B,B,B,B
M05_029,A,B,A,B,A,B,A,A,A,H,A,A,A,A,A,B,A,B,A,A,B,A,A,A,A,B,B,B,A,A,A,B,A,A,B,A,B,A,B,A,B,A,A,-,H,H,A,B,B,A,A,H,-,A,A,A,B,A,A,A,A,A,B,A,B,A,A,A,B,B,A,A,B,A,B,A,B,B,A,B,A,A,A,B,A,B,B,A,B,A,B,A,B,B,B,A,A,A,A,A,B,B,A,A,B,B,A,A,B,B,A,B,B,A,B,A,B,B,A,B,B,B,A,A,H,B,B,A,A,A,-,B,B,A,A,B,B,B,A,A,A,B,A,B,B,A,-,B,A,A
M05_030,B,B,B,A,B,A,A,A,A,B,B,B,B,A,A,B,B,A,A,A,A,A,A,A,A,A,B,B,B,H,H,A,-,B,-,A,B,A,A,A,A,A,B,A,A,A,B,H,A,A,A,B,A,A,A,A,B,A,A,B,B,A,B,B,A,A,A,A,A,B,B,A,A,A,B,B,A,B,A,B,A,A,A,B,B,B,A,A,A,B,B,B,B,B,B,A,B,B,B,B,A,A,B,A,A,B,A,A,B,A,A,A,A,A,B,A,A,B,B,A,-,B,B,B,A,A,A,B,B,A,A,B,A,A,B,A,A,A,B,A,B,A,B,A,A,B,A,B,A,A
M05_031,B,B,A,B,A,A,A,A,A,B,B,A,B,-,A,A,A,B,A,B,B,B,B,A,A,B,-,A,B,A,B,A,B,B,A,B,B,-,B,A,A,-,B,A,A,A,B,B,B,B,-,B,A,A,B,A,B,B,B,A,A,B,A,B,B,H,B,A,B,A,A,-,B,A,A,B,A,B,B,A,A,A,B,-,B,A,B,A,B,A,B,-,A,B,A,A,A,B,B,B,B,-,A,A,B,B,A,B,B,A,B,B,A,B,A,A,A,B,A,B,B,A,-,A,B,A,B,B,B,A,B,A,A,A,A,B,B,A,B,A,B,B,B,A,B,A,B,B,B,A
M05_032,B,B,B,B,B,B,A,B,A,B,B,A,B,B,B,A,A,B,A,B,A,A,B,A,H,B,B,A,B,A,B,A,A,B,B,A,B,B,A,A,A,A,A,A,-,A,B,H,B,B,A,A,B,A,A,B,A,B,B,B,B,A,-,A,B,A,B,B,A,A,A,A,A,B,-,A,B,A,A,B,B,A,A,A,-,A,B,B,A,B,A,B,B,B,-,A,B,A,A,A,-,A,H,A,A,B,A,B,A,A,B,A,B,B,A,A,A,A,B,A,B,A,A,A,-,B,B,A,B,B,B,B,B,-,A,A,B,B,B,B,A,-,B,B,B,A,A,B,A,A
M05_033,A,A,B,B,B,A,B,B,-,B,B,A,A,B,B,B,A,-,A,A,A,B,A,B,A,B,B,-,A,A,B,A,A,B,B,A,A,B,-,A,A,B,A,B,B,A,B,A,A,B,B,A,A,A,A,B,B,A,A,A,A,A,A,A,B,B,A,B,B,H,B,B,B,A,B,B,B,B,A,B,A,B,B,B,B,A,B,-,B,A,A,B,B,A,B,B,A,B,A,B,A,B,A,A,B,B,B,B,B,A,A,A,A,B,-,A,A,A,A,B,A,B,B,-,B,B,B,A,B,A,A,A,B,A,B,B,A,A,B,A,A,A,B,B,A,B,B,A,A,B
M05_034,B,B,A,B,B,A,B,A,A,A,B,B,B,B,A,B,B,B,A,B,A,B,B,-,A,A,A,B,B,B,A,A,A,A,B,B,H,A,A,A,B,B,A,A,-,B,A,B,A,B,A,A,A,A,B,B,B,B,A,A,B,B,A,A,B,A,B,B,A,-,B,-,A,B,B,A,B,B,A,A,B,A,A,B,B,B,B,A,A,-,B,B,A,B,A,A,A,A,B,A,A,A,B,B,B,A,B,A,A,B,A,A,A,A,A,A,A,B,-,B,B,B,B,A,B,A,A,A,B,B,A,B,B,A,A,A,B,A,A,A,B,B,A,B,A,A,B,B,A,A
M05_035,B,B,B,B,B,B,B,B,A,A,A,B,A,A,A,A,B,-,A,B,B,A,A,B,A,B,A,A,A,A,B,B,B,B,B,B,B,A,A,B,B,B,B,A,B,B,A,B,B,B,B,A,A,B,-,B,A,B,A,A,B,-,B,B,-,A,A,B,A,B,A,A,B,B,A,A,A,A,B,A,A,B,B,A,A,A,A,B,-,A,B,A,A,B,A,A,B,A,A,B,B,B,A,A,A,B,A,B,A,A,A,B,B,H,A,A,A,B,A,A,A,A,A,A,A,A,B,B,A,B,A,A,B,B,B,A,B,A,A,A,B,A,B,B,A,B,B,A,A,B
M05_036,A,B,A,A,B,-,A,B,A,B,B,A,A,A,A,A,B,A,B,B,B,A,A,B,A,B,A,B,B,B,A,A,B,A,A,B,B,A,B,B,A,B,B,H,A,-,A,A,B,A,A,A,A,B,A,B,A,B,B,A,B,-,B,A,B,A,A,B,A,B,B,B,A,H,B,A,A,B,B,B,B,A,A,A,B,A,A,A,B,B,-,B,A,A,A,A,A,B,B,B,B,B,A,B,B,B,A,A,B,B,A,B,A,B,A,A,A,A,A,B,B,A,B,A,A,A,A,B,A,B,B,B,B,B,B,B,A,B,-,B,A,A,A,B,A,A,A,A,A,B
M05_037,A,B,B,B,B,B,A,H,A,A,A,A,A,B,B,B,A,-,A,A,B,B,A,B,B,B,A,A,A,A,A,B,A,B,A,-,B,A,B,A,A,A,A,B,B,A,B,B,A,A,A,B,A,A,-,B,A,B,B,A,-,A,A,A,-,A,A,B,B,A,A,B,A,A,B,B,B,B,A,B,A,A,B,B,A,A,B,B,B,A,B,B,B,A,A,A,A,A,B,A,B,A,A,B,A,A,A,B,H,B,B,A,B,B,B,B,B,A,B,B,B,B,B,B,A,A,H,B,B,B,B,A,A,B,A,B,B,A,B,B,A,A,B,A,A,A,A,B,A,B
M05_038,A,B,A,B,A,B,B,B,B,A,B,A,-,B,B,A,A,A,A,A,A,H,B,B,A,B,B,B,A,B,H,A,B,A,A,B,A,-,A,B,A,B,A,B,H,A,A,-,B,A,A,A,A,A,B,B,A,B,B,B,B,B,B,B,A,A,A,B,A,B,A,B,A,B,-,A,A,B,A,B,-,-,B,B,B,B,A,A,A,B,A,B,A,B,A,A,A,-,B,B,A,B,A,A,B,A,B,B,A,B,A,B,B,B,A,A,B,B,B,A,-,B,A,B,A,A,A,B,B,B,A,A,B,B,B,A,B,B,-,B,B,B,B,B,-,B,B,A,B,B
M05_039,A,B,A,B,A,B,B,B,H,A,B,A,-,B,B,B,A,A,B,B,A,A,B,A,B,B,B,A,A,B,H,-,A,A,B,B,A,A,B,B,B,B,B,B,B,B,A,A,B,A,B,A,B,B,B,A,H,A,A,A,B,A,B,B,B,B,-,B,B,A,A,A,A,B,B,B,A,B,B,A,B,B,A,B,A,A,B,B,B,A,B,A,B,A,B,B,B,A,-,B,B,B,A,A,A,B,B,A,B,A,A,A,B,B,A,B,-,A,A,A,B,B,A,A,A,A,B,A,B,A,A,-,A,A,A,A,A,A,B,B,B,A,B,-,A,A,B,A,A,A
M05_040,-,A,A,A,A,A,A,A,B,A,A,A,A,A,H,B,A,B,A,A,B,A,A,B,-,B,B,B,A,A,B,H,A,H,A,A,A,A,B,A,B,B,A,B,A,B,A,A,B,B,B,B,B,A,B,A,A,A,A,A,A,A,B,-,B,A,B,A,B,A,B,A,B,B,B,-,A,B,A,B,A,B,B,B,A,A,B,B,A,A,B,B,B,B,B,A,A,A,-,A,-,A,A,B,B,B,A,B,A,-,A,A,A,B,B,A,A,B,A,A,A,B,A,H,A,A,A,B,A,B,A,A,B,B,A,B,B,A,A,A,A,-,A,A,A,B,B,A,A,A
M06_001,B,A,B,A,B,B,B,A,B,A,A,B,B,B,-,B,A,-,B,A,B,A,A,B,B,A,A,B,A,A,B,A,B,B,H,A,B,A,A,A,A,A,B,A,A,B,A,B,B,B,A,H,B,B,A,B,B,A,B,-,B,A,B,A,B,A,A,A,B,B,A,A,A,B,A,A,B,A,-,A,B,B,B,A,B,A,B,B,B,A,B,B,A,B,B,B,B,A,B,B,A,A,A,A,B,A,A,A,A,A,A,A,B,A,B,A,A,A,A,A,A,A,B,A,B,B,B,A,B,A,A,A,B,A,B,A,B,B,B,B,B,B,A,A,B,A,B,A,B,A
M06_002,A,A,B,A,B,B,B,A,A,A,A,B,B,A,B,B,B,B,B,A,B,B,B,A,A,A,A,-,B,A,A,B,A,A,B,A,A,A,B,B,A,A,B,B,B,B,B,B,B,B,B,A,B,B,B,A,B,B,A,B,B,A,A,B,B,A,A,A,A,A,B,B,-,A,A,A,B,B,B,A,B,B,B,B,B,A,B,A,A,A,B,A,B,B,B,B,B,A,A,B,A,A,B,B,B,B,B,A,A,B,A,A,B,A,A,A,A,A,B,B,A,A,A,B,A,H,A,B,A,A,A,B,A,A,B,A,A,B,B,B,A,A,A,B,B,H,A,B,A,A
M06_003,B,A,A,-,-,A,-,H,A,A,B,B,A,B,A,B,A,A,A,B,B,B,B,A,A,B,B,H,A,A,A,A,A,A,B,A,-,B,A,B,A,B,B,B,B,A,A,B,B,B,A,B,B,B,A,H,A,A,B,A,B,A,A,A,A,A,A,B,B,-,B,A,B,B,A,B,A,B,A,A,A,A,B,H,A,A,A,B,A,B,-,B,B,B,B,B,B,B,B,B,B,B,A,A,B,A,A,A,B,B,A,A,B,B,A,A,B,B,B,B,B,A,A,B,B,B,B,B,B,A,A,B,A,A,B,B,A,B,A,A,B,B,A,A,A,H,B,A,A,B
M06_004,B,B,A,H,A,A,A,B,B,B,B,A,A,B,B,B,A,A,A,B,B,-,A,A,A,B,B,B,A,B,B,A,B,B,A,B,B,B,A,-,A,B,A,B,B,A,B,A,A,A,B,B,A,B,B,A,A,A,B,B,A,A,A,-,B,A,B,-,A,A,A,A,B,-,B,A,A,A,B,A,B,B,A,B,B,A,A,A,B,A,B,B,B,A,B,A,A,B,A,B,A,H,B,B,A,B,B,B,A,-,A,A,A,B,A,A,B,A,B,B,B,B,-,A,B,B,A,A,B,B,-,B,B,B,B,A,B,B,B,B,A,A,A,B,B,B,B,B,A,-
M06_005,A,B,B,A,A,B,B,B,A,-,B,A,A,B,H,B,B,A,A,A,B,-,B,A,B,B,B,A,B,A,B,B,A,B,B,B,B,A,A,A,H,A,B,B,B,A,A,A,A,A,A,B,A,A,A,A,A,A,B,A,B,A,B,B,B,B,A,A,A,A,A,B,A,A,A,B,H,B,A,A,B,A,-,A,A,B,B,B,A,B,A,A,A,B,B,A,B,A,-,B,B,B,B,A,B,-,A,B,B,A,H,A,B,A,B,B,A,A,B,B,B,A,A,B,B,-,B,A,A,B,A,-,B,B,B,B,B,A,A,B,A,B,B,A,B,B,A,A,B,A
M06_006,A,A,A,B,B,B,B,H,A,A,B,A,B,A,B,B,A,A,A,B,A,B,A,A,A,B,A,B,B,A,A,B,A,A,B,A,A,H,A,B,A,-,B,A,B,B,A,B,A,B,B,A,A,A,B,A,B,A,B,B,B,B,A,A,H,A,B,B,B,A,A,B,A,B,B,A,A,B,B,B,B,B,B,A,B,A,B,B,A,A,B,A,B,A,B,A,B,A,A,A,A,A,B,A,B,A,B,A,B,B,A,A,A,A,A,A,B,A,A,A,B,A,B,B,B,A,B,A,B,B,B,B,B,A,A,B,B,B,B,A,B,B,A,A,B,B,B,A,A,B
M06_007,B,A,B,B,B,B,-,B,-,B,A,-,B,B,B,A,B,A,A,H,B,B,B,B,B,B,H,A,B,B,A,A,B,A,A,A,A,B,A,A,B,A,B,B,B,B,A,A,A,A,B,A,B,A,-,A,A,B,B,B,B,B,B,A,A,B,A,A,A,A,B,A,A,A,B,B,A,B,A,B,B,B,-,A,A,A,A,A,A,B,A,B,B,B,B,B,B,A,B,B,A,A,B,B,B,A,B,A,-,A,-,A,A,A,A,B,A,A,A,B,A,A,B,B,B,B,A,B,B,B,A,B,-,B,A,A,B,A,B,B,B,A,B,B,A,-,A,A,B,B
M06_008,A,A,B,A,A,H,A,B,A,B,A,B,A,B,B,H,A,B,A,B,A,A,A,B,B,A,B,B,B,A,B,B,A,B,A,-,B,A,A,A,A,B,B,A,B,A,B,A,B,A,A,B,A,B,B,B,H,A,B,B,A,B,B,B,A,B,A,B,B,A,B,B,H,A,B,B,B,A,A,-,A,B,A,H,B,B,A,B,B,B,A,B,-,A,B,A,B,H,A,A,B,A,A,A,A,A,A,A,B,B,A,B,B,A,B,B,A,A,B,B,A,H,B,A,A,A,A,B,B,B,A,B,A,A,B,A,-,B,B,A,A,A,B,B,B,B,B,B,A,B
M06_009,B,A,H,B,B,B,A,A,A,B,B,A,B,A,A,A,A,A,A,A,A,A,B,A,B,A,A,A,B,A,B,B,A,B,A,A,A,A,-,B,A,B,A,H,A,-,B,A,A,A,A,A,B,A,B,A,B,-,A,A,A,B,B,B,B,B,B,A,-,A,-,A,B,A,B,H,A,B,B,H,A,B,A,B,B,B,A,B,A,A,B,-,B,B,A,A,A,A,A,A,A,B,B,B,A,A,-,A,B,B,B,B,A,A,B,B,B,B,A,A,A,A,A,A,B,B,A,A,B,A,B,B,B,A,B,A,A,A,B,A,B,A,A,B,A,A,A,A,A,B
M06_010,B,B,B,B,B,-,A,A,B,A,B,B,A,B,A,B,H,B,A,A,B,B,A,A,A,B,B,A,A,B,-,B,B,A,A,H,H,B,B,B,A,A,B,B,B,B,A,A,A,H,B,A,B,B,B,B,A,B,H,A,B,A,A,A,B,-,A,B,A,A,A,B,B,B,B,A,B,A,B,A,A,B,A,A,B,A,A,-,A,-,A,-,B,B,A,A,B,B,A,A,A,B,B,A,A,B,A,B,B,A,A,A,B,B,B,B,B,B,A,A,B,B,B,B,A,A,B,A,A,B,B,B,B,B,B,A,B,A,H,A,A,-,B,A,A,B,A,A,A,A
M06_011,A,B,A,A,B,B,A,A,B,A,B,B,A,B,A,A,B,-,A,B,B,A,B,A,B,B,B,B,A,A,A,B,A,B,B,A,B,B,A,B,-,A,B,H,A,B,A,B,B,A,-,A,A,B,A,B,B,A,A,A,A,A,A,B,-,A,A,B,B,A,B,B,B,A,B,A,B,A,B,B,B,B,A,B,B,A,B,-,B,B,B,B,B,B,B,B,A,A,B,B,A,A,A,B,B,B,A,A,A,A,B,A,A,A,A,A,A,A,A,A,B,H,B,B,B,A,A,A,A,B,A,B,A,B,B,H,B,A,B,A,B,A,A,B,A,A,A,B,B,B
M06_012,B,A,B,B,B,A,A,A,A,A,A,A,A,B,B,A,B,B,B,H,A,B,B,A,B,B,A,B,A,B,A,A,B,A,A,A,A,B,A,B,A,A,A,-,A,A,A,B,A,B,A,A,A,A,B,H,A,A,A,A,A,B,A,B,A,-,A,A,A,A,A,-,A,-,A,B,A,A,H,-,B,B,A,B,B,B,B,A,A,B,A,A,A,B,-,B,A,A,B,B,-,A,A,B,A,A,B,A,A,B,B,B,A,B,B,A,B,A,B,B,B,A,B,A,B,B,A,A,B,A,B,A,B,-,B,B,B,A,H,A,B,B,A,A,A,B,B,A,A,B
M06_013,A,A,A,A,B,-,A,B,A,B,A,B,A,A,B,A,B,B,B,A,A,B,A,B,B,B,B,A,-,B,A,A,B,B,B,B,A,B,B,A,A,B,B,A,B,A,A,B,A,B,B,B,A,B,B,A,A,B,A,B,B,A,A,-,A,B,A,A,A,B,A,-,B,-,A,B,B,A,B,A,A,B,A,B,B,B,A,A,A,A,A,B,A,B,B,B,B,A,A,B,B,A,B,B,A,A,B,A,A,A,B,-,-,A,-,A,A,A,A,B,A,-,A,B,A,B,B,B,B,A,A,B,-,-,B,B,B,B,B,B,A,H,A,B,A,A,B,A,B,B
M06_014,B,A,A,B,A,A,-,B,B,A,B,B,B,A,B,A,B,B,B,A,B,A,A,B,B,A,A,A,B,B,B,A,H,B,B,B,H,B,B,A,B,-,B,A,A,B,B,B,A,A,A,-,A,B,B,A,-,B,B,B,A,A,A,B,B,A,B,A,H,A,A,A,A,B,A,B,A,A,B,B,A,B,B,A,B,A,A,B,A,A,A,B,-,A,B,A,B,B,B,B,B,A,B,A,A,A,A,B,B,A,A,A,B,A,A,B,B,A,A,B,A,A,B,B,A,A,-,B,A,B,B,H,B,A,A,A,B,B,B,A,B,B,B,B,B,B,A,A,A,A
M06_015,B,B,B,A,A,A,A,H,A,A,A,B,B,A,B,B,-,A,A,A,B,A,A,A,A,B,A,A,B,A,A,A,A,-,A,A,B,A,B,A,B,B,A,B,B,A,H,A,A,B,A,B,B,B,A,B,A,A,B,B,A,B,-,B,B,B,A,B,A,B,A,A,A,-,B,A,B,B,A,B,B,B,B,A,B,A,A,B,A,B,A,A,A,-,A,A,B,A,A,B,B,A,B,A,A,B,-,A,A,A,A,B,B,A,B,B,A,B,B,A,B,B,A,A,B,B,B,A,B,A,A,A,B,A,A,A,A,A,B,B,B,A,A,B,A,B,B,B,A,A
M06_016,A,B,B,B,A,B,B,A,A,B,B,A,A,B,A,A,B,B,B,A,B,B,B,A,A,A,B,B,A,A,A,A,B,B,A,A,A,B,A,H,B,B,B,B,A,B,B,A,A,A,A,A,B,B,B,B,B,H,-,B,A,B,B,B,A,A,A,-,B,A,B,A,B,A,A,B,B,A,B,B,B,B,B,B,B,B,B,B,A,A,B,B,A,A,B,-,A,A,B,A,B,B,B,A,A,B,B,A,A,B,B,A,A,A,A,A,B,B,A,B,B,B,H,B,-,A,A,B,B,A,B,A,B,A,B,A,B,-,H,A,B,A,B,B,B,A,B,A,A,A
M06_017,A,B,-,A,B,H,B,-,B,B,B,B,A,B,B,A,B,B,B,A,B,A,A,H,B,B,B,B,B,A,B,B,B,A,A,A,B,-,B,A,A,A,A,B,B,A,A,A,A,B,B,B,B,A,A,A,B,B,B,A,B,A,A,A,A,B,B,-,A,A,A,A,B,A,B,A,A,A,B,B,A,B,A,B,A,B,B,B,A,A,B,B,-,A,A,B,A,A,B,A,A,A,B,A,B,A,A,B,B,A,A,A,B,A,B,B,B,B,B,A,A,A,B,B,A,B,B,A,A,A,B,A,A,H,B,B,B,A,B,B,B,A,A,-,-,A,B,B,A,B
M06_018,A,B,A,A,A,H,B,A,A,B,A,H,B,B,B,A,-,A,A,B,A,B,B,A,A,A,A,B,A,B,B,A,A,B,A,A,B,B,B,A,B,A,B,A,A,B,B,B,A,A,B,B,A,A,B,B,B,A,B,B,A,B,A,A,B,B,B,A,A,B,A,B,A,B,B,A,B,A,A,A,B,A,B,A,A,B,B,B,B,B,A,A,B,B,B,B,A,A,B,A,A,B,-,B,A,H,B,A,-,A,B,A,A,A,B,B,B,B,A,B,A,B,B,A,A,B,-,A,B,B,B,B,A,A,B,B,A,A,A,B,A,B,H,B,B,A,A,B,A,A
M06_019,B,A,B,A,A,A,B,B,A,A,B,A,A,A,B,A,A,B,-,-,B,B,-,B,A,A,B,B,A,A,A,B,B,B,-,B,A,A,B,A,A,A,B,A,A,B,A,B,A,B,A,B,B,B,B,A,B,B,B,B,A,B,A,B,A,A,B,B,B,B,B,B,A,B,B,B,B,B,A,B,A,B,A,-,B,B,B,A,B,B,A,A,A,B,B,B,B,-,B,A,A,A,A,A,A,A,A,B,A,A,A,B,B,B,B,A,A,A,B,B,A,A,A,A,B,B,B,A,A,B,B,A,B,B,A,B,A,-,A,B,A,A,B,B,B,B,B,B,A,-
M06_020,A,A,A,B,B,B,H,A,A,B,B,A,B,A,A,A,A,B,A,B,A,B,B,B,A,B,B,-,A,A,A,A,B,A,B,B,B,A,-,A,A,A,B,B,A,A,A,B,B,A,A,B,A,A,B,A,B,A,B,B,B,B,A,A,A,A,A,B,A,A,B,B,A,A,A,A,B,A,B,B,B,A,B,B,B,B,B,B,B,-,B,B,B,B,A,B,B,B,B,A,A,B,B,A,B,B,B,B,A,B,B,B,-,A,H,B,B,B,B,B,B,B,A,A,B,B,A,B,B,B,A,A,B,A,B,B,B,B,A,A,B,B,A,A,A,B,A,A,B,A
M06_021,B,A,B,A,A,B,A,B,A,A,B,B,A,B,B,A,B,A,A,A,B,A,B,A,A,B,B,A,A,B,-,B,B,B,B,B,A,A,A,A,B,A,B,B,B,B,B,A,B,A,B,A,A,B,B,B,A,A,A,A,B,A,B,A,B,A,B,B,A,A,A,A,A,A,A,A,A,A,A,B,B,B,A,A,A,B,B,A,B,B,H,A,A,A,A,B,A,B,A,A,A,A,B,B,B,B,A,B,A,B,B,A,A,H,A,A,-,B,A,-,B,B,A,B,A,B,B,B,B,B,A,B,A,A,A,B,A,B,B,B,B,A,B,B,B,A,A,B,A,A
M06_022,A,A,A,B,B,A,A,B,A,-,A,B,B,B,B,A,A,B,B,A,B,B,B,A,B,A,B,A,B,A,A,A,-,A,A,H,B,B,A,A,A,B,A,B,A,H,A,A,B,B,B,A,B,B,A,A,B,B,B,-,A,B,B,B,B,B,A,-,A,B,A,B,A,A,B,B,A,B,A,A,A,B,A,B,B,A,A,A,B,B,B,A,A,A,A,A,B,B,B,-,A,A,A,B,A,B,H,A,B,B,A,B,A,B,A,A,A,-,A,A,A,A,B,B,B,B,B,B,B,A,B,H,B,B,A,B,B,A,A,A,B,B,B,A,-,A,A,A,H,A
M06_023,-,A,A,B,B,B,B,B,B,-,B,A,B,B,A,A,A,A,B,H,B,B,A,A,B,H,B,A,B,B,B,B,B,A,B,A,A,B,A,A,A,B,A,A,A,B,A,B,A,B,-,B,B,A,B,-,A,B,-,A,A,B,B,B,B,A,A,B,B,A,B,B,B,A,A,B,B,A,B,A,A,A,A,B,B,A,B,B,A,B,B,B,B,A,A,B,B,A,A,B,A,A,A,A,A,B,A,B,B,B,B,B,A,A,A,A,B,H,A,B,B,A,B,B,A,B,B,A,B,B,A,B,B,B,B,B,A,H,B,A,B,B,A,B,B,B,A,B,B,H
M06_024,B,B,A,B,-,A,A,B,A,A,A,B,B,A,B,A,A,A,A,B,A,B,H,A,A,B,A,A,-,B,B,A,A,A,A,-,B,A,A,A,A,B,A,A,A,B,B,A,A,A,B,B,B,A,B,A,B,B,B,A,A,-,A,B,A,B,B,A,A,B,B,A,A,B,B,B,B,B,A,B,H,A,B,A,A,B,A,A,A,A,B,A,A,A,B,B,B,B,A,B,A,A,B,A,B,A,B,A,H,A,B,B,B,B,B,B,B,A,B,B,B,-,B,A,B,A,B,B,A,B,A,B,B,A,B,B,A,B,B,A,A,B,A,A,A,B,B,A,B,B
M06_025,B,B,B,A,A,A,B,B,A,A,B,A,A,A,H,A,B,A,B,A,A,A,A,-,A,B,A,A,B,A,A,A,B,B,A,B,B,B,A,B,A,A,A,B,B,B,B,B,B,A,A,A,A,B,B,B,A,B,A,B,A,B,B,B,A,A,A,A,B,-,A,B,B,A,B,B,B,B,A,A,B,A,-,B,B,B,A,A,B,B,B,H,B,B,A,B,B,A,B,A,-,A,B,B,A,B,A,B,B,B,B,B,A,A,B,B,B,A,A,A,A,B,B,B,A,B,A,A,-,A,A,A,B,B,B,B,A,A,A,B,A,H,A,B,B,A,B,A,A,A
M06_026,B,A,A,H,A,A,H,-,A,B,A,A,A,-,A,A,A,A,B,A,-,-,A,A,A,A,B,B,A,B,H,A,B,B,A,B,B,A,B,A,A,B,A,B,A,B,A,A,A,A,A,B,A,B,A,B,B,A,B,A,B,B,-,B,B,B,A,B,A,B,B,B,B,-,A,A,B,A,B,A,A,B,B,A,A,A,A,A,B,B,A,A,B,B,A,A,A,A,B,B,B,H,A,B,A,A,B,A,A,B,A,B,A,B,A,B,A,B,B,A,A,A,B,B,A,B,B,A,A,B,B,A,A,A,B,B,A,A,A,-,A,B,B,B,B,A,B,B,B,A
M06_027,A,B,B,B,B,B,A,B,B,B,B,A,A,B,A,B,B,A,B,A,B,A,B,-,B,B,B,B,B,A,B,A,H,A,A,A,A,B,A,B,A,B,B,A,A,A,A,A,A,A,B,A,B,H,A,A,A,A,B,A,A,A,B,B,B,B,A,A,A,-,B,A,A,A,B,B,A,A,A,B,B,A,A,A,B,B,B,B,A,B,A,A,B,B,B,B,B,A,B,B,B,B,B,B,A,B,B,A,B,A,A,B,B,A,B,B,B,B,-,B,B,A,A,A,B,A,A,B,B,B,A,A,A,A,A,A,A,B,A,A,B,B,B,A,B,B,B,A,A,B
M06_028,B,B,B,H,B,B,A,A,B,B,A,B,B,A,B,B,B,B,-,B,B,B,A,B,-,A,A,A,B,B,B,A,B,B,A,B,B,A,A,B,A,A,B,B,B,A,B,B,B,A,A,B,B,B,A,B,B,B,A,B,B,B,B,A,B,A,B,A,A,B,A,B,A,B,B,A,B,A,A,A,B,A,A,-,A,A,A,A,A,-,A,A,A,B,B,A,B,B,B,A,B,A,B,A,A,-,B,B,A,A,B,B,B,B,A,A,A,A,B,A,A,A,A,B,A,A,-,A,A,B,A,B,B,A,A,B,-,H,A,B,B,B,A,A,A,B,A,B,A,A
M06_029,A,B,B,A,B,A,B,B,A,A,A,A,B,B,B,B,A,A,B,B,B,B,A,A,B,A,B,A,A,A,B,B,-,B,B,A,A,-,A,B,A,-,A,A,H,A,B,A,B,B,A,-,A,A,A,A,A,A,A,B,A,A,A,A,A,A,B,A,B,A,A,A,H,B,A,A,A,A,B,B,A,A,B,B,B,A,B,-,-,B,B,A,B,B,A,B,B,B,B,A,B,A,A,B,B,A,A,B,A,-,A,B,A,B,B,A,A,A,A,A,B,A,B,B,A,A,B,B,H,A,B,A,A,A,A,B,A,B,B,B,A,B,A,B,B,A,A,B,B,A
M06_030,A,A,B,A,B,B,B,-,A,A,A,A,A,B,B,A,A,A,B,B,A,B,A,A,A,B,A,A,A,A,B,A,B,A,A,A,A,A,A,B,B,B,A,A,A,B,B,B,A,A,A,A,A,A,A,A,A,B,A,A,B,B,A,B,A,A,A,A,B,A,A,B,A,B,A,A,A,-,B,A,A,B,B,B,B,B,A,B,A,B,A,B,B,B,B,B,B,A,A,B,B,A,B,A,A,B,B,B,B,A,A,B,B,A,B,B,B,B,A,A,B,B,A,B,B,-,B,A,A,B,A,A,B,B,B,A,A,B,A,A,A,A,A,A,B,B,A,B,B,A
M06_031,A,A,B,B,B,B,B,B,-,A,A,B,B,A,B,B,B,A,B,A,A,B,B,A,B,A,B,B,A,A,B,A,A,A,A,B,A,B,A,B,B,A,H,A,B,H,B,B,A,A,A,H,B,A,A,A,A,A,B,B,B,B,B,B,A,A,A,B,B,B,B,A,B,B,B,B,B,A,A,B,B,A,B,B,A,A,A,A,A,A,-,B,B,B,B,B,B,B,A,B,B,A,A,B,A,A,B,B,B,B,B,A,B,A,B,A,A,A,B,B,A,A,B,B,B,A,A,B,A,A,-,B,H,B,B,B,A,B,A,-,B,B,B,B,B,A,B,A,B,A
M06_032,-,B,A,A,B,B,A,B,B,B,B,A,A,A,A,A,A,B,-,-,-,A,B,A,B,-,A,A,A,A,A,A,B,A,B,A,A,A,A,A,A,A,A,B,B,A,A,B,B,B,A,A,B,B,A,B,A,A,A,-,B,B,B,A,A,A,A,B,A,B,B,A,B,A,B,B,A,A,B,A,B,A,B,B,B,A,A,A,B,B,A,B,A,B,B,B,A,A,B,A,B,B,A,B,B,B,-,B,A,B,A,B,A,A,A,A,A,-,A,B,A,A,A,A,A,H,A,B,A,B,-,B,A,A,B,-,A,A,B,A,A,B,B,A,B,-,A,B,B,A
M06_033,A,B,A,B,H,H,A,B,B,A,A,A,A,H,B,-,B,A,B,A,A,A,B,A,A,H,B,B,B,B,B,B,B,B,A,A,-,B,B,B,B,A,B,A,A,B,B,B,A,B,A,B,A,B,A,A,B,B,B,B,B,B,A,A,B,A,A,A,A,B,A,A,B,B,B,A,A,A,-,A,B,H,B,B,B,B,B,B,A,A,B,A,B,B,B,A,B,A,B,A,B,B,B,B,H,A,-,A,A,A,B,A,B,B,-,A,B,B,A,H,A,B,B,A,A,B,A,B,B,B,B,B,A,B,B,A,B,B,A,B,B,A,B,B,B,A,A,A,B,B
M06_034,A,A,A,B,B,B,A,A,A,B,A,A,B,B,H,B,B,B,B,B,B,A,A,A,B,B,B,A,A,H,A,A,B,A,A,A,A,B,A,A,A,B,A,A,A,A,A,-,B,B,B,A,B,A,B,A,B,B,A,A,B,A,B,A,A,B,A,A,B,B,B,B,-,-,A,B,A,A,B,H,B,A,B,A,B,A,A,A,A,B,B,B,A,B,A,A,A,A,A,A,B,B,A,A,A,-,A,A,B,B,A,B,B,B,A,B,B,A,B,A,B,A,A,B,B,A,A,A,A,A,B,A,B,B,A,B,B,A,B,B,B,A,B,A,-,B,B,A,A,A
M06_035,B,A,A,A,B,A,H,B,-,A,A,A,A,-,A,A,-,A,A,A,B,B,B,A,A,B,B,B,B,A,B,B,B,B,A,B,B,A,A,B,A,B,A,B,A,A,B,-,A,-,B,B,B,B,A,B,B,B,B,B,-,B,B,B,B,B,A,A,B,B,A,A,A,A,A,B,B,B,A,B,B,A,A,B,B,B,A,B,A,B,B,A,A,A,A,A,B,B,B,B,B,B,A,B,A,A,B,A,B,A,A,B,A,-,A,H,A,-,B,B,-,A,B,B,A,A,B,B,B,B,B,-,A,B,A,-,B,A,A,B,B,A,B,B,-,A,A,B,B,B
M06_036,B,A,A,A,A,B,B,A,A,A,B,B,B,A,A,A,H,B,B,B,B,-,A,B,A,-,B,B,B,A,A,B,B,B,B,B,A,A,A,B,A,B,B,A,B,B,B,B,A,A,A,B,B,B,-,B,H,B,A,B,A,A,A,A,B,A,B,A,A,A,A,A,B,H,A,A,A,B,-,B,A,A,A,B,A,B,B,B,A,B,A,H,A,A,A,B,A,A,A,A,B,A,B,B,B,A,A,B,B,A,B,B,A,B,B,A,A,A,A,B,B,B,B,A,A,B,B,A,H,A,B,B,A,A,B,A,A,B,B,B,B,B,B,A,B,A,A,B,A,B
M06_037,A,B,A,A,A,A,A,B,B,A,A,A,A,B,A,B,A,B,B,A,B,B,B,B,B,B,A,A,A,-,H,A,B,A,A,B,A,B,B,B,B,B,B,A,B,B,B,A,B,B,A,B,B,B,A,A,B,B,A,A,A,A,B,B,B,B,B,A,B,A,B,A,A,A,B,A,A,B,B,A,A,A,B,B,A,B,A,A,B,A,B,B,A,A,B,-,A,A,A,B,A,A,H,-,A,B,B,A,A,A,A,B,B,B,B,B,B,B,A,B,A,A,B,A,B,B,-,B,A,A,B,A,B,A,-,A,B,A,A,A,-,A,A,B,A,A,B,A,B,A
M06_038,A,A,B,B,A,B,B,A,B,B,A,A,B,B,A,B,A,B,B,B,B,A,A,B,A,A,B,A,A,A,B,A,A,B,B,B,-,A,B,A,A,A,A,A,A,B,A,B,B,B,A,B,B,-,A,-,A,A,B,B,A,A,A,A,B,B,A,A,B,A,B,B,B,A,A,B,A,A,B,B,A,A,B,A,A,B,A,A,A,B,B,B,B,B,B,A,A,B,A,A,A,B,A,B,A,B,A,B,A,A,B,A,A,B,A,B,A,A,B,B,A,B,B,B,A,A,A,A,A,A,B,B,A,B,B,A,A,A,B,A,A,A,B,B,-,A,-,B,B,H
M06_039,A,A,B,A,A,A,A,A,B,A,A,A,B,B,A,A,B,A,H,B,A,B,A,A,A,B,A,A,A,B,A,A,B,B,B,A,B,A,A,B,B,B,-,B,A,B,A,B,A,A,B,A,B,B,A,B,B,B,B,A,A,A,A,B,A,B,B,A,-,B,B,B,A,A,B,A,B,A,B,A,B,B,B,A,A,A,B,B,B,-,A,-,A,B,A,B,B,B,B,A,B,A,A,B,B,A,A,B,A,B,-,A,B,B,B,B,A,B,A,B,A,A,A,B,A,B,A,A,A,A,B,B,B,A,B,A,B,A,B,B,A,-,B,A,B,B,B,H,A,A
M06_040,-,B,B,B,B,B,H,A,B,B,A,A,A,B,B,A,B,-,B,B,B,-,-,A,A,A,B,H,B,B,A,A,B,A,B,B,A,B,A,A,B,B,H,A,B,A,-,B,A,B,B,A,B,A,B,A,A,B,B,B,A,A,B,B,A,A,A,A,B,A,-,A,A,A,B,B,A,B,B,A,A,A,B,-,A,B,B,A,B,A,B,A,B,A,B,A,B,A,A,A,A,B,H,B,B,A,A,B,B,B,-,A,A,A,B,A,B,B,B,B,A,B,A,B,A,A,A,A,B,B,B,B,B,A,B,A,B,B,A,A,B,B,H,B,A,A,A,B,A,B
M07_001,B,B,A,A,B,B,B,B,A,A,A,B,A,B,B,A,B,B,B,A,A,A,A,A,B,A,B,B,A,B,H,B,A,B,A,-,B,A,A,B,B,B,A,A,A,B,A,A,-,B,B,B,B,A,B,B,B,A,B,B,B,B,B,A,B,B,A,A,B,A,B,A,B,B,A,A,A,A,B,A,-,B,A,A,A,B,A,A,A,B,B,B,A,A,A,B,A,A,A,B,A,B,H,A,B,B,B,A,A,B,A,B,B,B,A,B,B,B,A,B,A,A,H,-,A,B,A,A,B,A,B,B,A,B,A,B,B,B,A,A,A,B,B,A,A,B,A,A,B,A
M07_002,B,A,A,B,B,B,A,B,A,A,H,B,B,B,A,B,B,A,B,A,A,A,H,B,-,B,A,B,B,B,B,A,B,B,B,B,B,B,B,-,A,A,B,A,B,A,A,B,A,A,A,B,B,B,A,B,A,A,B,A,A,A,A,B,A,H,B,A,B,B,-,-,B,A,A,B,B,B,B,A,B,B,A,A,B,B,A,A,B,A,A,B,B,B,B,B,B,A,A,A,B,B,-,B,B,B,A,B,B,B,A,B,A,B,B,A,A,B,B,B,B,B,A,B,B,B,A,A,A,B,A,A,A,A,B,B,B,A,A,B,A,B,A,A,A,B,A,B,B,A
M07_003,A,B,A,B,B,A,A,A,-,A,B,B,B,B,A,A,A,A,A,A,B,-,-,B,B,A,A,H,B,H,A,A,A,H,A,A,B,-,A,B,A,A,A,B,A,A,B,A,A,B,A,A,B,B,B,A,A,B,A,A,B,A,B,A,A,B,A,B,A,A,-,A,H,B,B,B,B,A,A,B,A,A,B,A,A,A,B,A,-,A,B,A,H,B,B,B,B,A,B,B,A,A,A,A,A,B,A,A,B,B,A,A,A,A,A,A,A,B,A,A,H,B,A,A,B,A,B,B,A,B,H,B,A,B,B,-,B,A,A,A,A,A,A,A,B,B,B,A,A,A
M07_004,B,B,A,B,B,B,A,B,B,A,A,A,A,A,A,A,A,A,B,B,A,A,-,B,A,B,A,B,H,A,B,A,B,A,B,A,B,B,A,A,A,B,B,A,B,A,A,A,B,H,B,A,B,A,A,A,A,B,B,B,A,A,A,A,H,A,B,A,A,A,B,A,B,A,A,B,A,A,B,A,B,A,A,A,B,B,B,B,A,A,A,B,B,A,A,B,B,B,A,B,B,A,B,-,A,B,B,A,A,B,A,A,A,B,A,B,A,B,B,B,A,A,B,B,A,A,A,A,A,B,A,B,B,A,B,A,B,A,B,A,A,A,A,A,B,A,B,A,B,B
M07_005,B,A,A,A,B,B,B,A,B,B,A,A,B,A,-,B,H,B,B,A,A,B,B,B,A,A,A,A,B,B,A,B,B,B,B,A,B,A,B,B,B,H,B,A,A,A,A,A,B,A,A,B,B,B,A,B,A,-,B,A,A,B,B,B,A,A,A,B,B,A,A,B,A,B,B,A,A,B,A,B,A,A,B,A,A,A,B,B,A,B,A,A,B,B,A,A,A,B,A,A,A,A,B,A,B,A,A,A,A,A,B,B,A,A,A,B,B,B,B,A,B,-,B,A,-,A,A,B,B,B,H,A,B,B,B,A,A,A,H,B,A,B,A,-,B,A,A,B,B,H
M07_006,A,A,A,B,A,A,A,B,A,A,A,A,A,A,B,A,A,A,B,A,B,B,A,A,B,B,B,B,A,B,-,B,B,A,A,A,A,B,B,B,A,A,A,-,B,B,A,B,A,A,A,B,A,A,B,B,A,B,B,A,B,A,B,B,A,A,A,A,A,B,-,A,B,B,A,B,-,A,A,B,B,A,A,B,B,B,B,B,B,B,B,A,B,A,A,B,A,-,H,B,B,H,A,A,A,B,B,A,A,A,A,A,B,A,A,A,B,A,A,B,B,B,A,B,A,A,B,-,B,B,A,A,A,B,B,B,B,A,B,A,B,A,B,A,A,B,B,B,B,A
M07_007,B,B,A,B,B,B,A,-,A,B,B,B,B,-,B,A,A,A,A,B,B,B,A,B,B,-,B,B,B,A,A,B,B,B,B,A,B,A,B,A,A,B,A,A,A,A,A,A,B,B,B,B,B,A,A,B,B,-,A,-,B,B,A,B,B,B,B,B,B,A,-,B,B,B,H,H,B,A,A,B,A,H,A,B,B,A,B,B,A,A,B,A,-,A,A,A,A,A,H,-,A,A,-,B,B,A,B,-,B,A,B,A,A,A,A,A,B,B,B,A,B,B,A,B,B,A,A,A,H,A,A,A,B,A,B,B,B,B,A,B,B,B,B,B,A,A,A,A,B,A
M07_008,A,B,B,B,B,-,B,B,H,A,B,B,B,B,-,B,A,A,A,A,A,B,A,B,A,B,A,B,B,A,-,A,B,-,B,A,A,A,-,A,A,B,A,A,B,B,B,A,B,B,A,A,B,B,A,A,B,A,B,-,-,A,A,B,A,A,B,A,A,A,B,B,B,B,A,A,-,B,B,-,A,B,B,A,A,B,B,B,B,B,A,B,A,B,B,B,A,B,B,B,A,A,B,B,A,B,B,A,A,A,A,A,B,A,A,A,H,A,B,A,A,B,B,B,B,A,B,B,B,A,A,B,B,A,A,A,B,A,-,B,A,A,A,A,A,A,A,B,A,B
M07_009,A,A,B,A,A,B,B,-,B,A,B,B,A,B,A,B,A,B,A,B,A,A,B,B,A,B,A,B,B,B,B,B,A,B,-,A,A,B,H,A,B,A,B,B,A,A,B,B,B,B,B,B,B,B,B,B,A,B,A,B,A,B,A,A,A,A,B,A,A,B,A,A,B,B,A,A,B,A,B,B,B,B,A,A,B,B,B,B,B,A,A,A,A,B,B,B,B,A,B,A,B,A,B,A,B,A,A,A,B,B,B,B,A,B,B,A,B,A,A,B,B,B,A,B,B,B,B,B,A,-,B,A,B,B,B,A,A,A,B,A,A,H,A,B,B,B,B,B,B,B
M07_010,A,A,B,B,B,B,A,A,A,B,A,A,B,A,B,A,B,A,A,B,B,A,B,B,A,B,A,A,A,A,A,A,A,B,B,B,-,B,A,A,B,B,A,A,B,B,A,B,A,-,A,A,A,B,A,B,B,B,A,A,A,A,B,H,A,A,B,B,B,-,A,B,A,B,A,B,B,A,A,B,A,B,A,A,B,B,A,A,B,-,A,A,A,B,B,A,B,A,B,A,B,B,B,B,B,-,A,A,-,B,B,A,B,A,A,B,A,A,B,A,B,B,-,H,B,B,B,B,A,B,-,B,B,B,B,A,A,-,A,H,B,B,B,B,A,B,A,A,-,B
M07_011,B,A,A,-,A,A,B,A,A,A,B,B,B,B,A,A,A,B,B,B,A,A,A,B,-,B,A,B,A,A,A,A,A,B,A,A,B,B,A,B,B,A,B,A,A,H,A,A,B,B,B,B,B,B,A,A,A,A,A,B,A,A,B,B,B,B,B,B,B,B,B,B,B,A,B,B,B,A,A,A,B,B,A,B,A,A,A,B,B,A,B,B,-,H,B,-,B,A,B,B,A,B,B,H,A,B,B,A,A,B,B,A,B,A,A,B,-,A,B,B,B,B,A,B,A,H,-,A,A,-,A,B,B,A,A,B,A,A,A,A,A,B,B,B,A,B,-,B,B,A
M07_012,A,A,A,B,A,B,A,B,A,A,B,B,B,B,H,B,A,A,B,B,B,A,-,B,B,A,B,B,B,B,B,A,B,B,A,A,A,B,B,A,B,B,B,B,B,A,B,B,A,B,A,B,B,-,B,B,B,B,B,B,B,A,B,A,B,A,A,A,A,A,A,A,A,B,A,B,B,A,A,H,B,A,A,A,B,B,A,A,A,H,B,B,A,B,A,B,A,B,A,B,A,A,A,B,-,A,A,A,A,A,A,A,B,A,B,A,B,A,B,B,-,A,A,A,A,B,A,A,B,B,A,B,A,A,A,A,A,A,A,B,B,B,B,B,B,B,A,A,B,A
M07_013,A,A,B,A,A,A,B,A,A,B,B,B,B,A,B,A,B,A,A,A,A,A,B,B,A,A,B,B,A,B,B,A,A,A,B,A,A,B,A,B,A,H,B,B,A,A,B,A,B,B,B,A,B,B,B,B,A,B,B,A,A,A,B,B,A,B,B,B,B,A,B,A,B,B,A,A,A,A,A,B,A,A,A,A,A,A,A,A,A,B,A,A,B,B,-,A,B,B,A,A,B,B,A,A,A,A,-,A,H,A,A,A,B,A,B,B,A,B,A,B,A,-,B,A,B,B,A,A,B,B,A,B,B,-,B,A,B,A,A,B,A,B,B,A,A,B,A,B,A,B
M07_014,A,A,A,A,A,B,A,A,A,B,B,A,B,B,A,B,B,B,B,B,A,A,B,B,B,B,B,B,A,A,A,B,A,A,A,B,A,A,A,A,A,A,A,B,B,A,B,B,-,A,-,B,A,A,A,B,A,A,B,-,A,A,-,A,B,B,A,A,A,B,A,A,A,A,B,A,B,A,A,B,B,B,A,A,B,B,B,B,A,B,B,A,A,B,A,B,B,B,B,A,A,B,A,A,B,A,-,A,B,-,A,B,A,A,B,A,A,B,A,B,B,A,B,A,A,B,A,B,A,A,B,A,B,B,B,A,B,B,-,B,B,B,B,B,A,-,B,B,B,B
M07_015,B,A,A,A,A,B,B,A,A,A,A,A,A,A,B,A,B,B,A,B,B,A,A,B,A,A,A,A,B,B,B,A,B,B,B,A,A,B,A,B,B,A,B,A,B,H,B,B,B,B,B,A,A,B,A,B,A,A,A,B,B,A,B,B,B,B,A,B,A,A,A,A,-,A,B,B,B,B,H,A,B,A,B,A,B,A,A,B,B,A,B,A,B,B,A,A,A,A,B,B,B,A,B,A,B,A,H,A,B,A,B,B,B,B,A,A,B,A,B,B,A,B,B,B,B,A,B,A,B,A,A,B,A,H,A,A,A,A,B,B,A,A,A,A,B,B,B,B,B,B
M07_016,A,B,B,A,B,H,B,-,B,H,A,B,B,A,B,A,B,B,B,A,B,B,A,B,A,A,B,B,B,A,A,B,A,A,B,B,A,A,B,H,A,B,A,B,A,B,B,B,-,A,B,A,A,A,B,A,B,B,B,B,A,A,B,A,A,A,A,B,A,B,A,B,-,B,A,A,B,A,A,B,B,B,H,B,B,A,B,B,A,A,A,B,B,A,A,H,B,A,B,A,A,B,B,A,B,A,B,A,A,A,A,A,A,B,A,A,B,A,B,A,A,A,A,B,A,B,B,-,B,A,B,B,A,A,A,A,A,B,A,-,A,A,A,A,A,A,B,B,A,B
M07_017,A,B,A,B,B,B,B,B,A,B,A,A,A,B,A,B,B,A,A,B,B,A,A,A,A,A,B,B,B,A,A,B,B,A,B,B,B,B,B,A,B,A,A,A,A,H,A,B,-,A,B,A,B,A,B,A,B,A,B,B,A,A,B,B,A,B,B,B,B,B,B,B,A,B,B,B,A,A,B,B,A,A,B,B,-,B,A,B,B,B,A,A,B,B,B,B,A,B,B,B,B,A,B,A,B,B,B,H,A,A,B,A,A,B,B,A,A,A,B,A,B,B,A,A,B,A,B,B,A,A,B,A,A,A,B,B,A,B,A,B,A,A,B,A,A,B,B,B,B,A
M07_018,A,A,A,A,B,A,A,A,A,B,A,A,-,B,B,B,B,A,A,B,A,A,A,A,-,A,A,B,B,B,A,A,B,A,A,B,A,A,A,A,A,A,A,A,A,B,-,A,H,B,B,A,B,B,A,B,B,A,A,A,A,A,B,B,B,B,A,A,B,A,B,A,A,A,A,B,B,A,B,-,A,B,A,-,B,A,-,A,A,B,A,A,B,B,B,B,B,B,A,B,A,B,A,B,B,-,B,A,B,A,B,B,B,A,A,B,-,B,B,A,B,B,B,-,A,A,B,A,B,B,B,H,B,A,A,A,A,B,B,A,A,B,B,A,A,B,A,B,B,A
M07_019,A,B,A,-,B,A,B,B,B,A,A,A,B,A,A,B,B,A,A,B,B,B,A,A,B,B,A,A,B,B,A,B,B,-,A,B,A,A,B,B,B,A,A,B,A,A,B,B,B,A,B,B,B,A,B,B,B,B,A,B,B,A,A,A,B,B,A,B,B,B,A,B,B,A,A,A,B,B,B,A,A,B,A,B,A,A,B,H,A,A,A,A,B,B,B,B,A,B,-,B,B,B,B,B,B,B,A,B,A,A,B,B,B,B,A,B,B,B,A,-,B,A,B,A,B,B,B,B,A,B,A,A,A,A,B,B,-,A,A,B,A,A,B,A,A,A,A,A,B,A
M07_020,A,A,B,B,B,B,B,A,A,A,A,A,B,A,B,B,B,-,B,B,B,B,-,A,A,A,B,A,A,B,A,B,B,A,-,B,H,B,A,A,A,B,A,A,B,A,A,B,B,A,B,B,B,B,B,B,B,B,A,A,-,A,A,B,A,B,A,A,A,A,A,A,A,B,A,B,-,A,A,A,B,B,A,B,B,B,B,-,A,B,B,B,A,B,B,A,A,B,A,A,-,B,B,A,B,B,A,B,B,B,A,B,-,A,B,-,B,A,A,B,A,A,B,-,B,A,A,B,B,H,B,B,A,A,A,B,A,A,B,A,A,B,B,A,B,A,B,B,A,B
M07_021,A,A,B,A,A,A,A,B,B,A,A,B,A,A,A,A,B,B,B,B,A,B,B,B,A,B,B,A,H,A,A,A,A,B,A,-,B,A,B,B,A,B,B,B,B,B,A,A,B,B,A,A,B,B,A,B,B,-,-,B,A,B,A,B,A,B,B,H,A,A,A,A,A,B,B,A,A,B,A,B,A,A,-,A,B,A,-,A,B,B,B,A,B,A,A,B,-,A,B,A,A,B,B,A,B,B,B,A,A,B,-,B,B,A,B,A,A,A,B,-,A,A,A,A,B,A,A,B,B,B,A,B,A,B,A,A,B,A,A,B,B,B,B,B,B,B,B,B,A,B
M07_022,A,B,A,B,A,B,A,A,B,A,A,B,B,A,A,B,A,A,-,A,B,B,B,B,-,B,B,A,A,B,A,A,B,B,A,A,A,B,B,A,B,A,B,A,B,A,A,A,A,B,B,B,A,A,A,A,A,B,-,B,B,A,B,A,A,A,B,A,B,A,A,A,B,B,B,A,A,B,A,A,A,B,B,A,B,B,A,A,B,B,A,B,A,B,A,A,B,A,A,B,B,B,A,B,A,A,A,A,A,A,H,B,B,B,B,A,B,A,A,A,B,A,B,B,A,A,B,A,B,B,A,A,B,B,A,A,B,A,B,B,B,A,B,A,A,B,A,B,B,A
M07_023,A,A,A,B,B,B,B,A,A,A,A,A,-,B,A,B,A,A,A,A,B,B,B,-,B,B,B,-,B,B,B,B,A,-,B,B,B,A,A,B,A,B,B,A,A,B,A,A,B,B,B,B,A,B,-,B,A,A,A,A,A,H,A,A,A,B,B,B,B,B,B,-,A,A,A,B,A,B,A,-,A,B,B,B,B,A,A,B,B,A,A,B,A,B,-,A,A,B,B,B,B,B,A,B,A,A,A,A,A,B,A,B,B,A,A,-,A,A,-,A,A,A,B,A,B,A,A,-,A,A,B,A,A,A,A,A,B,B,B,B,B,B,B,A,A,B,B,A,B,B
M07_024,A,B,B,B,A,A,A,A,B,-,B,A,A,B,A,H,B,B,A,B,A,B,A,B,A,A,A,A,B,B,B,A,A,A,A,B,A,B,B,B,B,A,A,B,B,A,A,B,A,B,A,B,B,B,A,-,B,B,A,A,A,A,B,B,B,A,A,B,B,B,B,B,B,B,B,A,B,B,A,A,B,B,H,A,A,A,B,B,B,A,A,A,B,A,A,A,-,A,A,B,B,B,A,B,-,B,A,A,B,-,B,A,B,A,A,B,A,A,B,A,B,B,B,B,B,A,B,-,A,B,A,A,A,A,H,B,B,B,B,B,B,A,A,B,B,B,B,B,B,B
M07_025,A,A,B,A,A,B,A,B,B,B,B,B,A,A,B,B,A,B,B,A,B,A,A,B,B,A,B,A,A,A,A,A,B,A,A,B,A,B,A,-,-,A,A,A,A,B,A,B,B,A,B,B,B,A,B,A,A,A,-,A,B,A,B,B,A,B,A,-,-,A,B,A,A,A,A,B,A,B,A,B,A,A,B,B,B,A,A,A,B,A,A,B,B,B,A,B,A,A,B,B,B,A,B,A,B,A,A,A,A,B,B,A,B,B,B,-,H,A,B,B,A,B,A,-,A,B,B,A,A,A,B,B,B,B,B,A,A,B,B,B,A,A,A,B,B,A,B,A,A,A
M07_026,B,B,B,B,A,A,B,B,A,A,A,A,A,A,B,A,B,B,A,-,A,B,A,A,B,A,A,A,A,B,A,A,A,A,B,A,B,B,A,B,B,A,A,A,A,A,B,B,B,B,B,B,-,A,A,A,A,A,A,A,B,B,B,A,B,B,B,B,A,A,B,A,A,A,A,B,A,A,H,A,B,A,B,A,B,A,B,A,A,B,A,B,B,A,A,B,A,A,B,A,B,A,B,A,A,B,A,A,B,B,A,A,B,A,B,A,B,A,A,A,A,A,A,B,A,B,-,B,B,B,A,B,A,A,B,A,A,A,A,A,B,A,B,B,B,B,B,A,A,B
M07_027,B,B,A,A,B,B,B,B,B,A,B,A,B,A,A,A,B,B,A,B,-,B,A,A,A,A,B,A,A,A,A,B,B,A,B,A,B,A,A,B,B,A,B,B,A,A,A,B,H,-,B,B,A,A,A,B,B,-,A,B,A,B,A,B,B,A,B,A,A,A,B,A,A,B,A,A,A,B,B,A,B,A,B,A,A,B,A,A,B,H,-,B,B,A,B,B,B,A,A,A,A,A,A,A,A,A,A,A,B,A,B,B,B,B,A,A,A,A,A,B,A,H,B,B,A,B,A,A,B,A,A,B,A,B,B,A,B,B,A,A,B,B,B,A,A,B,A,B,B,A
M07_028,B,A,B,A,A,B,B,A,A,A,A,B,A,B,B,B,B,A,A,B,B,A,B,B,B,B,B,B,A,-,A,A,B,B,B,A,A,A,A,B,-,A,A,B,A,B,A,A,B,A,B,B,B,B,B,-,A,A,B,B,A,A,A,B,A,B,-,B,A,B,B,A,-,B,B,A,A,A,B,B,A,A,B,B,B,B,A,B,A,B,B,B,B,A,A,A,B,B,B,B,A,A,A,B,B,-,-,A,A,B,A,B,A,A,B,H,B,A,A,A,A,B,A,A,B,-,-,A,A,A,A,B,A,A,A,B,B,-,A,B,A,A,B,B,H,B,A,A,A,A
M07_029,B,B,B,B,B,A,A,B,H,A,B,B,B,A,B,A,B,A,B,B,A,B,B,B,A,A,A,A,B,A,A,A,A,B,H,B,A,B,B,B,B,A,A,B,B,A,A,B,B,B,B,A,A,B,B,A,A,B,A,B,B,B,B,A,B,A,B,B,A,A,A,B,A,B,B,B,B,A,B,A,A,A,B,A,B,A,B,B,B,B,B,A,-,B,A,-,A,-,A,A,A,B,B,B,A,B,A,B,B,B,B,B,B,A,A,B,B,A,-,A,A,A,B,B,B,B,B,B,A,B,A,B,H,B,A,B,-,A,B,A,H,A,-,B,A,A,H,B,A,A
M07_030,B,A,A,B,B,A,B,B,B,A,A,A,A,B,B,B,B,B,B,A,B,B,A,A,A,B,A,B,A,A,B,B,A,B,A,B,B,A,B,-,A,A,A,B,B,B,A,B,A,B,B,-,H,B,B,B,B,H,B,A,B,A,B,B,B,B,B,A,B,A,B,A,B,A,A,A,A,A,B,B,A,B,B,A,A,B,A,A,H,B,A,B,B,B,A,B,B,A,B,A,A,B,-,A,-,A,B,A,A,A,B,A,A,B,B,-,A,B,B,B,B,B,B,A,B,B,B,B,B,B,A,B,A,B,B,B,A,A,B,A,A,B,A,A,B,B,B,B,B,-
M07_031,B,A,A,A,B,B,-,A,B,A,B,A,A,A,A,B,B,B,B,B,A,B,B,A,A,H,B,A,A,A,A,A,A,A,B,A,A,A,A,A,B,A,A,B,B,A,A,B,B,A,A,B,A,A,B,A,A,B,B,A,B,A,A,B,A,B,A,A,B,A,A,B,A,A,B,A,B,B,A,A,B,A,B,A,A,A,B,A,B,B,A,A,A,B,B,A,A,A,A,B,A,A,B,A,A,A,B,A,A,A,A,A,A,A,A,A,B,B,A,A,A,A,A,A,A,B,A,B,B,B,B,A,A,A,A,A,B,A,A,B,A,-,A,B,B,B,A,B,A,B
M07_032,B,B,B,A,A,B,A,B,B,A,-,A,A,A,A,B,A,B,-,B,B,A,B,B,B,B,B,B,A,A,H,A,A,A,A,-,B,H,A,B,A,A,B,B,A,A,A,B,A,A,B,B,-,B,A,B,A,H,A,B,A,A,A,B,A,A,A,A,B,A,A,B,B,B,B,A,B,B,B,B,A,A,B,A,-,B,A,A,-,A,A,A,A,A,A,H,H,A,A,B,A,B,A,A,B,B,H,A,B,B,B,B,B,B,A,A,B,B,B,A,A,A,-,A,B,B,A,B,B,A,A,B,A,B,B,A,A,A,A,B,B,A,B,A,B,A,A,B,B,A
M07_033,A,A,A,A,B,B,B,A,B,A,A,B,-,A,A,A,A,B,A,A,A,B,B,A,B,A,A,B,A,A,A,A,H,A,A,B,A,A,B,B,B,A,B,-,A,A,B,B,-,B,A,A,B,A,A,B,B,A,B,B,A,A,-,-,A,B,A,B,A,A,B,B,B,A,B,A,A,B,-,A,H,B,A,A,A,A,B,B,B,A,A,B,A,A,B,B,H,B,B,A,A,B,A,A,A,A,A,A,A,B,B,B,A,A,A,B,-,A,B,B,A,B,B,A,A,B,B,A,B,A,A,A,B,B,B,-,B,A,B,B,A,A,B,A,A,B,B,A,A,B
M07_034,B,H,B,B,H,A,A,B,A,A,A,B,B,A,B,A,B,B,B,A,A,A,B,B,B,A,B,A,A,B,A,A,A,A,A,B,-,A,A,B,B,-,B,A,H,A,A,B,A,A,B,B,A,B,B,B,B,B,B,B,B,B,A,H,A,A,B,A,B,A,B,B,B,A,B,A,A,B,H,A,B,-,A,B,B,B,A,B,B,A,B,B,B,A,B,B,A,B,-,B,B,A,H,B,A,-,B,A,B,B,A,B,B,A,A,A,-,B,A,B,H,A,B,B,B,A,A,A,A,B,A,A,B,-,A,B,B,A,A,A,B,B,A,A,B,B,-,A,B,B
M07_035,B,B,A,A,A,A,B,A,A,B,A,A,A,B,A,B,A,B,A,B,A,A,B,A,A,B,A,B,A,B,H,A,B,A,B,A,B,B,A,A,A,B,A,B,A,A,B,B,B,B,B,B,A,B,B,B,B,A,A,A,B,A,A,B,B,A,B,A,-,B,A,A,A,A,A,H,A,B,B,B,A,A,B,B,A,B,A,A,B,B,A,A,A,H,A,-,A,A,B,A,B,A,B,A,B,A,B,B,B,A,B,A,B,A,A,A,A,A,A,H,B,A,A,B,A,B,B,B,B,B,A,A,A,B,A,B,A,A,A,B,B,B,B,B,B,A,A,A,H,A
M07_036,A,B,A,B,B,B,B,B,B,A,B,B,-,A,A,B,A,B,A,A,A,B,A,A,B,B,B,B,B,B,B,A,A,A,B,B,A,B,B,B,-,B,A,A,B,B,B,A,A,A,B,B,B,B,A,A,B,A,B,B,A,A,A,A,B,B,B,B,B,B,B,A,H,B,B,B,B,A,B,B,B,A,A,B,H,A,B,A,B,A,B,B,A,A,A,B,B,B,B,B,B,B,A,B,A,H,A,A,-,B,A,B,A,A,A,A,A,A,A,A,A,B,A,A,A,-,A,B,H,A,A,A,A,A,A,B,A,A,B,A,A,-,A,B,A,B,B,A,A,A
M07_037,B,B,A,B,B,H,A,B,A,B,-,A,B,B,A,B,A,A,A,A,B,A,A,B,A,B,B,A,A,B,B,B,B,B,A,B,A,A,A,A,B,A,-,A,A,B,B,B,B,B,A,B,A,B,B,B,A,A,B,B,B,A,B,B,A,B,A,B,A,B,A,A,B,B,B,A,B,A,B,A,A,B,A,B,A,B,B,B,A,A,A,-,B,B,B,A,A,A,B,A,B,A,A,B,A,B,-,A,A,B,B,A,B,B,A,B,B,A,B,B,B,B,A,A,B,B,A,A,B,B,A,-,A,A,A,B,B,B,A,B,A,B,B,A,A,B,B,A,B,A
M07_038,A,B,B,A,A,B,B,B,A,B,A,B,A,B,B,B,B,B,B,B,B,B,A,A,A,A,B,A,A,A,A,A,B,B,A,A,B,B,A,A,A,A,A,B,B,A,B,-,B,B,B,A,A,H,B,B,B,A,B,-,A,A,B,A,A,A,B,B,B,A,H,A,A,A,A,A,A,A,B,-,B,-,A,B,A,A,A,B,B,B,A,A,B,B,B,A,-,A,B,A,A,B,A,B,B,A,B,B,A,B,B,B,B,A,A,B,A,B,A,B,B,B,B,B,A,A,B,B,A,A,A,B,A,A,-,B,B,A,A,B,A,A,B,B,B,A,A,B,-,A
M07_039,A,B,B,A,A,B,B,B,-,A,B,B,A,B,A,A,A,B,A,A,A,B,B,A,A,B,A,A,B,A,-,A,A,A,B,A,B,A,A,B,B,B,B,A,A,A,B,B,A,A,A,A,A,A,A,A,B,B,A,B,A,-,B,A,A,B,A,A,B,A,B,A,A,B,A,B,B,A,B,A,A,B,A,A,B,A,A,-,B,A,A,-,A,B,B,B,B,B,A,A,A,B,A,B,-,B,B,A,B,A,B,A,A,A,A,B,B,A,A,B,A,-,A,B,B,B,A,B,B,A,B,H,B,B,-,B,B,B,A,B,B,A,B,A,B,-,B,B,-,B
M07_040,-,A,A,B,B,A,A,A,A,B,A,A,B,A,B,A,B,A,A,-,B,B,A,B,A,B,A,A,A,B,B,A,A,B,B,B,B,B,A,B,A,B,B,B,B,A,B,B,A,A,B,A,A,A,B,B,A,-,A,A,B,A,A,B,A,B,B,A,A,A,A,A,B,B,-,B,A,B,A,A,B,-,B,A,A,B,B,A,A,B,B,B,B,B,A,B,B,B,A,B,B,B,A,B,B,B,B,B,A,A,A,B,A,B,B,B,B,B,B,A,A,A,A,B,A,B,A,B,A,A,A,B,A,B,B,A,A,B,A,B,A,B,B,B,A,B,B,B,B,B
M08_001,B,B,A,A,H,A,B,B,A,A,A,B,A,A,B,A,B,B,A,A,A,A,A,B,B,B,A,A,A,A,B,A,A,B,B,B,A,A,-,A,B,B,-,A,A,B,A,B,B,H,B,A,B,-,A,A,A,A,A,B,B,B,A,A,A,B,B,A,-,B,A,A,B,B,A,A,B,A,B,A,A,A,B,B,B,-,B,B,A,H,B,B,-,B,B,A,B,A,B,B,B,B,A,B,A,A,B,B,-,A,A,B,B,A,B,A,B,A,H,A,B,B,A,A,A,B,A,B,-,A,A,B,A,A,B,A,A,A,H,A,H,A,A,B,A,A,A,B,A,B
M08_002,B,A,A,B,B,B,-,A,B,B,B,A,H,A,A,B,B,A,B,A,A,B,A,A,A,A,A,B,B,A,B,B,B,A,A,B,A,A,B,A,H,B,B,B,-,B,B,A,B,B,B,B,A,A,A,A,A,B,-,A,B,A,B,H,B,A,A,B,B,B,A,A,A,B,B,A,A,B,H,A,-,B,A,B,A,-,B,A,B,B,A,A,B,B,A,A,B,A,B,B,B,B,B,B,A,B,B,B,B,B,A,B,A,B,A,A,B,B,B,A,B,B,A,B,B,-,B,B,B,A,-,B,A,A,B,B,B,B,B,B,A,A,B,B,B,B,B,A,B,A
M08_003,B,B,B,A,A,A,B,A,A,H,-,A,B,B,B,B,-,A,A,-,B,A,B,B,A,A,A,A,B,B,B,B,A,B,B,A,B,A,B,B,B,B,B,B,B,A,A,B,A,A,A,A,A,A,A,A,A,B,B,B,B,A,B,B,A,A,B,A,B,B,A,A,-,A,B,A,B,A,B,A,A,B,A,A,A,B,B,B,A,A,A,B,B,B,B,B,A,A,A,A,B,B,B,A,B,A,A,-,A,A,B,B,A,B,B,A,A,B,A,A,B,B,A,A,B,A,B,B,A,H,B,A,A,A,A,-,A,A,A,A,A,A,A,B,A,B,A,B,A,B
M08_004,A,B,A,A,A,B,B,A,B,B,B,B,A,A,B,-,B,B,B,A,A,A,H,A,A,A,A,A,A,A,B,B,B,A,B,B,B,A,B,A,A,A,B,B,A,B,A,A,A,B,A,A,H,B,A,B,A,B,A,A,A,A,A,B,H,B,H,A,B,A,B,B,A,A,A,-,H,B,A,A,A,H,B,B,B,B,A,B,B,A,A,B,A,B,B,B,B,B,A,-,A,B,B,A,B,B,B,A,B,B,A,A,A,A,A,B,B,B,A,B,B,B,B,B,A,B,B,H,B,B,B,B,B,B,B,-,B,A,B,A,A,A,B,B,B,B,H,A,B,B
M08_005,B,A,H,A,-,A,A,B,B,A,B,B,B,B,B,B,A,-,A,B,B,B,A,B,B,H,A,A,H,B,A,A,B,B,A,B,A,B,B,A,A,A,B,A,B,B,B,B,B,B,B,B,A,B,A,B,B,A,A,A,A,B,B,A,A,B,A,H,A,B,A,A,A,B,A,B,A,A,B,A,A,A,B,B,B,A,A,A,A,A,A,A,A,A,A,A,B,A,A,A,B,B,A,B,B,B,B,B,A,A,B,B,B,A,A,B,A,B,B,A,B,B,A,B,B,A,A,A,B,A,A,A,A,A,A,B,B,B,B,A,B,A,A,A,A,A,A,B,B,A
M08_006,B,B,B,B,A,B,B,A,A,A,B,A,B,B,A,B,B,A,A,B,B,B,A,A,H,B,A,B,B,A,B,A,B,A,A,B,B,B,A,B,A,B,B,-,A,H,B,B,A,B,A,A,A,A,A,A,B,B,B,A,A,B,A,A,B,A,B,B,A,A,B,B,B,B,A,A,B,A,B,B,B,A,B,A,B,B,B,A,B,B,A,B,B,B,A,B,B,B,B,A,A,A,A,B,A,B,B,A,A,B,A,A,-,B,B,B,B,A,-,A,B,B,B,H,A,A,A,A,B,A,B,B,A,A,A,B,B,A,A,A,A,B,B,B,-,A,A,B,A,A
M08_007,B,A,A,B,A,-,A,B,A,B,B,A,B,B,A,-,B,A,A,A,A,A,B,A,A,A,B,A,A,A,B,A,A,A,A,B,A,A,-,A,B,A,B,B,B,B,A,B,A,B,A,A,B,A,B,B,A,A,A,B,B,B,B,A,A,A,B,A,B,B,A,A,A,B,A,-,B,A,A,B,B,B,A,A,B,A,B,A,A,A,B,B,A,B,A,A,A,A,A,A,A,A,-,B,-,B,A,A,B,B,B,B,B,B,B,B,B,A,A,-,A,A,A,A,B,A,B,A,B,B,A,B,A,B,B,A,A,-,B,B,A,B,A,A,B,A,A,B,A,A
M08_008,A,B,B,A,B,B,B,-,A,A,B,A,A,-,B,A,A,A,B,B,A,B,B,B,A,B,B,A,A,A,B,B,A,A,B,B,B,B,A,A,B,A,A,A,B,A,A,B,B,B,B,A,A,B,B,B,A,A,B,B,H,B,B,B,B,A,B,B,B,B,A,A,A,A,A,B,A,A,B,A,B,A,B,A,B,B,B,A,A,B,A,A,A,A,A,A,A,A,A,B,B,A,B,B,B,H,A,B,B,A,B,B,A,A,B,B,B,B,A,A,B,B,B,H,B,A,A,A,A,B,A,B,B,B,A,A,B,-,B,B,A,A,B,A,B,B,A,A,B,B
M08_009,B,A,A,H,A,B,A,B,A,B,B,A,A,B,A,H,A,A,B,B,A,A,A,A,A,B,A,A,B,A,B,B,A,B,A,B,B,B,-,A,A,B,-,A,A,B,A,A,A,A,B,B,A,B,A,B,A,B,A,A,B,A,H,A,A,-,B,A,A,B,A,A,B,B,B,B,A,A,A,A,A,-,B,B,B,A,B,B,B,A,B,-,A,-,B,B,B,A,A,A,A,B,B,B,H,A,A,A,B,A,B,A,A,A,A,B,B,A,B,B,B,A,B,A,A,A,B,B,-,B,B,B,A,B,A,B,B,B,A,B,A,A,B,B,A,B,B,A,B,A
M08_010,B,A,A,B,B,B,A,A,B,A,B,A,A,B,B,A,B,B,B,B,-,A,B,B,A,A,-,A,A,A,A,B,A,A,A,B,B,A,B,A,B,A,B,A,B,A,A,B,B,A,A,A,-,B,A,B,A,B,B,A,A,B,B,B,A,A,B,B,B,A,B,-,A,A,A,B,B,-,B,A,B,B,B,A,B,B,B,B,A,B,B,A,B,A,A,B,A,B,A,A,A,-,A,H,B,B,A,A,B,A,A,A,B,A,A,B,B,A,A,A,A,A,A,B,A,A,B,A,A,A,B,B,B,B,B,B,A,A,B,B,A,A,B,A,B,A,A,A,B,A
M08_011,B,A,B,A,B,B,A,A,B,A,A,A,H,B,A,B,B,A,A,A,-,B,A,B,A,B,B,B,B,A,B,B,A,A,A,B,B,-,A,B,A,B,B,A,B,A,A,B,A,A,A,A,A,B,A,B,B,A,B,A,A,A,A,H,A,B,B,A,B,B,B,-,A,A,B,A,B,B,A,A,-,A,A,A,A,A,A,A,B,A,A,B,B,A,B,A,A,B,A,B,B,A,A,A,A,B,A,-,B,A,A,A,B,A,A,A,B,A,A,A,B,A,B,A,B,B,B,B,A,B,B,B,A,B,B,B,H,-,B,A,A,A,A,A,A,A,A,B,B,A
M08_012,-,B,A,H,A,A,A,A,A,A,B,A,B,B,B,A,A,A,B,B,A,-,A,B,A,B,H,B,A,A,A,H,A,B,B,B,B,A,A,B,B,B,A,A,B,A,A,A,-,B,B,B,A,B,A,A,A,A,B,H,B,B,A,B,B,B,A,B,A,A,A,A,B,B,A,-,B,A,B,A,B,B,A,B,B,A,A,A,A,A,A,A,A,B,H,B,A,B,B,B,-,B,A,A,A,A,H,A,B,B,A,A,A,B,B,B,A,A,A,A,B,A,B,A,-,B,B,A,B,A,B,B,B,A,B,B,A,B,A,B,A,B,B,A,A,A,A,A,A,A
M08_013,A,A,B,A,A,A,B,A,A,A,A,A,-,B,B,H,B,B,B,A,B,A,B,A,B,H,A,B,A,A,B,A,A,A,B,A,B,B,A,A,B,B,B,B,A,B,B,A,B,A,A,A,B,A,A,H,-,A,A,A,A,A,A,B,A,B,A,A,A,A,B,A,H,B,A,A,A,A,B,B,A,A,A,B,A,B,B,B,A,B,B,B,A,H,B,-,B,A,B,B,-,A,A,A,A,B,B,A,B,A,A,B,A,A,A,B,B,A,A,B,A,A,A,B,B,B,B,B,A,B,B,B,A,A,-,A,A,A,B,A,A,B,A,B,A,B,B,A,-,B
M08_014,B,A,A,B,A,B,B,B,B,H,A,B,B,A,B,B,B,A,B,B,A,A,A,B,B,A,B,A,B,B,B,B,A,A,B,B,A,A,A,A,A,A,B,A,B,B,A,A,B,B,B,B,B,B,A,A,A,B,A,B,A,A,A,A,A,A,A,B,A,A,A,B,B,H,B,B,A,A,-,H,B,B,A,A,A,A,A,A,B,A,A,A,A,A,A,B,A,A,A,A,A,A,A,B,B,A,B,A,A,A,B,A,B,B,B,A,A,A,B,B,-,B,B,-,B,B,A,A,B,A,B,A,A,B,B,A,B,H,B,B,B,A,B,A,A,B,A,B,A,B
M08_015,B,B,B,A,A,B,B,A,B,A,B,B,B,A,A,A,A,A,B,A,A,B,B,A,B,H,B,B,B,A,B,B,A,A,A,B,A,B,B,A,B,A,A,A,A,A,B,B,B,B,A,A,B,B,A,B,B,B,B,A,B,A,B,A,A,A,A,A,B,-,A,B,B,A,B,A,B,B,A,A,B,A,B,A,A,A,B,A,A,B,A,A,A,B,B,B,A,B,B,A,A,B,A,B,A,B,A,A,B,B,B,A,A,B,A,B,B,B,B,A,B,A,B,A,A,B,B,-,B,B,A,A,B,B,B,B,B,A,B,A,A,A,-,B,B,A,A,A,A,A
M08_016,A,A,A,A,B,B,B,B,A,B,B,A,B,A,A,B,B,B,A,A,A,B,B,B,A,A,A,B,A,B,A,B,A,A,-,B,B,B,B,A,-,B,B,B,A,A,B,A,B,A,A,A,A,A,A,B,B,A,B,B,A,B,A,A,A,A,A,B,A,B,B,B,B,A,B,B,A,A,A,B,A,A,-,A,B,A,A,A,B,B,A,A,B,B,A,B,B,A,A,A,B,A,B,B,B,A,H,B,A,H,B,A,A,A,B,B,A,B,B,A,B,A,B,A,B,A,A,A,B,A,B,A,B,B,A,A,A,B,B,-,B,A,A,B,A,B,B,A,B,B
M08_017,A,A,A,-,B,B,B,B,A,B,A,A,B,B,-,A,B,B,-,B,A,B,B,A,A,A,B,A,A,-,A,A,A,B,A,-,B,B,-,B,A,A,A,-,A,B,A,B,B,A,A,B,B,A,B,B,B,A,A,B,A,A,A,A,A,-,B,B,A,A,B,B,B,A,B,B,A,A,B,B,A,B,A,B,A,A,B,B,H,A,B,A,A,A,A,B,-,B,B,A,H,A,B,B,-,B,A,A,B,A,B,B,A,A,A,B,A,B,B,A,B,B,A,B,A,A,B,A,A,B,-,A,A,A,B,B,B,B,A,A,A,A,-,B,A,B,A,A,A,B
M08_018,A,B,B,B,A,B,B,A,A,A,B,B,B,B,A,A,A,A,B,B,H,A,A,-,A,-,A,-,H,A,B,B,A,B,A,A,B,A,A,A,A,A,A,A,-,A,A,A,B,B,B,B,A,A,B,B,A,B,B,B,B,B,A,A,A,A,B,A,B,B,B,B,A,A,B,A,A,B,A,A,H,B,B,A,A,B,B,B,B,B,A,A,B,H,A,B,-,A,B,A,B,B,B,A,A,B,A,-,A,B,A,B,B,B,B,A,B,A,B,B,A,A,-,B,B,B,A,A,B,B,A,A,B,A,A,A,A,A,B,A,A,B,H,B,B,B,B,H,B,B
M08_019,B,-,B,B,A,B,A,A,B,A,A,A,A,A,B,B,A,B,B,A,B,A,B,A,B,A,B,A,B,A,A,A,A,B,A,B,A,A,A,B,B,A,B,B,-,B,A,-,A,B,A,-,A,A,A,B,A,B,A,B,A,B,B,A,B,A,A,B,A,A,A,-,B,A,B,-,A,B,B,A,B,A,A,H,B,B,B,A,B,A,B,B,B,B,A,A,A,B,B,A,B,B,-,A,B,B,B,A,B,B,B,A,A,B,A,B,A,A,A,A,B,A,B,B,A,B,B,B,B,A,A,A,A,B,B,A,A,A,A,B,B,A,A,A,B,H,-,B,B,A
M08_020,B,A,B,B,A,B,A,B,A,B,A,B,A,A,B,-,A,A,A,A,B,A,B,B,A,B,B,A,A,A,B,A,B,B,A,-,A,B,-,A,B,B,B,B,A,A,B,B,B,-,A,B,A,A,A,A,A,A,A,A,B,A,B,A,B,A,A,B,B,A,A,B,A,A,B,B,A,B,B,A,B,B,B,H,A,B,A,A,B,B,B,B,B,A,B,A,A,B,B,B,B,A,A,B,B,A,A,A,B,B,A,A,A,A,A,A,A,A,B,A,B,B,A,A,A,A,A,B,B,A,B,A,A,B,A,B,B,B,A,B,A,H,B,A,B,A,A,A,A,B
M08_021,A,B,H,B,A,B,B,B,A,-,B,B,B,A,A,A,A,A,A,B,B,A,A,A,B,B,A,B,A,B,B,B,A,A,A,B,A,B,B,B,B,B,A,B,B,B,B,B,B,H,A,B,A,A,A,A,A,A,A,B,A,A,A,A,B,B,B,A,A,A,B,B,B,A,A,A,B,A,A,B,B,A,A,-,B,B,A,B,B,B,A,A,A,B,A,A,A,B,B,B,B,H,-,-,A,A,A,A,A,A,A,A,-,B,B,B,B,B,B,B,A,A,A,B,B,A,A,A,B,B,-,A,B,B,B,A,A,A,-,B,A,B,A,H,A,A,-,B,B,B
M08_022,A,-,B,B,A,B,B,A,-,A,A,B,A,A,B,B,B,A,B,B,A,B,A,B,B,B,-,B,B,B,A,B,A,B,B,A,A,B,A,B,B,B,A,B,B,A,A,A,B,B,A,B,B,A,B,B,H,A,A,B,A,B,B,B,A,B,A,B,B,A,A,B,B,B,B,A,B,A,B,A,B,B,A,-,A,B,A,A,A,H,B,A,B,H,B,A,A,A,A,B,B,B,B,A,B,B,A,B,A,A,B,A,B,A,B,B,B,B,H,B,B,B,B,A,B,B,B,A,B,-,B,B,A,B,B,A,B,A,A,B,B,A,A,A,B,B,A,A,-,B
M08_023,A,B,B,A,A,A,B,B,B,A,A,A,A,B,B,B,B,B,B,B,B,A,A,A,B,B,A,B,A,B,A,B,B,H,B,B,A,A,A,B,A,A,-,B,B,A,B,B,A,B,A,-,A,B,H,A,-,A,B,A,B,A,B,A,B,A,B,-,B,A,A,B,B,A,A,A,B,B,B,A,A,B,A,A,B,A,B,A,A,A,B,B,-,-,A,A,H,A,B,B,-,B,A,A,A,B,A,A,A,A,B,A,B,B,B,A,A,B,A,B,A,B,A,A,B,A,A,A,A,A,A,B,A,A,B,A,A,B,-,-,B,B,A,B,A,H,A,A,B,A
M08_024,A,B,A,B,A,B,A,B,A,B,A,A,A,A,A,B,A,A,B,B,B,B,A,B,A,B,B,B,B,B,B,A,A,B,A,B,-,A,B,B,B,A,B,-,B,B,B,A,B,B,B,B,B,-,A,A,B,A,A,B,B,B,B,A,A,B,B,B,A,B,B,A,A,B,A,A,A,A,A,A,A,B,A,B,B,A,A,B,A,A,B,A,B,B,A,A,B,B,A,A,A,A,-,A,B,B,B,B,A,-,B,B,B,A,B,A,A,A,B,A,B,B,B,H,A,B,B,A,B,A,A,B,B,A,B,A,B,B,B,B,B,B,A,A,A,B,B,B,B,B
M08_025,B,A,A,A,B,A,B,A,A,B,A,B,B,B,B,B,-,B,A,A,A,B,B,B,A,A,B,B,A,A,B,A,B,B,A,A,B,A,A,B,B,B,B,-,A,B,B,A,A,B,A,B,B,B,B,B,B,B,B,B,A,B,A,B,A,B,B,B,B,B,A,A,A,A,B,A,B,B,B,A,A,A,B,A,B,B,A,A,-,-,B,B,A,B,A,A,B,A,A,B,-,A,-,A,B,A,B,A,-,A,B,B,A,A,A,B,B,B,B,A,A,B,-,A,B,A,A,B,A,A,B,B,A,A,B,A,A,A,A,B,B,A,B,B,A,A,B,A,B,B
M08_026,A,A,A,A,A,B,A,B,A,B,B,B,A,A,-,A,B,B,B,B,B,B,A,A,B,B,A,B,A,A,A,-,B,B,A,B,A,A,A,-,A,B,A,B,B,B,B,B,B,A,B,A,A,A,B,B,B,A,A,A,-,A,B,B,B,B,A,B,B,B,B,B,A,-,B,B,A,B,A,A,A,A,B,B,B,B,A,B,B,B,A,B,B,A,A,A,-,B,B,B,B,B,A,B,B,B,A,A,A,B,B,A,B,A,A,B,A,A,A,A,B,B,A,A,A,B,B,A,A,A,A,A,B,A,A,B,B,A,-,B,B,A,A,A,B,B,A,A,B,A
M08_027,A,B,A,B,B,B,B,A,B,B,A,A,B,A,A,-,A,B,A,A,B,B,B,A,A,B,A,A,B,A,B,B,A,A,A,A,B,B,A,-,A,B,-,A,B,A,A,-,B,A,B,-,B,A,A,A,B,B,A,A,B,A,B,B,B,B,B,A,A,A,B,B,A,B,A,B,A,B,A,B,A,A,B,B,H,B,B,B,B,B,B,B,B,B,A,B,A,A,B,B,A,A,A,A,A,A,A,B,A,A,B,B,A,A,B,A,B,A,-,B,A,A,B,A,A,A,B,B,A,B,B,B,B,B,B,A,A,A,B,A,B,A,A,A,B,A,B,A,B,A
M08_028,A,H,A,-,B,B,H,B,B,A,B,B,A,B,A,A,A,A,B,A,A,A,A,A,B,A,A,B,B,A,B,H,A,B,A,-,A,B,B,A,A,A,A,B,B,A,A,B,B,A,A,A,H,A,A,A,A,B,A,A,-,A,A,B,A,A,B,B,B,A,B,A,B,B,B,A,A,H,B,A,A,B,H,B,A,A,A,B,A,B,A,A,B,B,A,A,B,B,B,A,B,B,B,B,H,A,A,B,A,B,A,A,A,A,B,A,A,B,A,B,A,B,A,B,B,H,A,B,A,H,B,A,-,A,B,B,B,B,-,A,B,-,B,A,A,B,B,-,B,B
M08_029,A,A,B,B,A,A,B,B,A,A,H,A,A,B,A,A,A,A,B,B,A,A,A,A,B,A,A,B,A,A,B,B,B,B,B,B,A,B,A,B,A,A,A,A,A,B,A,B,B,B,A,B,B,B,A,A,A,A,A,B,B,A,B,A,A,B,B,B,A,A,B,B,A,B,A,A,B,B,B,B,B,A,B,-,A,A,B,A,A,A,A,A,B,B,B,B,B,-,B,A,A,A,A,B,A,B,A,B,A,B,B,A,A,A,B,A,B,A,A,B,A,B,A,B,A,B,A,A,B,-,A,A,A,B,B,A,B,B,A,A,A,B,A,A,A,B,A,B,B,B
M08_030,A,A,B,B,B,-,A,B,B,B,B,B,B,B,B,A,B,B,B,B,B,B,A,B,A,B,B,A,B,A,B,A,A,B,B,B,A,A,B,A,A,B,B,A,B,B,A,B,B,A,B,B,A,A,A,A,A,B,A,A,A,B,B,A,B,B,B,A,A,B,A,B,-,B,A,B,B,A,A,A,A,A,B,B,B,A,A,B,B,B,A,B,A,A,B,B,A,B,-,B,A,A,B,B,A,A,A,A,B,A,B,A,A,B,B,B,B,A,B,A,B,B,A,B,B,B,A,B,B,B,A,A,A,B,A,-,A,B,A,A,B,B,B,A,-,-,B,B,A,B
M08_031,A,A,A,A,A,A,A,B,B,A,A,B,A,A,A,B,B,H,B,A,B,B,A,B,B,B,A,B,B,A,-,A,A,B,A,B,B,A,A,A,A,A,A,B,B,B,B,B,B,A,B,B,A,A,A,A,A,A,B,B,B,A,A,A,B,A,B,A,A,A,B,A,A,A,B,A,B,-,A,B,-,B,B,B,A,A,B,A,B,H,B,A,B,A,A,A,A,B,B,-,B,A,B,A,B,B,A,B,A,B,B,B,A,B,B,A,A,A,A,A,A,B,B,B,B,A,B,B,B,A,A,A,A,A,B,B,A,B,B,A,B,A,A,A,B,A,A,A,B,B
M08_032,A,A,B,-,B,B,B,A,B,B,-,A,B,B,-,A,A,A,B,B,A,A,-,A,A,A,B,B,A,B,B,A,B,A,A,A,B,B,A,B,A,B,B,B,B,B,B,B,A,A,A,A,A,A,A,B,B,A,A,A,B,A,H,B,B,A,A,H,A,B,A,A,B,B,B,B,B,B,B,B,B,A,A,A,A,A,A,A,A,B,A,B,A,B,B,A,H,B,A,A,B,B,A,B,B,B,B,B,-,B,-,A,A,A,A,A,B,B,A,B,B,A,A,A,B,A,A,A,B,-,A,B,A,B,A,A,B,B,A,A,A,B,A,B,B,A,B,A,B,B
M08_033,A,A,B,A,B,A,A,B,B,A,B,A,A,A,B,A,-,B,A,B,B,B,B,A,B,B,-,B,A,-,A,B,B,A,A,B,A,A,A,B,A,A,B,B,A,B,B,B,B,B,B,A,B,-,A,A,A,A,B,B,A,A,H,B,B,A,B,B,-,A,A,A,B,A,B,B,A,B,A,A,B,A,A,B,B,B,-,A,B,B,A,B,A,A,A,B,B,B,B,A,A,B,B,A,B,A,A,B,B,A,A,A,B,B,B,B,A,B,B,A,A,B,A,B,A,A,B,B,A,A,B,A,B,A,B,B,A,A,A,A,B,A,B,B,A,B,B,A,B,A
M08_034,A,A,A,B,A,A,B,A,A,B,A,B,A,-,B,B,A,B,A,B,B,B,A,B,A,A,A,B,B,A,B,B,A,B,B,-,B,B,A,A,B,A,B,A,B,B,B,A,B,A,B,A,B,A,B,B,B,A,A,B,A,A,A,B,A,B,A,-,A,B,A,A,A,A,A,B,A,B,B,B,A,A,A,A,A,A,A,B,A,-,A,B,B,B,B,B,A,A,B,B,B,B,A,B,A,A,A,B,A,A,B,A,A,B,B,A,B,B,-,A,-,B,B,A,B,B,A,H,B,B,B,A,A,B,A,A,A,B,A,A,B,A,B,A,A,A,B,B,B,A
M08_035,B,A,A,B,A,B,A,A,B,A,A,A,A,B,B,B,-,A,B,A,A,B,A,B,A,B,A,-,A,B,A,B,B,A,A,B,A,B,A,B,A,B,A,A,A,B,A,A,B,A,B,-,B,A,B,A,B,A,A,A,B,B,A,B,A,B,B,B,A,A,B,A,A,B,B,A,A,A,-,B,B,B,B,A,A,B,A,-,B,B,A,-,B,B,A,B,B,A,A,B,A,A,A,B,A,A,A,B,B,B,B,B,A,B,A,B,A,B,B,B,B,B,A,-,A,A,A,A,B,B,A,A,B,A,B,A,B,A,A,B,A,A,A,B,A,B,B,B,A,H
M08_036,B,A,A,B,B,A,B,H,A,A,B,A,B,B,A,A,A,A,B,A,B,B,B,B,B,B,A,B,B,B,B,A,A,A,A,A,B,-,A,B,A,B,A,A,A,H,B,B,A,B,B,A,B,H,A,A,B,A,H,B,A,B,B,A,A,A,B,B,B,B,A,B,B,B,B,B,B,B,A,B,B,B,A,B,A,A,B,B,B,A,B,A,A,A,A,B,A,A,-,B,A,A,B,A,-,A,B,B,B,B,B,A,B,B,B,A,A,B,A,A,A,A,A,A,B,A,B,A,A,B,B,B,A,A,B,A,B,B,B,B,A,A,B,B,A,A,A,B,A,B
M08_037,B,B,B,A,A,B,B,A,B,A,A,B,-,A,A,A,B,B,A,B,A,B,H,B,H,B,A,B,A,B,-,B,A,B,-,A,B,A,A,B,A,B,B,A,B,A,A,B,B,A,A,A,B,A,A,B,A,A,A,B,B,A,B,B,A,B,A,B,A,A,B,B,A,A,B,A,B,A,B,A,A,B,A,B,A,-,B,A,A,A,A,A,A,A,B,A,B,B,A,A,A,B,B,B,B,A,B,A,H,-,A,B,B,B,A,B,B,A,A,B,B,B,B,A,B,-,A,B,B,A,B,B,B,A,A,B,B,A,B,B,B,A,B,A,A,B,A,H,A,B
M08_038,A,H,H,A,A,B,B,B,B,A,B,B,A,B,B,B,A,A,B,A,B,A,B,A,B,A,A,A,B,B,A,A,B,B,A,A,A,A,A,B,B,A,B,B,B,B,B,B,B,A,A,B,B,A,B,A,A,B,B,B,A,B,B,A,A,A,B,B,B,B,B,B,A,A,A,B,A,A,A,B,H,B,B,B,A,A,A,A,B,-,B,A,A,B,A,B,A,A,B,B,A,B,B,A,A,B,B,A,A,A,A,A,B,B,B,A,A,A,B,A,A,A,-,B,A,B,B,A,A,B,A,B,A,B,A,B,H,A,A,A,B,B,A,B,B,A,B,A,B,A
M08_039,B,B,B,A,B,B,B,A,H,-,B,A,A,A,A,A,B,B,A,B,B,B,B,B,A,H,A,B,B,A,-,A,A,A,B,A,B,B,B,B,B,A,A,B,B,A,B,A,B,B,B,B,B,B,B,A,A,B,A,A,B,B,A,A,B,B,B,A,B,-,B,A,A,B,B,B,B,H,A,B,-,B,H,-,A,A,B,B,A,A,B,A,A,B,A,B,A,B,B,A,B,A,H,B,B,A,A,B,A,B,A,A,A,H,-,A,A,A,A,B,B,-,B,B,B,B,B,A,B,B,H,B,A,A,B,B,B,A,A,A,H,B,B,B,B,A,A,B,A,B
M08_040,B,A,A,A,B,A,A,B,A,A,A,A,B,B,A,B,A,B,B,B,A,A,B,A,-,A,A,B,B,B,A,A,B,B,B,B,A,H,-,B,A,B,B,B,-,A,B,B,A,A,B,B,A,A,B,A,A,B,A,A,A,B,A,A,A,A,B,B,B,A,-,A,A,A,A,B,B,B,A,B,A,A,A,A,A,A,A,B,A,A,A,A,B,A,B,-,B,A,A,B,B,B,B,B,A,B,B,B,B,B,B,A,A,B,B,B,A,A,A,A,A,A,A,B,B,A,A,H,B,A,A,A,A,A,A,B,A,B,-,B,B,B,A,A,A,-,A,B,-,A
M09_001,B,A,A,B,B,A,A,B,B,A,B,B,A,A,B,A,A,A,A,A,B,B,A,A,B,B,B,B,B,A,A,A,B,B,B,B,A,B,A,B,A,A,B,B,B,A,B,B,B,B,B,A,A,B,B,A,A,B,A,A,B,A,A,A,A,A,B,B,-,-,B,A,B,A,B,B,B,A,B,A,B,A,A,B,A,A,A,A,B,A,B,B,-,A,A,B,B,A,A,B,B,B,-,B,B,B,B,-,A,A,B,A,B,B,A,A,A,A,B,A,B,A,B,-,B,A,A,B,B,A,A,-,B,A,A,A,A,A,A,A,A,A,A,A,A,A,A,B,-,B
M09_002,A,A,B,A,A,A,A,A,B,A,B,A,A,B,A,H,A,A,A,A,B,A,A,A,A,B,A,B,A,A,B,B,-,-,A,A,B,A,B,B,B,B,-,A,B,A,B,B,B,B,B,A,B,A,B,A,B,A,B,A,B,-,B,A,B,A,A,-,B,B,B,A,A,A,A,A,B,A,A,B,A,A,A,B,A,B,B,A,A,B,B,A,A,A,A,B,A,-,B,A,B,B,A,A,A,B,B,A,B,B,A,A,B,A,B,B,A,B,A,B,A,B,B,A,A,B,B,A,H,B,A,B,A,B,A,A,A,H,A,A,B,A,-,B,A,B,A,B,A,B
M09_003,A,A,A,A,A,B,B,A,A,B,B,A,A,A,A,A,B,B,A,B,A,A,A,A,B,A,B,B,A,B,B,B,A,A,B,A,A,-,A,A,B,B,B,A,B,B,A,A,B,A,A,A,A,A,B,B,A,A,A,A,A,A,A,A,H,A,B,A,A,B,A,A,A,A,B,B,A,A,B,A,B,B,A,A,B,A,A,-,A,H,A,A,B,A,B,H,B,A,B,A,A,A,B,-,B,A,B,A,B,B,B,B,B,A,B,A,A,B,A,A,A,A,A,A,A,B,A,B,B,A,A,A,B,B,B,B,B,B,B,B,B,A,B,B,A,A,B,A,B,A
M09_004,B,A,A,B,A,B,A,B,A,A,B,A,B,-,A,A,A,-,A,B,B,A,A,B,A,B,A,B,B,A,B,B,B,A,A,A,-,A,B,A,A,A,-,A,B,B,B,A,B,A,A,A,A,B,B,B,B,A,A,B,A,A,A,B,B,A,B,B,B,B,B,A,B,B,A,B,A,B,A,-,A,A,A,-,H,A,A,B,A,A,A,B,B,B,H,B,B,A,A,A,A,B,A,B,A,A,A,A,B,B,B,A,A,A,B,A,B,B,A,B,B,A,B,B,A,A,A,B,A,A,A,A,A,B,A,B,B,A,B,A,B,A,A,A,A,B,A,A,B,B
M09_005,A,A,B,A,B,B,A,B,A,B,B,B,H,B,B,A,B,B,B,B,A,A,B,B,A,A,A,B,B,A,A,B,B,B,B,A,B,B,B,-,A,B,B,A,-,A,-,B,B,A,A,A,A,H,B,A,B,B,A,H,A,B,B,A,A,A,A,A,B,B,B,B,B,A,B,A,A,B,B,A,A,A,B,H,B,B,A,A,B,A,A,B,B,A,B,B,A,B,B,B,B,B,B,A,A,A,A,B,B,A,B,-,B,B,A,B,B,A,B,A,A,B,-,A,B,B,B,A,B,B,B,A,A,A,B,B,B,B,B,B,B,A,A,A,A,A,B,A,A,H
M09_006,B,B,A,B,B,-,A,B,H,A,-,A,B,A,B,A,A,-,B,H,A,A,A,B,B,B,H,B,A,A,A,B,A,B,A,A,A,B,-,B,B,B,B,B,B,A,B,A,A,B,A,A,A,-,A,A,B,A,B,B,A,B,H,B,A,B,A,A,-,A,-,A,B,A,A,A,A,A,A,B,B,A,B,H,B,B,A,A,A,B,A,B,A,A,A,A,A,A,B,B,A,B,B,B,A,A,A,B,B,B,A,A,A,A,A,A,B,A,B,B,B,B,A,A,B,A,H,A,A,B,A,A,B,A,B,A,A,A,A,A,H,B,B,A,A,B,B,A,-,A
M09_007,A,B,A,A,B,A,B,B,A,B,A,A,B,B,B,B,A,B,B,A,B,A,B,-,B,A,A,A,B,A,B,A,A,A,B,B,A,A,H,A,B,B,A,B,B,B,B,B,A,A,A,B,A,A,A,A,A,A,B,B,B,A,B,-,A,A,B,B,A,A,B,B,B,A,A,B,A,A,A,A,B,B,A,B,B,B,B,A,B,A,A,A,A,B,B,B,B,A,A,B,B,B,A,B,B,A,B,A,A,B,B,B,B,A,A,A,B,B,B,B,B,B,B,B,A,A,A,B,B,A,B,B,A,B,B,A,A,A,B,A,B,B,A,B,H,A,B,B,A,A
M09_008,B,B,-,A,B,A,B,B,A,A,B,B,B,A,B,A,B,A,B,A,A,A,A,A,A,A,A,B,B,A,B,A,A,A,A,B,B,A,B,-,A,B,A,B,-,B,A,-,A,A,B,B,B,A,A,B,A,B,B,B,B,A,B,B,B,B,B,A,-,A,B,B,A,B,A,A,A,A,A,A,A,A,A,B,B,B,A,B,A,A,A,A,A,B,B,B,B,B,B,B,B,A,B,A,B,B,B,B,B,A,A,A,B,A,B,A,B,A,A,A,B,A,B,A,B,B,B,A,B,A,A,A,A,B,B,A,A,A,A,A,A,B,B,A,B,A,B,A,B,A
M09_009,B,A,A,B,B,A,A,A,A,A,A,B,B,B,B,B,B,B,B,A,B,A,B,A,B,B,B,B,B,A,B,A,B,B,A,A,A,B,-,A,A,A,B,A,-,B,B,B,A,B,A,A,A,B,A,B,B,B,A,B,B,A,A,A,B,B,B,A,B,B,B,A,A,A,B,B,A,A,B,A,A,A,A,A,-,B,B,A,A,A,A,B,A,A,B,B,A,A,B,A,A,B,A,B,B,A,B,B,A,A,B,B,A,A,B,B,B,B,A,H,A,B,A,B,B,B,B,B,A,A,B,B,A,A,B,A,B,A,B,B,A,A,B,A,B,A,B,B,-,H
M09_010,A,B,A,A,B,A,A,A,-,A,A,B,A,A,B,B,B,-,A,B,A,A,A,B,B,-,B,H,A,B,A,B,A,A,B,B,B,A,B,A,B,B,B,B,B,B,A,B,A,B,B,A,B,A,A,A,A,A,A,A,A,A,B,B,A,B,A,B,B,A,B,B,A,A,B,B,A,B,B,A,A,B,A,B,A,A,A,B,B,B,B,A,B,A,B,B,A,B,B,A,B,B,B,A,A,-,B,-,A,A,B,A,H,A,A,A,B,B,-,A,A,B,B,A,A,A,B,B,B,A,B,A,A,B,B,A,B,B,A,B,B,B,B,-,A,-,B,B,A,B
M09_011,B,B,A,B,A,B,A,B,A,B,B,A,A,B,B,A,B,B,A,B,A,A,B,A,A,B,B,-,A,-,B,B,A,B,A,B,A,B,A,B,A,B,B,A,A,A,A,A,B,-,B,A,A,B,A,A,A,A,A,B,-,B,B,B,A,A,A,A,B,A,B,B,B,B,B,B,A,A,A,A,A,A,A,B,A,B,A,B,-,B,A,A,B,B,A,B,-,A,B,A,A,A,A,A,A,B,A,A,B,A,A,B,B,A,B,B,B,B,A,A,B,B,B,A,A,B,B,-,B,B,A,A,A,B,A,B,B,A,A,B,B,A,A,B,B,A,B,B,A,B
M09_012,B,A,B,B,B,A,B,A,A,A,B,A,B,A,B,A,A,H,A,A,B,B,A,B,B,A,A,A,A,A,A,A,A,A,A,B,B,A,A,B,B,A,A,A,B,B,B,B,B,-,B,A,A,A,-,B,B,A,A,A,A,A,A,B,B,A,B,A,A,B,B,-,B,B,A,B,A,B,B,B,A,A,B,A,B,A,A,A,B,A,A,A,-,B,A,A,-,B,A,A,A,A,-,B,A,B,B,B,B,A,H,B,B,B,B,A,B,B,A,B,B,-,B,A,B,B,B,B,B,B,A,B,B,A,A,B,B,B,A,B,B,B,B,A,B,A,B,B,B,A
M09_013,B,-,A,A,B,B,B,B,A,B,B,-,A,A,A,B,A,A,A,A,A,A,B,A,B,B,A,A,B,B,A,-,B,B,B,B,A,B,A,A,B,B,-,A,H,A,A,B,B,B,B,B,A,B,A,-,A,A,B,A,A,A,A,B,A,B,B,B,B,B,-,B,A,B,A,A,B,A,B,A,H,-,A,A,A,A,A,A,A,A,A,B,A,B,B,B,A,B,A,B,B,B,B,B,A,B,A,B,-,A,B,A,B,B,B,A,B,B,A,B,A,A,A,B,A,A,B,A,B,A,A,A,B,B,B,B,A,B,B,B,H,A,A,B,A,A,A,A,A,H
M09_014,A,B,A,A,A,B,A,B,-,A,A,A,B,B,B,A,B,A,A,B,A,H,A,A,A,B,B,H,B,B,A,A,B,B,B,A,B,A,A,B,B,A,B,A,A,B,A,B,B,B,B,B,A,B,A,B,A,B,A,A,B,-,B,B,A,B,A,B,B,A,A,B,B,B,A,B,A,B,-,A,B,A,B,B,B,A,A,B,A,A,B,B,A,B,B,B,A,A,B,-,A,B,A,B,B,B,A,A,A,A,A,A,B,-,B,A,B,H,A,H,B,A,-,A,A,B,A,A,B,H,B,B,B,A,B,A,B,-,B,B,B,B,B,-,A,B,A,B,A,H
M09_015,A,A,B,A,A,B,A,B,B,B,A,A,B,A,A,A,B,B,A,A,B,A,B,A,A,A,A,B,B,B,B,A,B,B,A,A,A,A,B,B,B,A,A,A,B,A,A,B,A,A,A,A,B,A,A,A,A,B,A,A,B,-,B,A,H,B,B,B,A,B,A,A,A,A,B,A,B,A,B,B,B,B,-,A,A,B,B,A,A,A,A,B,A,B,B,A,A,A,B,A,A,A,A,A,A,A,B,A,-,B,B,A,A,B,B,-,A,B,A,B,B,A,B,A,B,A,A,B,A,B,A,-,A,B,A,B,A,-,B,A,-,B,B,B,B,B,B,B,B,A
M09_016,B,B,A,B,A,B,H,A,B,A,A,A,A,B,B,A,A,B,B,B,A,B,A,A,B,A,B,B,A,B,B,-,B,B,A,H,A,A,B,A,B,B,B,B,-,B,B,B,-,B,A,B,A,A,A,A,A,B,A,B,A,-,B,A,A,B,A,A,A,A,A,B,A,A,B,A,A,B,A,A,B,B,A,B,-,A,A,-,A,B,B,B,A,B,B,A,A,A,A,A,B,A,A,B,B,B,A,B,-,A,B,B,A,B,B,-,A,B,A,A,A,B,B,A,B,A,A,B,A,A,B,B,A,A,A,A,-,B,A,B,B,-,A,B,B,A,A,A,B,A
M09_017,B,B,-,B,A,B,B,B,A,B,B,A,A,A,-,A,A,-,A,A,B,B,B,B,B,-,B,A,A,B,A,B,B,A,A,A,A,A,H,B,-,B,-,B,A,A,A,B,A,A,B,B,A,-,B,A,B,A,B,B,B,A,A,B,A,B,B,B,H,A,B,B,B,B,B,B,A,B,A,A,A,A,B,B,B,A,B,A,A,B,A,A,A,B,B,A,A,A,A,B,B,B,B,B,B,B,B,A,A,B,B,B,-,B,A,A,B,B,A,B,A,A,A,B,B,A,B,B,B,B,B,B,A,A,A,B,A,A,A,A,A,B,B,B,B,B,A,B,A,B
M09_018,A,B,B,B,A,B,-,A,B,B,H,A,A,A,B,B,B,B,B,-,A,A,B,B,A,A,A,B,B,A,A,B,A,A,A,B,B,B,B,B,A,B,B,A,B,A,B,B,B,-,B,B,B,A,A,A,A,A,B,B,B,A,B,B,A,B,A,B,A,B,H,B,B,B,A,-,A,A,-,B,A,B,A,A,B,A,A,B,H,B,A,A,B,B,B,B,B,B,A,B,B,A,B,A,B,A,B,A,B,A,B,A,B,A,B,B,B,A,-,B,B,A,A,B,A,B,B,A,-,B,A,A,B,A,B,B,B,A,B,B,A,A,A,B,B,B,B,B,A,B
M09_019,B,B,B,B,B,A,B,B,B,B,A,A,A,A,B,B,B,A,A,B,B,B,B,B,A,B,A,A,A,A,A,B,A,B,B,H,B,B,-,B,B,B,B,B,B,B,B,A,B,B,A,B,A,A,A,B,A,A,B,A,A,B,A,B,A,B,B,B,A,A,B,B,B,A,B,A,-,B,H,A,A,-,B,B,A,B,A,A,A,A,A,A,B,A,A,A,A,A,A,H,B,B,-,-,B,B,B,B,A,A,A,B,A,B,A,A,A,B,B,A,B,A,B,B,B,B,A,A,B,A,A,A,A,B,A,B,B,B,A,A,B,B,B,A,B,B,-,B,B,B
M09_020,A,B,B,A,A,B,B,B,B,A,B,B,A,A,A,A,B,A,A,A,B,A,A,A,A,A,B,A,A,A,B,A,H,B,A,B,B,B,B,B,A,B,B,A,B,A,B,B,B,B,B,A,B,A,A,B,A,A,-,A,A,B,B,A,B,H,B,B,A,A,B,A,B,A,B,A,A,B,B,B,A,-,B,A,A,B,A,B,-,B,A,B,-,A,-,A,A,A,A,A,B,A,A,A,B,B,A,A,B,B,B,A,B,A,B,A,B,B,B,B,A,B,B,A,A,B,B,B,B,B,B,A,A,A,A,A,-,B,B,A,-,B,-,B,B,A,H,-,A,A
M09_021,A,B,B,B,B,B,A,B,B,A,B,B,A,B,B,B,A,H,A,B,A,A,B,B,B,A,B,A,A,B,A,A,B,B,B,B,A,A,B,A,B,A,B,A,A,B,A,B,B,B,A,B,B,B,B,B,B,A,H,A,H,A,A,B,A,A,B,B,A,A,A,A,B,A,A,-,-,B,A,B,B,B,B,H,B,B,B,A,A,B,A,A,A,B,B,A,-,A,B,A,B,A,B,A,A,B,A,A,A,A,B,A,A,A,A,A,B,A,B,B,A,B,B,B,-,A,A,B,A,A,B,-,A,-,A,A,B,-,B,A,-,B,B,B,B,B,A,-,B,B
M09_022,B,B,B,A,B,B,B,A,B,B,B,B,B,B,A,B,-,A,A,B,A,A,B,B,A,B,B,B,A,B,A,B,B,A,A,A,B,B,B,A,B,B,B,A,B,A,A,A,A,A,B,A,B,A,B,A,B,A,A,B,A,B,B,B,A,B,B,A,A,A,A,B,B,A,A,A,A,A,A,A,B,B,-,B,A,B,A,B,A,A,A,A,A,A,B,A,B,B,A,-,B,H,A,A,B,A,A,A,B,A,-,A,B,A,A,-,A,A,A,-,B,B,H,B,A,B,B,B,B,B,B,B,B,A,B,B,A,B,B,A,A,A,B,-,B,B,A,A,B,B
M09_023,A,B,B,B,A,A,B,A,A,A,B,A,A,B,A,A,B,A,B,A,A,B,H,A,-,A,A,A,B,A,A,B,A,A,A,B,A,H,A,-,B,B,A,B,A,B,B,A,B,A,A,A,B,A,B,B,B,B,A,B,A,B,A,-,A,A,A,B,B,B,A,A,B,A,B,A,H,A,A,B,A,B,A,B,A,B,B,B,B,B,B,A,B,A,A,B,B,A,B,B,B,B,A,B,A,B,B,B,B,A,B,B,A,A,B,B,-,B,A,A,B,B,A,B,B,B,B,B,A,B,A,B,A,B,B,A,B,A,A,B,B,A,B,B,A,B,A,A,B,B
M09_024,B,B,B,A,B,A,A,B,B,A,B,B,A,B,B,B,B,A,B,A,A,H,B,B,A,A,A,B,B,B,B,B,B,B,B,B,A,B,A,H,B,B,A,A,A,B,A,B,B,A,B,A,A,B,B,A,B,B,A,A,B,B,B,A,B,B,A,B,B,B,A,A,B,B,B,A,A,B,B,B,B,B,A,B,A,B,B,A,A,A,A,A,B,A,B,A,B,B,A,B,B,-,A,A,H,B,B,B,B,-,A,B,B,A,-,A,B,B,B,B,A,B,A,B,A,A,A,B,B,B,A,H,A,H,B,B,A,B,B,A,A,B,B,A,B,B,A,A,B,A
M09_025,A,B,H,A,B,A,-,A,A,B,B,A,B,A,B,A,A,A,A,A,A,B,B,A,A,B,H,A,B,A,B,-,A,A,A,A,B,B,B,A,A,B,-,B,B,A,B,B,B,B,A,B,B,B,B,A,A,B,A,A,A,A,A,A,A,B,B,B,A,B,B,-,A,B,B,B,A,B,-,A,B,-,B,B,B,B,B,H,B,B,B,A,A,A,B,B,B,A,A,B,A,B,-,B,B,A,B,-,B,A,B,H,B,A,B,A,A,A,B,A,A,B,A,A,B,B,B,A,A,A,A,A,B,A,A,A,A,A,A,A,B,B,B,A,A,B,A,B,B,B
M09_026,A,A,-,B,B,A,B,B,B,A,-,B,B,B,B,B,A,A,A,A,B,A,A,A,A,B,B,B,A,A,B,A,B,B,A,B,A,B,A,A,B,A,B,B,A,A,A,A,A,B,A,A,A,B,B,B,A,A,A,A,B,B,A,B,-,B,A,A,A,A,A,B,A,-,B,A,A,B,B,B,B,B,B,A,B,B,A,A,B,B,A,B,B,B,B,B,A,A,A,A,A,A,B,A,B,A,A,A,A,A,A,B,A,A,A,B,A,A,A,B,A,A,B,B,A,A,B,A,A,A,B,A,A,A,A,H,A,A,A,B,A,B,A,B,A,A,B,A,B,B
M09_027,-,A,A,A,A,A,A,B,B,B,B,A,B,A,A,B,A,B,B,B,B,A,B,A,B,A,A,B,B,B,A,A,B,B,B,B,B,B,B,A,B,A,A,B,B,B,A,B,B,B,A,B,B,B,A,A,A,B,A,B,B,A,A,A,A,B,A,B,A,B,B,A,B,A,A,B,B,B,A,A,A,A,A,B,B,B,B,A,A,A,A,B,B,B,A,B,A,B,B,A,A,B,B,A,-,B,A,A,A,A,A,A,A,A,B,B,A,B,A,B,B,A,B,B,A,B,B,B,-,B,B,B,A,A,A,A,A,A,B,B,B,B,B,A,B,B,A,-,A,B
M09_028,A,B,A,B,B,B,B,A,B,B,B,B,A,B,A,A,-,A,B,B,B,B,B,H,B,B,A,B,B,B,B,B,A,B,B,A,H,B,A,A,B,A,A,A,B,B,A,B,B,B,A,B,A,B,A,B,-,B,A,B,B,A,B,A,B,A,B,-,A,A,B,B,H,B,B,B,A,B,A,B,B,A,A,A,H,H,B,B,A,A,A,A,A,A,B,A,A,B,A,A,A,B,B,B,A,A,A,A,B,B,A,B,A,A,A,B,-,B,A,A,A,A,B,B,A,-,A,B,B,A,B,A,A,B,A,A,A,-,A,A,A,A,B,A,B,B,A,A,B,B
M09_029,B,B,B,H,B,A,B,A,A,B,A,A,A,A,A,B,A,B,B,B,A,B,A,B,A,B,B,B,B,-,B,A,A,A,A,A,B,B,A,A,B,B,A,B,B,A,A,B,A,B,B,A,A,-,B,A,B,B,A,B,A,A,B,A,A,B,B,B,B,H,B,A,B,A,B,B,H,H,B,A,B,A,B,B,B,-,A,B,A,A,A,B,B,B,-,A,A,B,B,A,A,A,B,B,B,B,A,B,A,A,A,A,A,B,A,B,B,B,A,B,B,A,-,B,H,B,A,A,A,A,B,B,B,A,A,B,A,A,B,B,B,A,B,B,A,B,A,B,B,A
M09_030,B,A,B,B,B,H,A,A,B,B,B,A,B,B,B,B,A,A,A,A,A,B,B,B,B,A,-,A,B,A,B,A,A,A,-,B,B,B,A,B,A,A,B,A,A,A,B,B,A,B,-,B,B,A,A,A,B,B,A,B,B,B,A,B,A,A,B,A,B,A,H,B,A,B,A,B,A,A,B,A,B,A,B,A,A,A,A,B,B,B,A,A,B,B,B,A,B,A,B,B,B,A,B,B,A,B,B,A,A,A,-,B,B,A,B,A,B,B,B,-,A,B,-,-,A,B,B,B,B,A,B,A,A,A,A,B,A,B,B,B,B,B,A,A,B,A,A,A,A,B
M09_031,B,-,A,A,B,B,A,B,A,A,A,B,B,A,B,A,A,A,B,A,A,A,B,B,B,B,-,B,A,A,B,B,-,B,B,A,A,A,B,-,-,B,B,B,A,B,B,B,B,A,A,-,B,A,B,B,A,B,A,A,A,B,B,B,A,A,B,A,B,A,A,A,B,A,A,B,A,-,A,A,B,A,A,A,B,A,B,B,B,B,H,B,A,B,A,A,B,-,B,B,A,A,B,B,A,A,A,B,A,A,B,A,A,B,B,A,B,A,B,A,B,A,A,B,B,B,B,A,B,B,A,B,B,B,-,B,B,A,B,A,A,A,B,A,A,B,A,B,A,A
M09_032,A,B,A,A,A,B,A,B,A,A,A,A,B,-,B,B,A,B,B,B,A,B,B,B,B,B,B,B,B,B,B,B,A,A,B,A,A,A,A,B,B,A,B,B,B,A,B,A,A,B,B,B,B,A,A,A,A,A,B,A,B,H,-,A,A,B,B,A,A,B,B,B,B,B,A,B,A,B,B,A,A,A,A,B,B,A,A,B,A,B,B,B,B,B,A,B,B,B,A,-,B,A,B,B,B,A,A,A,A,B,A,B,A,B,A,A,B,B,A,A,A,B,B,A,B,A,A,A,B,A,B,A,-,B,A,B,A,A,A,A,A,A,A,A,B,B,A,B,B,A
M09_033,A,B,B,B,B,B,B,B,B,A,B,B,A,A,B,B,B,A,A,A,B,B,B,B,A,A,B,B,A,A,B,B,A,A,B,A,H,A,-,B,A,A,B,A,A,A,A,B,-,A,B,A,A,A,B,B,A,-,B,B,-,A,-,B,-,A,A,B,B,A,B,A,A,A,A,A,A,B,A,B,A,A,B,B,B,A,B,A,B,A,B,B,B,-,B,B,B,A,A,B,B,B,A,B,A,A,A,A,A,-,B,A,A,B,B,B,A,A,A,A,B,A,B,B,A,B,B,B,B,A,B,-,A,B,A,A,-,A,B,H,A,A,A,A,A,B,B,B,A,A
M09_034,B,A,B,B,A,A,B,B,B,A,B,A,B,B,A,A,A,B,B,B,B,B,B,A,A,B,-,B,B,A,A,A,A,B,A,A,B,A,B,B,-,A,A,-,A,B,A,B,A,A,B,B,B,A,B,B,A,A,A,A,B,A,A,A,A,A,A,A,B,A,B,A,B,B,B,B,A,B,A,B,A,B,B,A,A,B,B,B,A,B,A,H,A,H,A,B,B,B,B,A,A,A,B,B,A,A,A,B,B,A,B,B,A,B,-,B,B,B,A,A,A,B,-,B,A,A,B,A,A,H,B,A,A,B,B,A,B,A,H,-,B,A,A,A,A,A,A,B,A,B
M09_035,B,B,-,B,B,B,B,B,B,-,A,A,A,A,B,A,B,B,A,A,A,B,B,B,-,A,B,A,-,A,B,A,B,A,B,A,A,B,A,B,B,A,A,B,-,B,A,B,A,A,B,B,A,B,A,B,B,A,A,B,B,B,B,A,-,B,A,B,B,B,B,A,B,B,B,A,B,A,B,B,B,A,B,A,B,B,A,B,B,B,B,H,A,A,B,B,A,A,B,B,A,B,A,A,A,B,B,A,A,B,B,H,B,A,B,A,B,A,A,B,A,-,B,A,A,B,B,B,A,A,-,A,A,B,B,A,B,A,B,A,A,A,B,A,B,A,A,B,-,B
M09_036,B,A,A,B,B,A,A,A,A,A,H,A,A,B,A,A,B,B,B,A,A,B,A,B,A,A,B,B,B,A,B,A,B,A,A,A,A,B,A,B,B,A,A,B,H,A,A,A,B,B,A,A,B,A,B,A,B,-,B,-,A,A,A,H,B,B,A,-,B,B,A,B,B,A,A,B,A,A,A,B,B,-,B,H,A,A,A,B,A,B,A,B,A,A,A,B,B,-,A,B,B,A,B,B,A,A,A,-,A,A,B,A,A,A,H,A,A,A,A,B,B,B,A,A,A,A,B,B,A,A,A,B,A,B,B,A,B,A,A,B,A,A,B,B,A,B,B,A,B,H
M09_037,B,B,A,B,A,B,A,B,A,B,A,A,-,A,A,B,B,B,A,B,A,A,B,B,H,B,B,B,A,A,A,A,B,A,B,B,B,B,A,-,B,B,-,A,A,B,B,A,B,A,H,B,A,H,A,A,A,A,A,A,B,A,A,B,B,H,B,B,A,A,A,A,A,B,A,B,H,B,B,A,A,H,A,A,A,B,A,B,A,B,H,B,B,A,B,B,A,A,A,B,A,B,B,A,B,B,B,B,B,B,A,B,B,B,B,B,A,A,B,A,A,B,B,B,B,A,B,B,A,B,A,A,A,A,B,A,A,A,B,A,A,B,B,B,B,A,B,B,A,A
M09_038,A,A,A,B,B,A,A,A,A,B,B,A,A,B,A,A,A,A,B,B,A,A,B,A,A,B,B,B,B,A,B,B,A,A,A,A,A,A,A,A,-,A,A,A,A,B,A,A,B,-,B,B,A,B,B,A,B,-,A,A,A,A,A,A,A,B,B,B,A,A,B,A,A,B,A,A,B,A,B,B,A,B,A,-,A,H,B,B,B,A,A,A,A,B,B,B,A,B,A,B,A,A,B,A,A,B,A,B,B,B,B,A,B,A,B,A,A,-,B,A,A,B,B,A,A,A,A,B,-,A,B,B,B,B,B,A,A,B,B,A,A,B,A,A,A,B,B,A,B,A
M09_039,B,A,A,B,A,B,B,A,A,A,A,B,A,H,B,B,A,A,A,B,A,B,B,B,B,B,A,A,A,B,A,B,B,A,B,A,A,B,-,B,B,B,B,A,A,-,A,B,B,B,A,A,A,A,B,B,A,B,B,B,H,B,B,B,A,A,A,B,B,B,A,B,B,A,A,B,B,B,-,A,B,-,B,B,B,A,B,-,B,A,B,B,A,A,A,A,A,B,B,H,A,A,A,A,B,B,B,A,B,B,A,B,A,A,B,B,A,A,B,B,B,A,B,A,B,B,-,A,A,A,A,A,A,B,A,A,H,A,A,B,A,B,A,A,B,A,A,A,A,A
M09_040,A,B,B,B,B,B,-,A,B,B,B,B,B,A,B,A,B,H,A,A,A,A,B,B,A,B,B,A,A,B,A,A,A,B,A,B,B,A,B,A,B,B,A,B,A,A,A,B,A,A,B,B,-,A,B,B,A,B,A,B,B,B,B,B,A,A,A,B,A,B,A,A,B,A,B,A,-,A,A,B,B,B,A,A,-,A,B,A,B,A,A,A,A,B,B,-,A,A,B,A,B,B,B,B,B,A,A,A,A,A,A,A,B,B,A,B,B,A,H,A,-,B,B,B,B,A,A,B,B,B,B,A,B,B,A,B,A,B,B,A,B,B,A,A,A,B,-,B,A,B
M10_001,A,B,B,A,A,B,-,A,A,A,B,B,B,A,A,B,B,A,B,B,A,B,B,A,A,A,B,B,A,B,-,A,B,B,A,A,B,B,B,B,B,B,B,A,B,A,B,A,A,B,A,B,B,A,B,B,B,B,B,A,B,A,B,A,A,A,B,B,B,B,B,A,B,B,A,B,B,A,B,A,A,B,B,A,A,B,A,B,A,H,B,B,B,B,B,B,B,A,A,B,B,B,A,B,B,B,A,B,A,B,B,A,B,B,A,B,A,B,A,A,-,B,A,H,B,B,B,B,A,A,A,B,A,B,A,B,B,A,A,B,B,B,A,B,B,A,A,B,-,B
M10_002,B,A,B,A,A,B,B,A,A,B,B,B,B,B,A,B,A,A,B,A,A,A,A,A,A,A,A,A,A,B,A,B,A,A,B,A,A,A,A,B,A,A,B,A,A,A,A,A,B,B,-,A,B,A,B,A,A,A,B,-,B,B,A,A,A,B,B,B,A,A,B,B,B,B,A,A,A,B,B,B,B,A,B,A,A,B,B,B,B,B,B,B,-,A,B,B,A,A,B,B,H,B,B,A,A,A,B,A,B,B,A,B,A,A,A,A,-,-,B,B,B,B,B,A,B,B,A,A,B,B,A,A,A,A,A,A,A,A,B,A,B,B,B,A,A,B,B,B,A,A
M10_003,A,A,A,A,A,B,B,A,B,B,A,A,A,B,A,-,A,B,A,A,A,A,A,A,A,A,A,A,A,A,A,A,A,B,B,A,A,B,B,B,B,B,A,A,A,B,B,A,A,B,A,B,B,A,A,B,A,B,B,B,B,A,B,A,B,A,B,B,B,A,A,B,B,-,B,B,A,B,A,A,B,B,A,A,B,B,B,A,B,B,B,A,B,A,A,A,B,A,B,A,A,B,B,A,-,B,B,B,A,A,B,A,B,A,A,A,B,A,A,-,B,A,A,A,B,B,B,B,B,A,B,-,B,B,B,A,A,B,A,A,A,B,B,A,B,B,B,B,A,A
M10_004,A,B,B,B,A,B,B,B,A,A,A,B,B,A,A,A,B,B,-,B,A,A,A,A,B,A,B,B,A,A,B,B,A,B,B,B,B,B,A,A,B,B,A,B,A,B,B,A,B,-,A,-,A,A,B,B,A,B,A,B,A,B,B,A,A,A,B,A,B,A,A,B,B,B,B,H,A,A,A,B,A,B,B,B,A,A,A,A,A,A,B,B,B,A,B,B,B,B,H,A,B,B,A,A,A,B,B,B,-,A,B,A,A,B,B,B,A,A,B,-,A,A,B,A,A,B,A,A,B,A,A,A,A,A,B,A,A,A,A,A,A,B,A,H,B,B,B,B,A,A
M10_005,A,B,A,B,A,B,A,B,-,A,B,A,A,B,A,A,A,B,B,B,B,A,A,B,B,A,A,B,-,B,A,B,A,B,B,B,A,-,B,-,B,A,B,B,A,B,B,B,A,A,H,A,A,B,A,A,A,B,A,B,B,A,A,A,H,-,B,A,A,B,B,B,B,B,A,B,B,B,B,B,B,A,A,B,B,A,B,A,A,A,A,A,B,B,-,A,A,A,A,B,A,A,A,B,B,B,B,A,B,A,B,A,A,B,B,-,B,A,B,B,A,A,A,B,-,A,B,A,A,A,A,B,B,A,A,A,A,A,A,A,B,A,B,A,B,B,B,A,A,-
M10_006,A,A,B,B,B,A,A,A,B,A,B,B,A,B,A,A,A,B,A,B,B,B,B,A,B,A,B,B,B,-,A,A,B,A,A,B,B,A,B,A,A,B,B,B,A,-,A,B,H,A,A,A,B,B,B,B,B,A,B,A,B,A,A,B,A,A,B,B,A,B,B,B,B,A,A,-,-,A,B,B,B,A,A,A,B,B,B,B,B,B,A,A,B,A,A,B,A,B,-,B,A,A,A,A,B,H,B,A,B,A,B,A,B,A,A,B,B,A,A,B,B,B,A,A,A,B,B,B,B,A,B,B,B,A,B,B,B,A,B,B,A,A,A,B,B,A,B,A,A,A
M10_007,A,B,H,A,B,B,-,A,B,B,A,-,B,-,B,A,A,B,A,A,A,B,A,B,B,B,A,-,B,A,A,-,B,B,B,B,A,-,B,A,B,A,A,B,B,A,B,A,B,A,B,B,A,B,B,A,B,B,A,A,A,A,A,A,B,B,B,B,A,B,A,B,A,A,A,B,B,A,B,B,-,B,A,A,A,B,A,A,B,A,A,B,B,B,A,B,B,B,B,B,-,A,B,A,B,B,A,B,-,B,B,B,B,B,A,B,B,B,B,B,-,A,B,-,A,A,A,B,B,B,A,B,B,B,-,B,A,A,A,A,-,B,A,-,A,H,-,B,A,B
M10_008,B,B,A,A,A,A,B,A,B,A,A,B,A,A,B,A,A,B,H,B,B,B,A,A,B,A,A,B,A,B,B,B,A,-,A,B,B,B,A,B,B,B,A,A,B,H,A,B,B,B,A,B,B,B,B,A,B,A,A,A,A,B,B,A,B,A,A,B,A,B,A,B,A,A,A,B,A,A,A,A,A,A,H,A,A,H,A,B,A,B,B,-,A,A,B,A,H,B,A,B,A,B,A,A,A,B,B,-,B,B,B,A,A,A,A,B,B,B,A,-,B,A,A,B,B,B,-,B,A,B,B,A,B,A,B,A,A,B,B,B,B,A,A,A,A,-,A,A,A,A
M10_009,B,B,A,A,B,B,A,A,A,A,-,A,B,B,B,A,A,A,B,A,-,A,A,B,B,H,B,A,A,-,A,B,B,B,B,B,A,B,B,A,-,A,B,-,B,B,B,A,A,-,A,A,H,B,B,B,A,B,H,B,B,B,B,A,B,A,A,A,A,B,A,B,A,A,B,A,B,B,A,A,A,B,B,B,A,A,A,A,A,A,B,B,-,B,B,B,A,B,-,B,B,A,A,B,A,A,A,B,B,B,B,B,B,A,A,B,B,A,A,B,A,A,B,A,B,B,-,B,B,A,B,A,A,A,B,A,A,-,A,B,A,B,B,B,B,A,A,B,B,B
M10_010,B,A,A,A,A,A,A,A,B,A,A,H,B,B,B,B,A,A,B,B,A,A,-,B,A,B,B,B,B,A,B,B,A,A,A,B,B,B,B,A,B,B,A,B,-,B,B,B,A,B,A,A,A,A,B,A,B,B,B,A,A,A,-,A,B,A,A,A,B,B,H,B,B,B,B,-,B,B,H,A,A,A,B,A,A,B,B,B,A,B,B,B,B,A,B,A,A,A,B,A,B,A,B,B,B,B,A,B,B,B,B,B,A,A,B,A,B,A,A,B,B,A,A,A,H,A,A,H,B,B,A,A,A,B,A,A,A,B,B,B,A,B,B,B,B,A,B,B,A,A
M10_011,B,A,B,B,A,A,A,-,B,B,A,A,A,A,B,A,B,A,B,A,B,B,A,B,B,A,A,A,A,B,A,B,B,A,A,B,A,B,A,B,A,B,A,A,A,A,A,A,A,B,B,B,A,A,B,A,B,B,B,B,B,B,B,A,H,A,A,H,-,A,A,B,A,A,B,B,B,B,B,B,B,B,B,B,-,B,A,A,A,A,A,A,H,-,A,B,A,A,A,A,B,-,B,B,A,B,B,B,A,A,A,A,B,A,A,B,A,A,B,B,B,B,A,A,A,B,B,A,A,B,A,H,A,B,B,B,A,A,A,B,B,B,A,A,A,B,B,A,B,-
M10_012,B,A,B,B,A,A,A,A,B,A,A,B,A,A,A,B,B,B,A,A,B,B,B,A,A,-,A,A,A,B,B,A,A,B,A,B,B,A,B,B,A,B,B,B,B,A,A,A,A,A,-,-,A,B,A,B,B,B,B,-,B,A,A,B,-,-,-,A,B,A,B,H,B,B,B,B,A,B,A,A,A,B,A,B,A,A,H,A,A,A,B,B,B,A,B,B,-,B,B,A,A,B,A,A,A,A,B,A,B,A,B,B,B,A,A,A,A,A,-,B,A,A,B,B,A,H,B,B,-,A,A,-,B,A,A,A,-,A,B,A,B,B,A,A,B,B,B,B,B,B
M10_013,A,-,A,A,A,B,B,A,B,A,A,B,A,A,A,A,A,A,-,A,B,B,A,B,A,A,B,B,A,A,A,B,B,A,A,-,-,A,A,A,A,A,B,A,B,B,A,B,A,A,B,B,A,A,A,A,A,A,B,B,A,B,A,A,B,B,A,A,B,B,A,A,B,A,A,A,B,A,B,A,B,A,A,B,B,B,A,A,B,B,B,B,A,B,A,B,B,B,B,B,B,B,A,H,A,A,A,A,B,A,B,A,A,-,B,B,A,B,A,H,B,B,B,B,B,B,A,A,A,B,B,B,B,B,-,A,A,A,A,B,A,A,B,H,B,A,B,B,A,B
M10_014,-,B,B,A,A,A,B,A,A,A,A,B,B,A,A,B,B,A,A,A,A,B,A,A,B,B,A,A,B,A,B,A,A,A,A,A,B,B,B,B,B,B,B,A,A,H,B,B,B,B,A,H,B,B,A,B,B,B,A,B,A,B,B,A,B,A,B,B,-,B,B,H,A,B,A,B,B,-,-,H,B,A,B,B,B,B,B,-,B,A,B,B,B,B,A,B,A,B,B,A,-,B,B,A,A,A,A,B,B,B,B,A,B,B,B,A,A,B,A,B,B,A,B,B,A,A,A,A,B,-,A,B,B,B,B,A,A,A,B,B,B,B,A,B,A,B,A,A,A,H
M10_015,B,A,A,A,A,A,B,B,-,A,B,A,A,A,H,H,B,A,B,B,A,A,B,B,B,B,-,B,B,A,B,A,A,A,B,A,B,B,H,A,B,B,A,A,B,A,A,H,B,A,A,A,A,A,B,A,B,B,A,B,A,B,B,H,A,A,A,A,B,B,B,A,B,A,B,A,B,-,A,B,B,B,A,A,A,-,A,B,B,B,B,B,-,A,A,A,A,B,A,B,-,B,A,B,B,A,H,A,A,A,A,B,A,B,B,B,A,B,A,B,B,A,A,B,A,A,A,A,A,-,B,B,B,B,A,A,B,B,B,A,B,B,A,B,A,B,A,A,B,B
M10_016,A,A,A,-,A,-,B,B,A,A,A,A,B,A,A,-,B,A,B,B,B,B,A,B,B,B,A,-,A,B,B,A,A,A,B,H,B,B,A,H,B,A,B,A,B,B,A,B,B,B,A,B,A,A,A,A,B,A,A,A,A,A,-,B,B,B,B,B,-,A,B,B,A,B,A,A,B,A,A,B,A,A,B,B,A,A,B,A,B,A,B,A,B,A,A,A,A,B,B,B,B,A,A,A,B,A,B,B,H,A,B,A,B,B,A,A,A,H,A,B,A,B,A,A,B,B,A,B,A,B,A,A,A,A,A,A,B,A,A,B,B,A,A,A,B,B,A,B,A,A
M10_017,B,A,B,B,B,A,A,-,A,B,B,A,H,-,B,H,B,A,B,B,A,A,A,A,B,-,B,B,B,A,B,B,A,A,B,B,B,B,B,A,A,A,A,A,A,B,A,B,B,B,B,A,B,A,B,B,A,B,B,B,A,B,A,A,B,B,A,A,B,A,A,A,B,B,B,A,B,B,A,A,B,A,B,B,B,B,A,B,B,B,A,B,B,A,B,A,B,B,A,A,A,B,B,A,A,B,A,B,B,B,B,B,B,A,B,A,-,B,B,B,A,A,A,B,B,B,B,A,B,B,A,B,A,B,A,H,A,A,B,A,B,A,B,B,B,A,B,A,B,A
M10_018,H,B,A,B,A,B,A,A,A,B,A,A,B,A,A,B,B,B,B,A,B,A,A,A,B,B,B,A,B,B,A,B,B,A,A,B,A,H,B,B,A,A,B,A,A,-,A,A,A,B,B,B,A,B,B,B,-,B,A,A,A,A,B,B,B,A,B,A,A,B,B,B,A,B,B,B,H,A,B,B,A,A,A,A,A,B,A,A,B,B,B,B,A,A,B,A,B,A,A,A,A,A,A,B,B,B,B,B,A,B,A,B,A,B,B,A,B,B,B,B,B,A,A,A,A,A,B,A,A,B,A,A,A,A,B,B,A,A,A,B,B,A,B,A,B,A,A,B,A,B
M10_019,B,A,A,A,A,B,A,B,B,A,B,B,A,B,B,-,A,B,B,A,B,B,-,B,A,A,B,A,B,A,A,B,A,A,B,B,B,B,A,A,A,B,A,B,A,B,A,B,B,B,B,B,B,A,A,B,B,B,-,B,H,B,B,A,A,A,B,A,-,B,B,B,A,A,A,B,A,A,B,A,B,B,B,H,A,A,A,B,B,B,B,B,B,B,A,A,A,A,A,B,B,B,A,B,-,A,B,B,B,A,A,A,B,B,A,B,A,B,B,B,A,A,A,B,B,B,A,B,A,A,B,A,A,A,B,A,A,A,A,B,B,A,H,A,A,B,B,A,A,B
M10_020,B,H,B,B,B,B,H,B,B,-,B,B,A,A,A,B,B,A,A,B,B,A,B,B,B,B,A,B,B,B,A,B,B,B,B,A,A,A,A,B,A,A,B,B,B,B,A,A,A,B,A,A,A,A,A,B,B,A,A,B,A,B,A,B,B,A,A,B,H,B,B,B,A,A,A,A,B,A,A,A,A,A,A,B,B,B,B,B,A,B,B,A,B,A,A,A,A,B,A,B,A,A,A,B,B,A,H,B,A,A,B,B,B,A,A,A,B,B,B,-,A,A,B,A,B,A,A,A,B,B,B,B,A,A,A,-,B,B,B,B,B,B,A,B,B,B,A,A,A,A
M10_021,A,A,B,A,B,A,A,-,A,B,A,B,A,A,B,B,B,B,B,A,B,B,-,B,A,A,A,B,B,A,A,A,A,B,B,A,A,A,A,B,A,A,B,H,A,A,H,-,B,-,A,A,A,B,B,B,A,A,A,B,B,A,A,B,A,B,A,A,A,A,A,A,A,A,A,A,B,B,A,A,A,B,A,A,B,A,B,B,B,B,A,B,A,-,A,A,B,A,A,A,B,A,B,B,B,B,B,A,A,B,A,B,A,B,B,A,B,-,H,A,B,B,A,A,A,B,A,B,A,A,B,A,B,A,A,B,A,B,A,B,B,B,A,B,A,A,A,B,H,B
M10_022,B,A,-,B,B,B,B,B,A,A,B,B,B,A,-,A,A,B,B,B,-,A,A,A,B,A,A,B,A,A,B,-,B,B,B,A,A,B,B,B,B,A,A,A,A,B,A,A,B,A,A,-,B,A,B,A,B,A,A,B,B,B,B,A,B,A,A,B,A,-,B,A,A,B,A,A,A,A,B,B,A,A,A,A,A,A,B,A,B,A,B,A,B,B,A,A,A,B,A,A,A,B,A,B,B,B,A,B,A,A,B,A,A,B,A,B,A,B,B,B,B,A,B,B,B,A,B,A,A,-,B,B,B,B,A,A,B,A,-,A,A,B,B,A,A,B,B,B,A,A
M10_023,A,A,A,A,H,A,B,B,A,A,A,B,B,-,B,A,A,B,B,A,A,A,A,B,B,B,B,B,A,A,A,B,B,A,B,A,B,A,A,B,A,B,B,B,B,B,B,-,B,B,B,-,-,A,A,B,A,B,A,B,B,A,A,A,A,B,A,B,A,A,A,A,A,A,H,H,B,B,B,B,A,B,A,A,B,B,A,A,-,B,B,B,B,A,-,A,B,-,A,A,B,B,A,A,B,A,B,B,B,B,B,A,B,A,A,B,B,B,B,A,A,A,A,B,A,B,B,B,B,B,A,B,A,A,A,A,B,A,B,B,H,B,B,A,B,A,B,B,B,A
M10_024,B,A,B,A,B,B,A,H,B,B,B,A,B,A,B,A,B,A,A,B,B,B,B,B,B,A,B,A,B,A,B,B,B,B,B,A,B,A,A,A,B,A,B,A,A,B,A,A,B,B,A,A,A,B,A,A,A,B,A,A,B,B,A,-,B,A,B,B,B,B,A,B,B,A,A,B,A,B,B,B,B,A,A,B,A,A,B,A,B,A,A,B,B,B,B,A,A,A,A,B,A,A,B,B,A,A,B,B,B,A,B,B,A,B,B,A,A,B,-,A,B,B,A,A,B,B,A,A,A,A,B,A,A,B,B,-,B,A,A,A,A,A,B,A,-,B,A,A,A,B
M10_025,A,B,A,B,B,B,A,B,B,A,-,H,A,B,B,A,A,A,B,B,A,B,B,A,A,B,B,-,A,B,B,B,B,A,A,A,A,A,B,A,A,B,B,A,A,B,A,B,B,B,B,B,B,B,B,B,A,A,A,A,B,A,A,A,H,B,B,B,B,B,A,B,B,B,B,B,B,B,B,A,A,B,B,A,B,B,B,B,A,B,B,A,B,A,A,A,A,B,B,A,B,A,B,A,B,A,A,-,B,A,A,A,B,B,B,-,B,A,-,B,B,B,A,A,A,B,A,A,A,B,A,A,A,A,A,B,A,B,B,B,A,A,A,B,A,B,B,B,A,A
M10_026,B,A,-,A,B,B,A,B,B,B,A,H,A,A,B,A,B,A,B,B,A,-,A,A,B,B,B,B,B,B,B,A,B,B,A,B,A,-,A,B,A,B,B,B,B,A,-,B,B,B,A,A,B,B,A,B,B,A,A,B,B,B,B,B,A,A,B,B,B,A,A,A,B,-,B,A,H,A,A,B,B,A,B,A,B,A,A,A,A,A,A,B,B,A,H,B,B,B,A,A,A,B,B,B,B,A,B,A,B,A,A,-,A,B,B,A,A,A,A,A,A,A,-,A,B,B,A,B,A,A,A,B,A,A,B,H,A,A,B,A,A,-,B,A,B,B,A,A,A,B
M10_027,B,A,B,B,A,B,B,A,B,A,A,B,B,H,A,A,A,B,A,B,A,A,A,B,A,A,A,B,B,B,A,A,A,B,A,B,A,B,A,B,B,A,B,B,A,B,-,B,A,A,B,A,A,B,-,A,B,A,B,A,B,A,B,B,B,B,A,A,B,A,A,B,A,A,B,B,B,B,A,B,B,-,B,A,A,A,B,A,A,B,A,A,A,A,A,B,A,B,H,B,B,B,H,B,A,B,B,A,B,A,A,A,A,B,B,A,A,B,A,B,B,B,A,B,A,A,B,-,A,B,B,B,B,H,H,-,B,-,B,B,A,B,-,B,A,B,A,-,A,A
M10_028,A,A,B,A,B,B,A,A,B,A,A,B,A,B,B,B,A,A,B,B,B,B,B,B,A,B,B,A,B,B,A,H,A,A,B,A,B,A,B,B,B,B,B,A,B,B,A,B,A,A,B,A,A,A,B,B,A,B,B,B,A,A,B,A,A,A,A,B,A,A,A,A,A,B,A,A,A,A,B,B,B,A,A,A,B,B,B,A,A,B,B,A,A,B,A,B,B,A,A,B,A,A,-,A,B,B,A,B,B,A,A,B,A,A,A,A,B,A,B,A,B,A,B,A,A,A,B,A,B,A,B,A,A,A,A,B,A,B,A,B,B,H,A,B,A,A,B,A,B,B
M10_029,B,A,B,A,A,B,B,B,A,B,B,A,A,A,A,A,B,-,B,B,A,A,B,B,B,A,B,B,A,A,B,A,H,B,B,B,A,B,-,B,B,A,B,B,A,A,B,B,A,B,A,-,A,A,A,B,B,A,A,B,A,A,B,B,A,B,B,B,B,B,B,B,B,B,A,A,B,B,B,A,-,A,B,A,B,B,B,B,B,B,A,B,A,A,-,A,B,A,B,B,B,A,A,B,-,A,B,A,A,B,A,A,B,B,B,-,B,-,B,A,A,B,A,A,A,-,-,B,B,A,B,B,A,B,A,A,B,B,A,A,A,B,A,B,-,A,B,A,B,B
M10_030,B,B,B,A,B,B,A,-,A,A,A,A,B,B,B,B,A,A,B,B,B,B,B,B,A,A,B,A,B,A,A,B,B,A,H,-,B,B,A,B,B,A,B,B,B,B,A,A,B,B,B,A,A,A,A,A,B,A,-,B,B,A,-,B,H,B,B,B,A,B,H,A,B,B,B,A,A,A,A,B,A,B,B,A,A,H,B,A,A,H,A,B,-,A,B,A,A,A,B,A,A,A,A,A,B,A,B,A,A,A,A,A,B,B,A,B,A,A,A,A,A,B,A,B,B,A,B,A,A,B,A,B,A,A,-,B,A,A,A,A,B,B,B,B,A,-,A,A,A,-
M10_031,A,A,A,A,A,B,B,A,B,A,B,A,A,B,B,B,A,A,-,B,A,B,B,B,B,B,A,B,-,B,A,B,H,B,A,B,A,A,A,A,A,A,B,B,B,B,A,A,B,B,B,A,A,A,A,B,B,B,A,B,B,A,-,A,A,B,A,B,A,A,B,A,B,A,B,B,A,A,B,A,B,B,B,B,A,B,A,A,B,B,B,B,B,A,B,A,A,B,B,B,-,B,B,A,A,A,A,A,A,B,B,B,A,A,A,B,A,A,-,A,B,A,B,B,A,A,A,B,B,B,A,B,A,A,A,B,B,A,B,B,B,H,B,B,A,A,B,B,A,B
M10_032,A,H,B,A,B,B,A,A,A,B,A,B,B,A,B,B,B,B,B,B,A,A,B,A,B,B,A,A,A,A,A,B,B,A,A,A,H,A,A,B,B,A,H,B,A,B,A,A,B,H,A,A,B,B,B,B,A,B,B,A,A,A,A,A,A,A,B,A,B,B,-,A,B,A,B,A,A,A,B,B,A,B,A,B,A,B,B,A,B,B,B,B,B,B,B,B,B,B,B,A,H,-,A,B,A,B,B,A,A,B,B,B,B,A,A,B,B,A,A,A,B,B,A,A,A,H,B,B,A,A,A,B,A,B,A,B,B,B,B,B,A,A,B,A,B,B,B,B,A,B
M10_033,B,B,A,A,B,B,A,A,B,B,B,A,B,A,A,B,A,B,B,B,B,A,A,A,B,B,A,A,B,B,B,B,B,-,B,A,B,A,A,B,B,B,B,B,B,B,B,B,B,A,A,A,B,A,A,A,B,A,A,A,A,B,B,B,B,B,A,A,B,B,B,A,B,B,B,A,A,A,B,A,B,A,A,A,A,A,A,A,A,B,A,A,B,A,B,A,B,A,A,B,A,B,A,A,B,A,B,A,B,-,B,A,B,B,A,B,B,B,A,A,A,A,B,B,A,B,A,A,B,B,B,B,-,A,B,A,B,A,B,B,B,B,A,A,B,A,-,A,B,A
M10_034,B,A,A,A,B,B,A,A,A,B,B,A,B,A,A,A,B,B,A,B,A,A,B,H,A,B,B,A,A,-,B,B,A,A,B,B,B,A,A,A,-,B,B,A,B,-,B,B,A,A,A,B,A,A,B,B,A,H,B,A,B,A,B,B,A,B,B,A,A,A,A,A,A,B,B,A,B,B,A,B,B,B,A,-,A,A,A,A,A,B,B,A,B,-,A,B,B,A,A,A,A,B,B,A,B,A,A,A,A,A,B,A,B,A,-,B,A,B,B,A,-,B,A,A,B,B,A,B,B,A,B,A,B,-,A,B,B,-,B,B,B,B,B,B,B,B,B,B,B,A
M10_035,A,B,B,B,B,A,A,B,A,B,B,B,A,A,A,B,A,B,A,B,-,A,B,A,B,A,B,A,B,-,B,A,A,B,B,B,A,B,B,A,B,B,B,B,B,B,B,A,B,B,A,B,B,B,B,A,B,A,B,A,B,A,A,-,B,A,A,-,B,B,A,B,B,B,A,B,B,A,A,-,B,B,A,B,A,B,B,-,B,B,A,A,B,A,B,B,A,B,B,A,A,B,B,B,A,A,A,B,A,B,B,B,B,B,B,A,A,B,B,A,H,A,B,B,B,B,A,H,H,B,A,A,A,B,A,A,B,B,A,B,-,B,B,B,B,H,B,A,B,B
M10_036,B,A,A,B,A,A,B,A,B,B,B,B,A,B,H,B,B,A,A,B,A,B,A,A,A,A,B,A,B,B,A,A,B,A,B,A,-,B,A,H,A,A,-,B,A,B,B,A,B,B,B,A,B,A,B,B,A,A,-,B,B,B,A,H,A,B,A,A,A,A,A,A,A,B,A,A,B,A,A,A,B,-,A,B,A,A,A,A,A,A,B,A,A,A,A,A,-,A,B,B,A,B,B,A,A,A,A,B,B,B,-,B,A,A,B,B,A,B,A,A,-,A,B,B,A,B,B,A,B,B,A,A,B,H,A,B,B,-,B,B,A,A,B,B,A,B,A,B,A,A
M10_037,A,A,A,B,B,-,B,A,B,-,-,B,A,A,B,A,B,B,B,A,-,B,A,B,B,B,B,B,A,B,-,A,A,B,B,B,A,B,A,B,B,A,A,A,A,B,A,A,B,B,A,A,A,A,-,H,A,A,A,B,A,B,B,B,A,A,B,B,B,B,B,B,-,A,A,B,A,A,A,B,A,B,A,B,A,A,B,B,A,B,B,A,A,B,A,A,H,A,A,B,A,B,A,B,A,A,A,B,B,A,A,A,H,A,B,B,B,B,A,A,A,B,A,A,A,B,B,A,A,A,A,B,B,B,B,A,B,B,B,B,B,B,A,A,B,A,B,B,B,A
M10_038,A,B,A,B,B,A,A,B,A,A,B,B,B,A,B,A,A,H,A,A,B,B,B,A,A,A,B,A,A,B,B,A,B,A,B,B,B,A,A,B,A,B,B,A,H,B,A,A,A,B,A,H,A,A,B,A,B,A,H,B,B,A,B,A,H,A,A,B,A,A,B,B,A,B,A,B,A,A,B,A,A,A,B,A,A,A,A,B,B,B,A,B,A,B,B,A,A,B,B,A,A,B,A,B,A,A,A,B,A,B,B,B,B,B,B,B,A,B,B,B,A,B,A,A,B,B,A,A,A,B,B,B,B,B,A,A,B,A,A,B,A,A,A,B,A,A,B,B,A,A
M10_039,B,A,B,B,A,A,A,A,A,B,B,B,A,B,A,A,A,B,B,B,A,A,A,A,A,A,-,A,A,B,B,B,A,A,A,A,B,-,B,-,B,B,B,B,B,B,A,A,A,A,B,-,A,A,B,A,-,B,B,B,B,B,A,A,B,A,A,B,B,A,A,A,B,A,A,-,B,B,B,A,B,B,B,A,A,A,B,A,B,A,-,B,B,A,B,B,A,B,A,B,A,A,A,A,A,A,B,A,A,A,A,A,A,B,A,A,A,A,A,B,B,A,A,A,A,A,B,B,B,A,B,A,B,A,A,A,A,B,-,B,B,B,B,A,A,A,A,B,B,B
M10_040,A,B,A,-,B,A,B,B,B,A,B,A,A,A,A,B,B,-,A,B,-,A,-,B,A,B,B,A,B,B,B,A,B,A,B,A,A,B,A,B,B,A,A,B,B,A,A,B,H,B,B,B,-,A,A,B,B,A,B,A,B,A,B,A,B,A,A,B,A,A,B,B,A,B,B,A,B,B,B,A,B,B,A,B,A,-,B,A,A,A,A,A,B,A,B,A,A,B,B,A,B,A,B,A,B,A,B,B,A,A,B,A,B,B,A,B,A,B,A,B,A,B,A,A,A,A,A,-,H,A,B,A,A,A,B,A,B,B,A,A,A,A,A,B,B,B,A,A,A,B
M11_001,B,B,A,A,A,B,B,A,A,B,B,A,A,B,A,A,B,A,A,A,A,A,A,A,B,B,B,A,A,A,A,A,A,B,B,B,B,A,-,A,A,B,A,A,A,A,B,A,B,A,A,A,A,A,B,-,B,B,A,B,B,B,A,A,B,A,A,A,A,A,A,-,A,A,B,B,A,A,A,B,B,-,B,A,A,A,A,B,A,B,B,A,B,A,A,B,B,A,A,A,B,B,B,A,B,A,-,B,B,B,B,B,A,B,A,A,A,B,B,A,B,A,A,A,A,-,B,A,B,A,B,B,B,A,A,H,A,A,B,A,B,A,A,A,A,A,B,B,B,A
M11_002,B,B,A,A,B,B,B,B,A,-,A,A,B,B,B,B,A,A,A,H,B,B,B,B,B,A,A,B,A,B,B,-,A,A,A,B,B,A,A,B,A,B,A,B,A,-,A,B,A,B,A,B,A,-,A,B,A,A,B,A,B,A,-,A,B,A,B,A,B,B,A,A,A,B,A,B,A,A,A,A,B,B,B,B,-,B,-,A,A,A,B,B,B,B,A,A,B,A,B,A,B,H,A,A,A,A,B,A,A,B,A,B,A,A,A,A,B,A,A,A,A,B,A,A,A,A,A,B,B,A,A,B,A,A,A,B,A,A,B,B,B,B,A,A,A,B,B,-,B,-
M11_003,B,B,A,B,B,A,A,B,A,A,A,B,A,-,B,B,B,B,A,A,B,A,-,A,A,B,B,B,A,A,A,A,B,A,A,B,A,B,B,A,A,B,B,A,A,A,B,A,B,B,B,A,A,B,A,B,A,B,A,A,B,B,A,A,B,B,A,A,A,A,A,A,B,B,B,A,B,B,B,A,A,B,A,B,B,B,B,A,A,B,-,B,B,-,A,B,A,A,A,B,H,A,B,A,B,A,A,B,A,A,B,A,A,B,B,A,H,-,B,A,A,B,B,B,A,A,B,B,B,A,B,B,A,B,A,A,B,B,B,A,B,A,B,A,A,A,B,B,B,A
M11_004,A,A,B,A,A,A,B,B,B,A,B,B,A,A,A,B,A,A,A,A,A,B,A,A,B,B,B,A,A,B,A,B,A,B,B,A,B,A,A,B,B,B,B,A,A,B,A,B,B,B,A,B,B,-,A,B,B,A,A,A,H,B,B,A,A,B,B,A,H,A,A,B,B,B,B,B,A,B,B,B,B,B,B,B,B,B,A,B,B,B,B,B,B,B,A,A,A,A,A,A,B,B,B,A,A,B,A,A,A,A,A,A,B,B,A,A,B,A,B,A,A,A,A,B,B,B,B,B,A,B,B,A,A,A,B,B,B,A,B,A,A,A,A,A,A,B,B,B,A,A
M11_005,B,B,B,B,A,A,B,B,A,A,B,B,B,A,B,A,A,A,A,A,-,B,A,A,B,B,B,B,A,B,A,B,A,B,B,-,A,H,A,A,B,B,B,B,A,A,A,A,A,A,B,A,A,A,A,A,B,A,-,B,A,-,H,B,B,B,B,B,A,A,A,A,A,B,B,B,A,A,B,A,B,A,B,B,B,A,B,A,A,B,A,A,B,A,B,B,A,B,A,B,A,B,B,H,A,-,A,A,A,B,A,A,B,A,A,B,A,B,A,B,A,A,A,A,B,A,B,-,A,B,B,B,B,A,A,A,B,A,B,A,B,-,B,A,A,B,B,A,B,A
M11_006,B,B,B,A,A,B,B,B,A,A,A,B,B,B,A,A,B,B,A,A,B,A,B,A,B,B,A,B,A,A,A,B,A,A,A,B,B,A,A,B,A,B,A,B,A,A,B,B,A,B,A,B,A,A,B,A,B,B,B,B,A,B,A,B,B,B,A,A,A,B,B,B,-,B,A,A,A,B,A,A,B,B,B,B,B,A,B,A,B,B,B,B,B,A,B,B,B,B,B,B,A,A,B,A,A,B,B,A,A,B,H,B,B,A,-,B,A,A,A,B,B,A,A,A,A,A,A,B,B,A,A,B,A,A,A,A,A,B,A,A,A,A,B,B,A,B,B,B,A,A
M11_007,B,A,A,H,B,A,B,B,A,A,A,A,A,A,A,A,A,A,A,A,B,A,A,B,A,-,A,B,B,A,A,B,A,B,A,A,A,A,A,B,A,A,A,B,A,A,A,A,B,A,A,H,A,B,B,A,A,B,A,A,A,A,A,A,A,B,A,A,A,A,A,A,A,B,A,A,H,A,A,B,A,B,A,B,A,B,B,A,B,A,B,B,B,A,B,B,A,A,B,B,B,A,A,B,A,A,B,A,A,A,A,B,B,B,A,B,B,B,B,A,B,A,A,A,A,B,B,B,B,B,B,A,B,B,B,B,A,A,-,A,B,B,A,A,B,A,A,A,A,B
M11_008,B,B,A,B,-,A,A,A,A,B,A,A,B,B,A,B,B,A,H,A,B,A,A,A,B,A,H,B,B,A,A,A,B,A,B,-,B,A,B,H,B,B,B,B,B,B,B,B,B,B,A,B,A,B,B,B,B,B,A,-,A,B,B,A,B,A,A,A,B,B,B,A,A,B,A,B,B,A,A,A,A,B,B,B,A,A,B,B,B,B,A,H,A,B,B,B,B,B,B,B,A,B,H,B,B,A,-,A,B,B,-,B,A,B,A,B,B,B,B,B,A,A,-,B,B,B,B,B,A,B,-,A,B,B,A,A,A,B,A,A,A,A,B,B,A,B,A,A,A,B
M11_009,A,B,A,A,B,B,A,A,B,A,-,A,B,A,B,B,B,B,B,B,A,A,A,B,B,B,B,A,B,A,B,B,B,B,A,A,B,B,B,H,A,B,B,B,B,A,A,A,A,B,B,A,-,A,B,B,B,B,A,A,B,B,A,-,A,B,B,A,B,-,H,A,B,A,B,A,A,A,B,A,A,B,B,A,A,B,B,B,A,B,A,A,A,B,B,B,A,B,A,B,B,B,A,B,B,B,B,A,B,B,A,A,B,A,A,A,B,A,B,-,B,B,A,A,A,B,B,A,A,A,B,A,A,A,A,B,-,A,B,A,B,A,A,A,A,B,A,A,A,A
M11_010,A,A,B,A,B,A,A,B,B,A,A,A,A,B,B,B,A,B,A,B,A,-,A,B,B,B,A,B,A,A,B,B,B,A,B,B,A,B,B,B,A,-,A,A,B,A,-,A,A,B,B,B,B,B,A,B,A,A,A,A,A,A,A,A,A,A,A,A,A,A,B,A,B,A,A,-,A,A,B,B,A,A,A,A,B,H,A,B,B,B,A,A,B,B,B,B,A,-,A,A,B,A,B,A,A,A,B,A,A,B,A,A,B,A,B,A,A,A,A,B,B,A,A,A,B,B,A,A,B,B,A,A,B,B,A,A,B,B,B,A,B,B,A,A,-,B,B,B,A,A
M11_011,A,A,A,A,B,A,A,B,A,B,A,A,B,A,A,A,B,A,A,A,B,B,A,B,B,B,A,A,B,B,B,B,A,-,B,A,B,A,-,-,B,B,B,A,A,B,A,B,B,B,A,A,H,A,B,-,B,A,B,A,B,B,B,A,A,A,A,B,A,B,B,A,A,A,A,B,B,B,A,B,B,A,B,-,A,A,B,B,B,A,A,A,A,B,B,B,A,A,B,B,B,A,A,B,A,A,A,-,B,A,B,B,A,A,B,A,B,A,A,A,B,A,B,A,B,A,B,B,A,B,A,B,B,A,A,A,A,-,A,A,B,A,A,A,B,B,A,B,B,B
M11_012,B,A,-,B,B,A,A,B,A,A,A,B,B,B,A,B,A,A,B,-,A,-,B,B,A,A,A,B,H,B,B,A,B,B,A,A,B,A,B,-,A,H,H,B,B,B,B,B,B,B,B,-,B,B,A,B,A,B,B,B,A,A,-,B,A,A,A,B,B,B,B,B,A,B,B,B,B,B,A,A,B,A,A,A,B,A,A,B,B,A,B,A,B,B,A,B,A,B,B,A,A,-,B,B,-,A,B,A,A,B,A,B,B,A,B,A,H,B,B,A,B,H,A,B,A,A,B,B,A,A,B,A,B,B,B,A,B,A,B,A,-,A,B,B,A,B,A,B,A,B
M11_013,B,H,B,A,A,A,A,A,B,B,B,A,B,A,B,B,A,A,A,B,A,B,B,B,B,B,B,A,B,B,B,B,-,B,A,A,A,A,A,B,B,B,A,A,A,A,A,B,A,A,B,A,B,A,A,A,A,A,A,A,B,A,A,B,-,A,A,B,A,B,B,B,A,B,B,A,A,B,B,B,B,A,A,A,A,A,B,B,A,B,A,A,A,A,B,B,B,A,B,A,B,A,A,B,B,B,A,A,B,A,A,A,A,A,B,B,A,H,B,B,B,B,A,B,B,A,B,B,A,B,A,A,B,A,B,B,A,A,H,A,B,A,B,B,A,B,B,B,A,A
M11_014,A,B,H,B,A,A,B,A,B,B,B,A,A,B,B,A,A,A,H,A,B,A,A,B,B,A,A,B,A,B,A,A,A,A,A,A,B,B,A,B,B,A,B,A,A,A,H,A,A,B,B,B,B,B,A,B,A,B,A,B,A,B,B,A,A,A,B,B,A,A,A,A,A,B,B,A,B,A,-,B,B,A,B,B,A,A,B,A,A,B,A,B,A,B,B,B,A,A,B,B,A,A,A,B,B,B,A,B,B,A,B,B,A,B,A,-,B,B,A,B,A,B,B,A,B,B,B,B,B,A,B,B,A,A,A,A,B,-,A,A,B,A,B,A,A,-,A,A,B,B
M11_015,B,A,B,A,B,A,B,B,A,A,B,A,B,A,A,B,A,B,A,A,A,B,B,B,A,B,B,A,A,B,B,B,A,A,A,B,B,-,B,B,A,B,B,A,A,A,A,B,A,B,B,B,B,B,A,A,B,A,B,A,B,B,B,B,A,B,A,H,B,A,B,A,A,B,B,B,B,A,A,A,A,B,B,B,A,A,A,B,A,A,A,B,A,A,B,B,A,A,A,A,A,A,A,B,A,A,A,B,B,B,B,A,B,A,A,A,-,A,B,A,A,A,B,A,B,B,B,B,B,A,A,A,B,A,B,A,A,B,B,B,A,B,B,B,A,B,A,B,A,B
M11_016,B,A,B,B,B,A,B,B,A,B,B,B,A,-,A,B,B,A,A,A,A,A,B,B,B,A,A,A,B,B,B,A,A,B,A,A,A,B,H,A,A,-,B,B,B,B,A,B,B,B,B,-,B,B,B,B,A,B,A,A,B,A,B,-,A,A,B,A,B,A,B,A,B,B,B,B,A,A,A,B,B,B,B,B,B,B,B,A,A,B,B,A,B,B,A,B,B,A,B,B,B,B,A,B,A,A,B,B,B,B,B,A,B,-,B,A,H,-,B,A,A,B,A,B,B,B,A,A,A,B,B,B,B,B,B,B,A,A,B,B,A,A,-,A,B,-,A,B,B,B
M11_017,B,A,B,A,B,H,A,B,A,B,A,A,A,B,B,A,B,A,A,B,A,B,B,B,B,A,B,B,B,-,B,A,B,A,B,A,B,B,A,B,B,B,A,-,A,B,A,A,A,B,A,A,A,B,B,A,B,A,A,A,B,B,A,A,B,A,A,B,-,B,A,A,B,B,B,A,B,A,B,-,B,B,B,A,A,B,A,B,B,A,A,B,A,B,A,B,B,B,B,B,B,B,B,B,B,B,B,B,B,A,A,H,B,-,B,B,A,A,B,B,A,B,A,A,H,B,A,A,A,B,A,A,B,A,B,A,A,H,A,B,B,A,A,B,B,A,B,B,A,A
M11_018,A,B,B,B,A,B,B,-,B,B,B,B,A,B,B,A,A,B,A,A,A,A,B,B,A,A,A,A,A,B,B,B,B,B,B,B,B,B,B,A,B,A,B,A,B,B,A,B,A,A,A,A,B,B,A,A,A,A,A,A,A,B,A,B,B,B,B,A,B,A,B,A,A,-,B,A,B,B,B,A,B,B,B,A,B,A,B,B,A,A,A,B,A,B,A,B,A,B,A,A,B,B,B,A,B,A,B,A,A,B,B,A,A,B,B,B,A,B,A,B,A,B,B,B,A,B,B,B,B,A,A,B,B,A,B,A,B,A,H,B,A,B,B,B,A,A,B,B,A,A
M11_019,B,A,A,A,B,A,A,A,B,-,-,B,B,B,B,A,A,A,B,B,-,B,A,B,A,A,A,B,A,B,B,B,A,A,B,A,B,B,B,B,B,B,B,B,B,A,B,A,A,B,A,A,A,-,A,A,B,B,A,B,A,A,H,A,A,A,B,A,A,B,A,A,A,B,B,B,A,B,B,A,B,B,H,-,B,B,B,B,A,A,B,B,A,B,B,A,B,B,A,A,B,B,B,-,A,B,B,B,A,B,B,B,B,B,B,A,A,B,A,B,B,B,A,A,A,B,A,A,A,B,B,A,A,B,A,A,A,A,A,B,-,A,B,B,A,A,B,B,A,A
M11_020,-,B,B,B,B,B,A,B,A,H,A,A,A,B,B,A,B,B,A,B,B,A,A,B,B,A,A,-,A,B,A,B,B,A,A,A,B,A,A,A,A,B,A,A,B,B,A,A,B,B,A,A,B,B,-,B,A,A,B,A,A,A,B,B,A,B,A,B,B,A,A,B,B,A,B,B,A,A,B,B,A,A,A,A,B,A,B,A,H,B,A,B,A,B,B,B,B,A,B,A,B,A,A,B,A,A,B,H,B,A,B,A,H,B,B,B,B,B,A,A,-,A,A,A,B,A,-,B,B,A,A,B,B,B,H,A,-,B,A,A,A,A,A,A,B,B,A,B,B,A
M11_021,A,A,B,B,A,A,A,B,A,B,A,A,A,B,A,A,B,A,B,B,A,A,B,B,B,B,A,B,A,A,B,B,B,B,A,A,A,B,A,A,A,B,A,A,A,B,B,A,B,A,B,-,A,A,B,A,B,B,B,B,A,H,B,B,B,B,B,A,A,B,B,B,A,B,A,B,A,A,B,B,H,A,B,B,A,B,A,B,A,-,A,A,A,A,A,A,A,A,B,B,B,A,B,B,A,B,B,B,B,A,A,B,A,A,B,B,A,B,A,B,B,B,A,A,A,B,A,B,A,B,A,B,B,A,A,A,B,B,B,B,B,A,B,A,B,B,B,A,B,B
M11_022,A,A,B,A,A,B,A,A,B,A,A,A,A,A,A,A,B,B,B,B,B,B,A,A,B,A,A,B,B,A,A,A,A,A,B,-,B,A,A,B,A,B,A,A,-,A,B,B,B,B,A,A,A,B,B,A,A,-,-,A,B,B,A,A,B,A,B,A,A,A,B,A,B,A,A,A,B,A,B,B,A,B,A,H,A,A,A,B,A,B,B,A,A,B,A,A,A,H,A,A,A,B,A,B,B,B,A,A,A,A,A,B,-,B,B,B,A,B,A,B,B,B,A,A,B,B,B,-,B,B,A,B,A,B,B,B,A,B,B,B,A,B,A,A,A,B,A,B,B,B
M11_023,B,B,B,A,A,A,B,B,A,B,B,A,A,H,A,A,-,A,B,A,B,B,B,B,-,A,A,B,B,A,B,A,A,A,B,A,A,A,A,B,A,A,B,A,B,B,A,A,B,A,A,B,A,A,B,B,B,A,B,A,A,A,A,B,A,B,A,A,B,B,B,B,A,H,A,B,B,A,A,B,B,A,B,A,B,A,B,A,A,A,B,B,B,A,A,B,B,A,B,A,A,A,B,B,B,A,A,A,B,A,B,B,B,-,A,A,B,A,A,H,A,B,A,B,A,-,B,B,A,B,A,A,A,B,A,A,A,A,A,A,A,A,A,B,B,B,B,B,A,B
M11_024,A,B,B,B,B,A,B,A,B,B,A,H,B,A,B,A,B,B,B,A,B,B,B,A,B,B,B,A,A,B,A,B,A,B,B,B,B,B,B,A,-,A,A,B,B,B,B,B,B,A,B,A,A,A,A,B,B,A,A,A,A,A,A,B,B,A,A,-,B,A,B,A,B,A,B,A,B,A,A,B,B,H,B,B,B,A,A,A,B,B,B,B,B,B,B,B,A,B,A,A,A,B,A,B,A,B,B,A,A,H,B,B,B,B,B,B,A,B,-,B,A,B,B,A,B,A,B,A,A,A,B,B,A,A,B,B,A,A,A,B,A,A,A,B,B,B,B,B,B,A
M11_025,B,B,B,A,A,B,B,B,B,-,A,A,A,B,A,A,A,A,A,A,A,A,A,B,A,A,A,B,A,B,A,A,A,A,B,A,B,B,A,B,B,A,A,A,A,A,B,B,A,A,-,-,A,A,A,A,A,A,-,A,A,B,B,A,A,A,A,A,A,A,B,B,B,B,A,B,A,B,B,A,B,A,A,B,A,B,-,A,B,B,A,A,A,B,A,B,B,A,A,A,-,B,B,B,B,A,-,A,H,B,B,A,B,A,B,A,A,A,B,B,A,B,B,B,B,A,B,A,A,B,A,B,A,A,B,B,B,A,B,A,A,B,B,A,A,B,B,A,B,A
M11_026,A,A,A,-,A,A,B,B,A,A,A,B,-,B,A,A,A,A,B,B,B,-,A,B,B,A,B,B,A,A,A,A,A,B,B,A,A,B,A,A,B,A,B,A,B,B,H,B,A,A,A,B,B,-,A,A,A,B,A,A,B,A,A,A,B,B,A,A,-,B,A,B,B,B,B,A,B,A,B,B,B,A,B,B,A,A,A,B,A,A,A,B,B,A,B,-,A,A,B,B,A,B,A,-,B,B,A,B,B,B,A,A,H,B,A,A,A,A,A,A,B,A,H,B,A,B,B,A,B,A,B,B,A,A,B,-,A,B,B,A,B,A,B,B,B,A,A,B,B,B
M11_027,A,B,B,B,B,B,A,A,B,A,B,A,A,H,A,A,A,B,A,A,B,A,B,A,A,B,A,A,-,-,B,A,-,A,B,B,B,A,A,B,B,A,B,A,A,B,B,A,-,A,A,A,A,A,A,B,-,A,B,B,A,B,B,A,B,A,B,B,B,B,B,A,B,B,A,A,B,A,B,A,B,A,A,A,B,A,A,A,B,B,A,B,B,B,B,A,B,A,A,B,A,A,A,B,A,A,B,A,B,A,B,A,A,B,B,B,B,A,B,A,A,B,A,B,A,B,A,B,A,A,A,A,A,A,A,A,B,A,B,B,B,A,A,B,A,A,B,A,B,B
M11_028,A,B,B,B,B,A,B,B,A,B,A,B,A,A,B,A,A,B,A,B,B,A,B,B,A,A,A,-,-,A,A,B,B,B,B,B,A,A,B,A,A,A,B,A,B,B,A,A,A,A,B,A,B,A,B,B,B,A,A,A,A,A,A,A,B,B,B,A,B,A,B,A,A,A,A,B,A,A,A,B,A,B,B,B,A,A,B,A,B,B,A,B,A,A,A,A,B,A,B,A,H,B,B,B,A,A,A,A,B,A,B,B,A,B,A,A,A,A,A,-,B,B,A,B,B,A,B,H,B,A,B,A,H,A,B,A,A,B,B,A,B,B,B,B,B,B,B,A,B,B
M11_029,B,B,B,B,A,A,A,B,-,A,A,B,A,A,B,A,A,A,B,A,B,A,B,-,B,A,B,B,B,B,A,A,A,B,B,A,A,B,A,B,A,A,B,A,A,B,A,B,-,A,A,B,B,B,A,B,A,B,B,B,B,A,A,A,B,H,B,A,B,A,A,A,H,A,A,A,B,A,-,-,A,B,A,B,B,B,B,B,B,B,A,B,A,A,B,A,A,A,A,A,A,B,B,B,A,B,A,A,B,B,B,A,B,A,B,A,A,-,B,A,B,B,B,B,B,B,B,B,A,A,B,A,A,B,B,B,B,B,A,-,A,A,A,A,B,B,B,B,A,B
M11_030,-,B,A,A,A,B,A,-,A,A,A,A,B,B,A,-,A,A,A,B,A,B,B,A,A,B,A,B,B,B,B,A,A,B,B,B,A,B,-,A,B,A,B,A,B,A,B,B,B,A,A,B,A,A,A,A,A,A,A,A,B,A,A,B,B,A,B,B,B,B,A,A,A,A,B,A,B,A,A,H,A,A,B,B,A,B,A,A,A,B,A,B,B,B,B,A,A,B,A,B,A,B,B,A,B,A,A,A,A,B,B,A,A,A,B,B,B,B,A,B,B,A,A,B,B,A,B,B,B,B,-,B,A,A,B,A,B,A,B,A,B,A,-,A,A,A,B,B,A,B
M11_031,B,B,A,A,-,A,B,A,B,B,B,B,B,B,A,B,B,A,B,A,B,B,B,B,A,B,B,A,A,B,B,B,A,B,B,A,A,A,B,B,A,A,B,A,A,B,B,B,B,B,B,B,B,-,H,A,A,B,B,B,B,-,B,A,B,B,A,B,A,A,A,A,B,A,B,A,B,B,A,A,A,B,B,A,A,-,B,A,B,B,A,A,B,B,H,B,-,B,B,A,A,B,A,B,A,B,A,B,A,B,A,B,A,B,B,B,B,A,B,-,B,B,A,B,B,B,B,A,B,B,A,B,A,A,B,B,-,B,B,A,A,A,B,A,A,B,B,-,B,A
M11_032,B,B,B,A,A,B,A,B,A,B,A,B,A,A,B,A,A,A,A,B,A,B,A,A,B,A,B,A,B,B,B,B,B,A,B,B,A,B,B,-,B,A,B,A,B,A,B,B,B,A,B,B,B,B,A,B,B,A,B,B,A,B,A,B,B,A,B,A,B,A,A,A,B,A,A,A,A,A,A,A,A,A,A,B,B,B,B,A,B,B,B,A,-,B,A,B,B,A,A,B,B,A,B,B,B,-,B,-,B,B,A,B,B,A,A,B,A,B,A,A,B,B,A,B,B,A,B,A,B,A,B,B,H,A,A,B,A,B,A,B,B,A,B,B,A,A,A,B,A,A
M11_033,B,A,B,B,B,A,B,A,A,H,A,B,A,A,B,B,A,A,A,A,A,A,B,A,B,A,B,A,A,B,-,B,A,B,A,B,A,B,B,A,B,B,B,A,A,B,B,B,B,B,B,H,A,A,B,A,B,B,B,B,A,B,B,B,A,A,A,B,A,A,A,-,A,A,B,A,A,B,B,B,A,A,B,A,B,B,A,A,B,A,B,A,A,B,A,B,A,B,A,A,A,A,A,A,B,B,B,B,A,A,A,A,B,B,B,B,B,H,-,B,A,A,B,A,A,A,B,B,A,-,B,A,B,H,B,A,A,B,B,A,A,B,A,B,B,A,A,B,B,B
M11_034,B,A,B,B,A,A,A,A,H,A,A,B,-,B,B,A,B,A,A,A,B,A,A,A,A,A,A,A,A,A,B,A,A,B,H,B,A,-,A,A,A,B,-,A,B,A,A,B,B,A,A,A,B,A,B,A,A,A,H,B,B,B,H,A,B,-,B,B,B,B,A,A,-,B,A,B,A,B,A,B,B,A,B,A,B,A,B,A,A,A,B,B,A,B,A,A,A,A,A,A,A,B,A,A,-,A,A,B,B,A,A,B,B,A,A,B,B,B,A,B,A,B,A,A,B,B,A,B,A,B,A,B,B,A,A,A,A,A,B,B,B,A,B,B,A,B,B,A,A,A
M11_035,A,-,A,B,B,A,A,B,A,A,B,A,A,B,A,B,A,H,B,B,B,A,B,B,B,A,A,B,A,-,A,B,B,A,A,A,B,A,B,B,B,B,A,-,B,A,B,B,B,H,A,B,B,B,A,A,A,A,A,A,A,A,A,-,A,A,B,A,A,A,B,-,B,A,A,B,A,A,B,A,B,A,A,A,A,B,B,A,B,B,B,A,B,B,A,B,B,B,A,B,A,B,B,A,B,B,B,B,B,A,B,B,A,A,H,B,A,B,A,B,B,A,B,A,A,B,B,A,B,A,A,A,A,A,A,A,B,B,B,A,A,A,A,B,B,B,A,A,A,A
M11_036,B,A,B,A,B,A,A,A,A,B,B,B,A,H,A,A,H,B,B,A,A,B,B,A,B,A,B,B,H,B,B,A,B,A,B,A,B,A,A,A,B,B,A,A,A,A,B,B,A,-,A,B,B,B,B,A,H,A,B,A,A,B,A,A,A,B,B,A,A,B,B,B,H,A,A,B,B,B,B,B,A,A,A,A,A,B,A,A,A,B,B,B,A,B,B,B,A,A,B,B,B,A,A,A,-,B,-,A,A,A,-,A,A,A,B,B,A,A,A,A,A,-,B,B,B,B,A,A,B,B,B,B,B,B,A,A,A,B,A,A,H,A,A,A,B,B,B,-,B,A
M11_037,A,A,A,A,B,A,B,B,A,B,B,B,A,B,A,A,A,A,B,B,A,B,A,A,A,B,B,A,A,A,B,B,B,A,B,H,B,H,B,A,B,B,A,B,B,B,B,B,B,B,A,A,B,A,B,A,B,B,B,B,B,A,A,-,B,B,A,B,A,A,A,A,A,B,B,B,B,A,B,B,B,A,B,A,B,A,A,B,B,B,A,-,B,A,B,A,A,B,A,B,A,-,A,B,H,B,B,B,B,A,B,B,B,A,B,A,B,B,B,A,B,B,B,B,A,A,A,B,A,B,B,A,A,A,B,A,A,B,B,A,A,B,A,A,A,A,A,B,B,B
M11_038,B,B,A,A,B,B,B,A,B,A,B,B,B,A,B,B,B,B,B,B,B,A,B,B,A,A,A,B,A,A,A,B,A,B,B,A,B,A,B,A,A,B,A,B,B,-,A,B,A,B,B,A,B,B,B,A,A,A,B,B,A,A,A,B,B,A,B,B,A,B,B,A,B,B,A,B,A,B,B,B,B,A,A,B,B,B,B,A,A,B,B,B,A,B,A,A,B,A,B,A,A,A,B,A,A,A,A,B,A,A,B,A,B,B,A,A,B,B,B,B,A,A,A,B,B,A,B,H,A,A,A,A,B,A,A,B,B,B,B,B,A,A,A,A,A,B,B,A,B,-
M11_039,A,A,H,B,A,B,A,B,B,-,A,A,A,B,B,B,A,-,H,A,A,B,A,A,A,B,A,A,B,B,B,A,A,A,B,A,B,B,A,B,B,B,B,A,A,A,A,A,B,A,A,B,B,B,A,A,A,H,H,A,B,B,A,B,A,A,B,B,B,B,A,A,B,A,A,A,A,A,B,A,B,A,A,A,B,B,B,B,A,B,B,A,B,A,A,A,A,B,A,A,B,B,B,A,B,A,A,B,B,B,B,B,B,B,B,A,A,A,A,B,-,B,B,B,A,A,A,A,B,B,A,A,B,B,B,A,H,B,A,A,A,B,B,A,B,A,B,B,A,A
M11_040,B,A,A,B,H,B,B,A,A,B,A,A,B,A,B,A,A,B,B,A,B,A,A,B,A,B,B,B,B,B,-,B,A,A,A,A,B,B,A,B,B,A,A,A,A,B,B,A,A,B,B,A,B,B,B,B,A,B,A,B,A,B,A,B,B,B,B,-,B,A,B,-,A,H,A,A,A,A,A,A,A,B,A,B,A,B,B,B,B,B,A,A,B,A,B,B,A,B,B,B,B,B,B,A,B,A,A,A,A,B,A,A,A,A,A,B,B,A,B,B,A,A,B,A,-,-,B,A,H,B,A,B,-,A,B,A,A,A,B,H,B,A,B,A,A,A,H,B,A,B
M12_001,A,A,A,A,A,B,A,B,B,B,A,A,A,A,B,B,A,B,A,A,B,B,A,B,B,A,-,A,A,B,B,A,B,A,A,A,B,A,A,A,A,A,A,-,B,A,A,A,A,B,B,A,B,B,A,A,A,A,A,B,B,A,A,B,B,B,B,B,A,B,A,A,A,A,A,B,B,A,A,B,A,B,A,B,A,A,B,-,A,B,-,A,B,A,B,A,B,A,A,B,A,B,A,A,A,B,B,A,B,B,B,A,B,A,A,B,B,B,A,B,-,B,A,A,B,A,B,A,B,A,B,A,B,A,A,B,A,B,A,A,A,B,B,B,B,B,B,B,A,-
M12_002,A,B,B,B,A,A,B,A,B,B,A,B,A,B,-,A,B,B,B,B,B,B,A,A,A,B,B,-,A,A,B,B,B,B,A,B,B,B,A,A,A,B,A,B,A,A,B,A,A,A,B,B,A,B,B,A,B,B,A,B,A,B,A,B,A,B,B,B,B,A,B,B,A,A,B,A,B,B,B,A,A,B,B,B,A,B,-,A,B,A,B,A,A,B,A,A,A,B,A,A,B,A,A,A,B,A,A,B,B,B,B,A,B,A,B,B,B,A,A,A,H,A,B,A,A,A,B,B,B,B,A,B,B,B,B,A,B,B,B,A,B,A,A,B,B,B,B,B,B,A
M12_003,A,B,B,B,A,B,A,-,B,A,-,A,B,B,A,A,A,B,B,A,A,A,A,B,-,A,B,A,B,B,B,B,B,B,B,A,A,A,A,B,B,B,B,-,B,A,B,B,H,B,A,A,B,B,B,A,A,A,B,A,B,A,-,B,A,A,B,B,A,B,B,B,B,B,B,B,B,A,A,A,A,A,A,A,A,A,A,-,B,B,B,A,B,B,B,B,A,B,A,B,A,A,B,B,A,B,A,A,A,B,B,B,B,A,A,B,A,A,B,B,A,B,A,A,B,B,A,B,B,B,A,A,A,A,A,B,A,A,B,B,B,B,H,B,B,B,A,B,B,A
M12_004,A,B,B,A,A,B,A,B,B,A,B,A,B,A,A,A,B,B,B,B,B,A,B,A,B,B,B,B,A,A,B,A,A,A,A,A,B,A,A,B,A,B,B,A,A,B,A,B,B,B,A,A,A,A,H,A,-,B,A,A,B,A,B,A,B,A,B,A,A,B,A,B,B,B,A,B,B,A,B,B,A,A,B,A,B,A,B,A,A,B,B,B,A,-,-,B,B,B,B,A,B,A,A,A,B,A,A,A,A,B,B,B,B,A,B,B,A,A,A,B,B,H,-,A,B,H,B,A,A,A,B,B,B,A,B,A,A,A,A,B,A,A,B,B,A,A,-,B,A,A
M12_005,B,B,B,B,B,B,B,B,B,B,B,B,A,B,B,A,B,A,B,B,-,A,-,A,B,-,B,A,B,B,A,A,A,B,B,B,B,A,B,B,H,A,A,A,A,B,A,A,B,B,A,B,B,A,A,A,A,B,A,B,B,A,A,A,B,B,A,A,B,A,B,B,B,A,B,A,A,A,H,A,B,-,A,B,B,B,A,B,A,A,A,A,B,B,H,B,A,B,A,B,A,A,B,B,A,B,B,A,B,A,B,B,A,A,B,B,A,A,B,A,-,A,A,B,B,A,A,A,B,B,B,A,A,A,B,A,B,A,A,B,A,A,A,A,B,B,B,A,B,A
M12_006,B,A,A,B,A,B,B,A,A,B,B,A,A,B,A,B,A,A,B,A,A,A,A,A,A,A,B,B,B,A,B,A,A,A,B,A,A,A,A,A,-,B,B,A,A,A,A,B,A,B,A,B,B,B,A,A,B,A,B,B,B,A,B,A,B,A,B,B,B,B,A,A,A,A,B,B,B,A,H,A,B,H,B,A,B,B,B,A,B,B,A,B,H,A,B,B,A,B,A,B,B,A,A,B,A,A,A,B,A,A,B,A,B,B,A,A,A,H,B,A,A,B,A,A,-,B,B,A,A,A,A,A,A,A,A,A,B,B,B,A,A,A,B,A,A,A,H,B,B,A
M12_007,B,B,B,B,A,B,B,B,B,A,B,B,A,A,B,B,A,A,B,-,H,B,B,B,B,A,A,A,B,B,A,A,A,B,A,A,-,A,-,A,B,A,B,B,B,A,A,A,A,A,A,A,A,B,B,A,A,A,A,A,A,B,B,B,A,B,B,B,A,B,B,B,B,B,B,B,B,A,B,A,A,B,B,B,B,A,A,B,A,A,A,A,A,A,B,B,A,B,A,B,A,B,B,A,B,B,B,A,B,A,B,B,A,B,A,B,-,A,A,B,A,B,B,A,B,A,B,A,B,B,B,A,A,B,A,A,A,A,A,B,B,B,A,A,B,B,B,B,A,B
M12_008,B,A,A,A,A,B,A,A,B,B,-,B,A,A,H,B,A,B,A,A,B,A,B,A,B,A,B,A,A,B,B,B,A,B,B,A,A,A,A,B,A,A,A,-,A,A,B,B,A,B,B,B,B,A,A,B,A,B,A,A,A,B,B,A,B,A,B,B,A,B,B,B,A,A,B,B,B,A,B,A,A,B,B,B,B,B,B,B,B,A,-,B,B,B,A,A,B,A,A,A,B,A,B,B,B,-,A,B,B,A,A,A,A,B,A,B,A,B,A,A,B,A,B,B,A,A,A,B,A,B,B,A,B,B,A,A,B,H,B,A,B,B,B,B,A,B,B,B,B,A
M12_009,B,A,A,B,B,B,B,-,A,A,-,B,B,A,A,B,A,B,A,B,A,A,A,A,B,A,B,B,A,A,A,-,B,A,B,B,B,B,-,B,B,B,A,A,A,A,A,A,B,A,A,A,B,B,B,B,A,A,A,A,B,A,-,B,A,B,B,B,A,A,A,A,A,A,B,A,B,B,B,B,A,B,B,B,B,A,A,B,B,B,A,B,B,A,A,B,B,A,B,A,B,A,A,A,B,-,A,A,A,-,A,A,-,A,B,A,B,B,A,B,A,B,A,B,A,A,B,B,-,A,B,A,B,B,A,B,B,A,A,A,B,A,B,B,A,B,B,B,A,A
M12_010,A,B,B,B,B,B,B,B,A,A,A,B,A,A,B,H,A,A,B,A,B,-,A,B,A,B,A,B,A,A,A,B,B,B,A,A,A,B,B,-,A,B,A,B,A,B,B,B,A,-,A,-,A,B,B,A,B,B,A,A,A,B,A,B,-,B,B,B,A,B,A,B,A,B,A,A,A,A,B,A,B,B,B,B,A,A,A,A,A,B,A,A,B,B,B,B,B,A,B,A,A,B,A,B,B,A,A,B,B,A,A,B,B,B,B,B,B,B,A,B,A,B,B,A,B,B,B,A,A,A,A,B,A,B,A,B,A,A,A,B,B,B,A,B,-,A,A,A,A,B
M12_011,B,A,A,A,A,B,H,A,A,B,A,B,B,B,B,A,A,B,A,A,A,A,A,A,B,A,B,B,B,B,A,A,B,H,A,B,A,A,B,A,B,A,A,B,A,B,B,B,A,B,A,A,A,A,A,A,B,B,A,B,A,B,B,A,B,B,B,A,B,-,A,B,B,A,-,A,A,A,-,A,A,B,B,B,A,B,A,A,A,A,A,A,B,A,A,B,A,B,A,A,B,B,B,A,B,B,B,-,B,A,A,A,B,B,A,A,B,B,A,B,A,B,A,A,A,B,A,A,B,B,A,B,A,-,A,A,B,A,A,B,B,A,A,B,B,B,B,B,B,A
M12_012,B,A,B,B,A,A,B,A,A,B,B,A,B,A,B,B,A,B,B,B,B,B,B,A,B,A,B,A,B,B,A,B,B,A,A,B,B,A,B,B,A,B,B,A,B,A,B,A,A,A,A,B,A,B,B,A,B,A,A,B,B,A,B,A,B,B,B,B,B,-,A,B,-,A,A,B,A,A,A,B,A,B,A,B,A,A,B,A,B,B,A,-,A,A,B,A,A,A,B,B,A,B,B,A,B,B,B,A,A,B,A,B,-,B,B,B,A,A,A,A,A,A,B,A,A,B,B,A,B,B,A,A,B,B,B,A,B,B,B,A,A,-,H,A,A,A,B,B,-,B
M12_013,B,A,A,B,B,A,A,A,-,A,A,A,A,A,B,A,B,A,B,A,A,B,A,B,B,B,H,A,B,B,A,A,B,A,B,A,B,B,A,A,B,A,A,B,A,A,B,A,A,B,B,B,B,A,B,B,B,B,B,B,B,B,B,A,B,A,B,A,B,-,B,-,B,B,-,B,B,A,A,B,A,B,A,A,B,B,A,A,B,A,A,B,A,A,B,B,B,B,B,B,A,B,A,A,B,A,A,A,A,B,B,A,A,B,B,B,B,A,B,B,B,A,A,A,B,A,B,B,A,B,A,B,A,H,A,A,B,A,A,B,B,B,A,B,B,B,A,A,A,B
M12_014,B,B,B,A,-,A,B,A,A,A,A,A,B,A,B,H,A,B,A,H,B,B,A,B,B,B,A,A,A,-,A,B,B,A,B,B,A,A,A,B,B,A,A,A,B,B,B,A,A,A,B,A,A,A,A,B,A,B,B,A,A,B,B,H,B,B,B,B,B,A,B,B,A,B,A,B,B,A,B,B,B,B,A,B,A,B,A,B,B,A,A,B,A,B,A,A,B,B,B,B,B,B,H,A,A,A,A,B,B,A,A,A,A,A,A,A,A,B,B,A,B,H,A,A,H,A,A,B,A,A,A,A,B,B,B,A,A,A,A,A,A,A,A,B,A,B,B,A,B,B
M12_015,A,B,B,A,B,B,B,B,A,B,B,B,B,B,H,B,B,A,A,A,A,B,-,B,A,B,A,A,A,A,A,B,A,H,A,A,B,A,-,A,B,A,B,B,B,B,B,B,B,A,B,A,A,A,-,B,A,A,A,B,B,A,B,B,A,B,A,A,A,A,H,A,B,B,A,-,A,A,B,B,B,B,A,A,B,A,A,A,A,B,B,B,B,B,B,A,B,A,A,A,A,B,A,B,A,B,A,B,B,A,B,A,B,B,A,B,A,B,A,B,B,B,A,A,B,A,B,B,A,B,B,A,A,A,-,B,A,A,A,A,B,B,B,A,B,B,A,A,A,A
M12_016,B,B,A,A,A,A,B,B,A,-,B,A,B,A,A,B,A,A,A,A,B,A,B,A,B,A,A,A,A,A,A,H,B,A,A,B,B,B,B,A,A,B,B,A,A,B,B,A,A,B,-,B,A,B,A,B,A,B,-,B,A,B,A,B,A,B,B,A,A,B,A,B,A,B,B,B,B,B,A,A,A,A,A,B,A,A,B,B,A,A,A,A,B,B,B,B,B,B,A,A,B,B,B,B,A,A,B,B,A,-,A,A,A,A,A,A,A,B,B,A,A,A,A,A,A,A,B,H,B,B,B,-,B,A,B,A,A,A,A,B,B,B,A,B,B,A,B,A,A,B
M12_017,B,A,B,B,A,-,B,-,B,A,B,B,B,A,B,B,B,B,A,A,A,B,B,B,A,B,H,A,B,B,-,A,A,B,B,B,A,B,A,B,A,A,A,A,B,A,A,B,B,B,A,A,A,A,B,B,A,A,B,A,B,A,A,B,A,B,A,A,A,A,A,B,-,A,A,B,B,B,B,B,A,A,B,-,B,B,B,B,A,A,B,A,A,B,B,A,A,A,B,B,B,B,B,B,A,A,B,B,-,A,B,B,B,-,B,A,A,B,A,B,A,B,B,B,A,A,-,A,B,B,B,A,B,B,A,B,A,A,A,A,B,A,A,A,B,B,A,A,B,A
M12_018,A,A,A,B,B,A,A,A,B,B,B,B,B,B,A,B,A,B,A,A,B,B,B,B,A,B,A,A,A,B,A,A,A,B,B,B,H,B,A,B,B,A,A,B,B,B,A,B,B,B,A,B,B,A,A,A,H,B,A,B,B,A,H,B,A,B,B,A,B,B,B,A,A,A,A,B,B,A,B,-,A,A,A,A,A,B,A,A,B,A,B,A,B,A,B,B,A,A,B,A,A,A,A,A,B,A,B,B,B,A,B,B,B,B,B,B,-,A,B,A,-,B,B,A,B,B,-,A,B,A,B,A,B,A,B,B,A,B,B,B,B,B,B,A,A,A,A,A,B,A
M12_019,A,A,A,B,B,B,A,B,B,A,H,B,H,A,B,A,B,B,A,A,A,B,B,B,-,B,B,A,A,B,A,A,B,B,B,A,B,A,A,B,B,B,B,A,B,B,A,B,A,B,B,B,B,A,B,A,B,A,B,A,H,B,-,B,B,B,B,A,B,A,B,B,A,B,A,A,A,B,A,A,A,A,B,A,A,A,B,A,B,A,B,A,B,B,-,-,A,A,A,B,A,B,B,B,B,A,B,A,B,B,B,A,A,B,B,A,B,A,B,B,B,A,H,A,A,A,A,A,B,B,B,B,H,A,A,B,B,A,B,B,H,B,B,B,A,B,B,A,B,A
M12_020,B,-,A,A,A,B,A,A,B,B,B,-,B,A,H,B,A,A,B,A,A,B,-,B,B,A,A,B,A,A,B,A,A,-,B,B,B,A,A,B,B,A,B,B,B,H,A,B,A,-,B,B,B,A,B,A,A,B,B,A,B,B,B,A,-,-,B,B,B,B,H,B,A,A,B,A,A,B,B,A,B,B,B,A,B,B,B,A,B,B,B,B,A,A,B,B,-,A,-,A,A,B,B,B,B,B,B,B,A,A,A,A,A,A,A,B,B,B,A,A,A,B,B,A,A,A,A,A,A,A,B,B,B,B,A,A,A,B,B,A,A,B,A,B,B,A,B,A,A,B
M12_021,A,A,A,A,A,A,B,A,B,A,B,A,A,A,B,A,A,A,B,B,A,B,A,B,B,A,A,A,B,A,B,B,A,B,B,A,B,A,A,B,B,B,A,A,A,B,B,A,A,B,B,B,B,B,A,A,B,B,B,A,A,B,B,A,B,B,A,A,B,B,A,H,A,A,A,B,B,B,A,B,A,B,A,A,B,B,A,A,B,A,A,A,B,B,B,H,A,B,B,B,B,-,A,B,B,B,B,B,B,B,B,A,B,B,B,A,-,B,B,B,A,B,A,B,A,A,B,-,A,A,A,A,A,A,A,A,A,B,A,B,B,B,A,A,A,B,B,B,B,B
M12_022,B,B,A,B,B,B,-,A,B,A,A,B,A,A,B,A,A,A,B,A,B,A,A,A,H,A,B,B,B,B,A,B,B,B,A,A,A,B,A,A,A,A,A,A,H,B,B,A,B,B,A,H,B,H,A,B,A,A,B,A,A,A,A,B,B,B,B,A,A,-,A,B,B,A,B,B,A,A,B,A,H,B,A,B,-,B,B,B,B,A,A,B,B,A,B,A,A,B,B,A,A,A,-,A,-,A,B,A,B,A,B,B,A,B,B,B,A,A,A,B,A,A,B,B,B,B,A,B,A,-,B,B,B,-,-,B,A,A,A,B,A,B,A,B,B,A,B,B,B,B
M12_023,B,A,A,A,B,B,A,A,B,A,A,A,B,A,B,B,A,B,B,A,H,A,A,B,A,B,A,B,A,A,B,A,B,B,A,B,A,B,B,B,A,B,B,A,A,A,B,A,B,A,B,A,B,A,A,A,A,B,B,B,B,A,B,A,B,A,B,A,B,B,A,B,B,A,B,B,B,A,A,B,A,B,B,B,B,B,A,A,B,B,A,B,A,A,A,B,A,B,B,B,-,B,-,B,B,B,A,B,B,B,B,B,A,A,A,A,B,B,A,B,B,A,B,B,B,A,A,A,-,A,B,B,B,A,B,B,A,B,B,A,B,A,B,A,B,A,A,A,B,A
M12_024,B,B,A,B,B,B,B,A,B,B,A,B,B,B,B,A,-,A,A,B,A,B,A,A,B,A,B,A,B,A,A,B,A,A,B,A,A,B,A,A,B,A,A,A,A,H,A,-,A,B,B,B,B,A,-,H,B,A,B,B,A,B,B,-,-,B,A,B,A,A,B,A,B,B,B,A,B,B,B,B,A,B,B,B,B,B,B,B,B,B,A,B,B,A,-,A,A,B,A,B,-,B,A,B,A,A,A,A,A,A,A,B,B,B,B,A,B,A,A,A,A,A,B,B,A,B,B,A,B,B,B,B,B,B,H,A,B,B,A,B,-,A,B,A,A,A,B,B,A,B
M12_025,A,B,A,A,B,B,B,B,A,B,A,A,B,B,B,B,B,B,B,A,B,B,A,A,A,A,A,A,B,B,B,B,B,B,A,A,A,B,B,A,B,B,A,B,B,A,A,A,B,B,-,A,A,A,B,B,A,A,A,B,A,-,B,A,A,A,A,B,A,A,H,A,B,B,B,A,B,B,B,B,A,A,B,A,B,A,-,A,A,B,A,-,B,A,A,A,B,B,A,A,A,A,B,A,A,B,B,B,A,B,B,A,A,B,A,-,B,B,B,B,B,A,B,B,B,B,B,A,B,A,B,B,A,B,A,B,B,A,A,A,B,A,A,A,B,A,B,A,A,A
M12_026,B,B,A,B,A,B,B,A,B,B,A,B,A,A,A,B,B,B,A,A,B,B,B,-,B,B,B,B,B,B,A,B,B,B,B,A,B,B,A,B,B,-,A,A,A,B,-,A,A,A,B,B,A,B,H,B,A,B,B,A,B,B,B,B,A,B,A,B,A,A,H,B,B,B,H,H,A,-,A,B,B,B,B,A,-,A,B,B,B,A,B,A,B,A,B,A,A,B,A,A,B,A,A,A,A,B,A,A,B,B,A,B,A,B,A,H,B,A,A,B,B,B,A,B,A,A,A,A,A,B,B,A,B,A,B,B,B,B,A,A,B,B,A,B,B,B,B,A,B,A
M12_027,B,A,A,A,B,A,A,A,A,B,B,H,B,A,A,A,B,A,B,B,A,B,A,A,A,A,A,B,B,B,A,A,A,B,A,-,A,B,A,B,B,A,A,A,A,A,B,B,A,B,B,B,B,A,A,B,B,A,H,B,A,A,A,A,B,B,B,B,B,A,A,B,A,A,B,B,B,B,A,B,A,B,A,B,A,B,A,A,A,B,A,A,A,B,A,B,B,B,A,A,A,B,A,A,A,B,B,B,B,B,B,B,-,A,B,A,A,B,B,B,A,A,A,A,A,A,A,A,A,B,B,A,B,A,H,A,B,A,B,B,A,A,A,A,A,A,A,A,B,A
M12_028,A,B,A,A,B,A,-,B,B,B,A,A,B,B,A,B,B,H,A,A,A,B,B,B,B,A,A,A,H,A,B,A,B,A,B,B,A,B,H,A,A,A,B,B,B,A,B,A,A,A,A,A,B,-,A,B,A,A,B,A,A,A,A,A,A,B,A,B,A,B,A,A,A,A,A,B,A,B,A,A,A,B,H,A,A,A,B,A,B,B,B,B,B,A,A,B,A,B,A,A,B,A,-,B,B,A,B,B,A,A,A,A,A,H,B,B,A,A,A,B,B,B,B,A,A,A,A,B,B,A,B,A,B,B,A,B,A,A,B,A,B,B,A,A,A,A,B,A,B,A
M12_029,A,B,B,H,B,A,B,A,B,A,A,B,A,A,B,-,A,A,B,A,B,A,A,A,B,A,A,B,B,B,A,A,B,B,A,B,B,A,A,A,B,B,A,A,B,A,A,-,A,A,B,B,B,B,A,A,A,A,B,B,A,A,A,A,A,A,A,B,B,A,B,A,A,B,B,A,B,B,B,A,B,A,A,-,B,B,A,A,A,A,B,B,A,B,A,B,B,-,A,B,B,A,A,H,B,B,A,-,H,B,A,B,B,A,B,A,B,B,B,A,B,B,A,B,H,A,-,A,A,-,B,A,B,A,A,B,B,B,A,A,A,B,A,B,B,A,B,A,A,B
M12_030,A,A,A,B,A,B,A,B,A,B,H,B,A,A,-,B,A,B,B,A,B,A,A,A,A,A,-,B,B,A,A,B,B,A,A,B,B,B,B,A,A,B,B,B,B,A,B,B,B,B,A,B,A,A,A,B,-,A,B,A,A,B,B,A,B,B,B,B,B,A,H,B,A,B,B,B,A,A,B,A,-,A,B,A,B,B,A,A,A,B,A,B,-,A,B,A,A,A,A,A,A,B,A,B,A,A,B,B,A,B,A,A,B,A,A,B,A,B,A,B,A,A,B,A,B,B,A,A,A,B,A,A,-,A,A,B,-,B,B,A,B,A,A,A,-,A,B,-,B,B
M12_031,B,B,B,-,B,B,A,A,A,B,A,A,A,A,A,B,A,A,-,A,A,A,A,A,A,B,A,B,B,A,A,B,A,A,B,B,A,B,B,A,B,B,B,B,A,A,A,B,A,A,A,B,B,A,A,A,A,-,B,B,A,A,-,A,A,A,A,B,B,A,B,A,A,B,A,B,B,A,B,A,A,A,B,A,A,A,A,A,B,B,B,B,B,A,A,B,B,A,B,B,-,B,B,B,B,A,B,B,B,H,B,A,B,B,B,A,A,A,A,B,B,B,B,B,B,A,A,B,A,B,B,-,B,B,B,H,B,A,-,A,B,B,A,B,B,B,B,A,A,B
M12_032,A,B,A,B,A,A,B,B,A,A,B,B,A,B,A,B,A,A,A,B,B,B,-,A,A,B,B,A,B,A,B,B,A,A,B,A,A,A,A,B,B,B,B,B,B,B,B,A,A,A,H,A,B,B,B,A,A,B,B,B,A,A,A,B,B,B,B,B,B,B,B,A,-,A,B,B,A,A,B,A,A,B,A,A,B,B,A,B,B,A,A,A,B,B,-,B,B,A,-,A,A,A,B,B,B,B,A,B,A,B,B,A,A,A,B,B,B,A,B,B,A,A,B,B,A,A,A,A,A,A,-,A,B,A,B,A,B,A,A,H,A,A,A,B,B,A,A,A,B,B
M12_033,A,B,A,A,B,A,B,A,A,B,B,B,B,B,B,-,B,B,A,A,A,A,A,-,B,A,A,B,A,B,B,B,A,A,A,B,B,B,B,B,B,B,A,A,A,A,A,B,B,B,A,A,A,A,A,A,A,A,A,A,B,B,B,B,B,B,B,A,B,H,A,A,A,B,A,B,B,A,A,H,B,B,A,B,B,B,A,B,A,A,B,A,A,B,A,A,A,B,-,A,A,A,B,A,B,B,A,A,B,B,A,B,A,B,A,B,B,B,A,B,B,A,A,A,B,B,B,B,B,A,A,A,B,A,B,A,B,B,A,B,B,A,A,B,B,B,B,B,B,A
M12_034,A,B,B,A,A,B,A,B,B,B,-,B,B,A,-,B,A,B,B,A,B,B,A,A,A,B,A,A,A,B,B,H,A,A,B,A,B,A,A,B,A,A,B,B,A,-,A,A,A,B,A,B,H,B,B,A,A,A,A,B,B,A,B,-,A,A,B,H,A,B,B,A,B,A,B,A,B,B,A,A,A,A,B,B,A,A,A,A,B,A,A,A,A,A,A,A,-,A,B,A,A,A,A,A,B,-,A,B,B,B,A,B,B,A,B,B,B,A,B,A,B,A,B,B,B,A,A,B,A,B,H,A,A,-,A,B,A,A,-,A,B,A,A,-,A,B,B,B,A,B
M12_035,A,B,A,-,B,B,B,B,B,B,B,B,B,B,B,A,B,A,-,B,B,A,H,A,A,B,-,B,B,A,A,B,B,B,B,B,B,A,A,B,B,B,A,A,A,B,B,-,B,A,B,A,B,A,A,A,B,A,A,A,B,A,A,A,H,H,-,B,A,A,B,A,A,B,A,A,B,A,A,A,-,A,A,B,B,A,B,A,B,B,B,A,A,A,H,B,A,A,A,B,B,A,A,A,A,B,B,B,A,B,A,B,A,B,B,B,B,B,B,A,A,B,A,A,A,B,B,B,A,A,A,A,A,B,B,B,-,A,B,A,B,B,A,B,B,A,B,B,B,B
M12_036,B,B,A,B,A,A,B,B,-,A,A,A,A,A,B,B,A,B,B,B,A,B,A,B,A,A,B,B,A,B,H,A,A,B,B,B,B,A,A,A,B,A,B,A,A,A,A,B,B,A,A,A,B,B,A,A,B,B,B,A,B,A,A,A,B,B,A,B,B,A,H,A,A,B,B,A,B,B,B,A,B,A,A,A,A,-,A,A,B,A,B,A,A,A,B,B,A,H,B,A,B,B,B,B,A,B,A,B,A,A,B,A,B,A,B,A,B,B,B,A,A,-,B,B,B,A,A,B,A,A,-,B,B,A,-,A,A,B,A,A,B,B,A,A,A,A,B,B,A,A
M12_037,A,A,B,A,B,A,B,B,A,A,B,A,B,A,B,B,A,A,A,B,B,B,A,-,A,A,A,A,B,B,A,A,A,B,B,B,B,A,B,B,B,A,A,B,-,B,B,B,B,B,B,B,B,B,B,B,A,B,A,A,A,B,B,A,A,B,B,B,B,A,A,B,B,A,A,B,A,A,A,A,B,B,A,A,A,B,-,A,B,B,A,B,A,A,B,B,B,B,B,B,A,B,A,B,A,B,A,A,B,A,B,-,A,-,B,B,B,B,A,A,A,A,A,B,-,A,-,-,A,A,B,B,A,B,A,A,A,A,A,B,A,A,B,A,B,B,A,A,A,B
M12_038,A,B,B,B,H,B,A,B,B,A,B,A,B,B,A,B,A,A,B,B,A,B,A,A,A,B,A,A,B,A,A,B,A,A,B,B,B,A,B,B,B,A,B,B,B,B,B,B,B,A,A,B,B,A,H,A,A,B,B,B,A,-,B,B,A,A,B,A,A,B,B,A,A,A,B,B,B,B,A,-,A,A,B,A,A,A,A,A,B,B,B,A,A,A,A,A,B,A,A,A,B,B,B,A,A,A,A,B,A,B,A,B,B,B,B,A,B,A,A,B,A,-,B,A,B,B,B,A,A,B,-,A,A,A,B,A,A,A,A,B,H,B,A,B,B,A,B,B,A,B
M12_039,B,A,B,A,B,A,B,B,B,A,A,A,B,A,A,B,A,B,B,A,B,A,B,B,A,B,A,H,A,A,A,B,B,B,B,A,B,A,A,A,A,-,A,A,B,A,B,A,B,A,B,B,B,A,A,B,A,A,-,A,A,B,B,B,B,A,B,A,B,A,B,A,B,A,B,B,B,B,B,B,A,B,A,B,B,A,B,A,B,A,A,B,B,A,B,A,A,B,A,B,B,B,A,B,A,A,A,B,-,A,A,A,B,B,B,B,A,-,B,B,A,A,A,B,A,B,A,A,A,B,B,B,A,A,B,B,A,-,A,B,A,B,A,B,A,B,A,B,B,B
M12_040,B,B,B,H,A,A,B,A,B,A,A,B,A,A,A,A,B,-,-,B,H,B,-,A,B,A,A,A,A,B,B,A,A,B,A,B,B,A,B,A,A,A,B,A,A,A,A,A,A,A,A,B,A,B,A,A,B,A,A,B,-,B,B,B,A,B,B,B,B,A,A,B,B,B,A,B,A,B,B,B,B,B,A,B,A,A,A,B,A,A,B,A,A,B,A,B,B,A,A,A,B,B,A,A,B,B,B,A,B,A,A,B,A,A,A,A,B,-,B,B,B,A,A,B,A,B,B,B,B,A,A,B,-,-,B,B,A,A,A,A,B,A,A,A,A,B,B,B,B,A
