Marker,Ind001,Ind002,Ind003,Ind004,Ind005,Ind006,Ind007,Ind008,Ind009,Ind010,Ind011,Ind012,Ind013,Ind014,Ind015,Ind016,Ind017,Ind018,Ind019,Ind020,Ind021,Ind022,Ind023,Ind024,Ind025,Ind026,Ind027,Ind028,Ind029,Ind030,Ind031,Ind032,Ind033,Ind034,Ind035,Ind036,Ind037,Ind038,Ind039,Ind040,Ind041,Ind042,Ind043,Ind044,Ind045,Ind046,Ind047,Ind048,Ind049,Ind050,Ind051,Ind052,Ind053,Ind054,Ind055,Ind056,Ind057,Ind058,Ind059,Ind060,Ind061,Ind062,Ind063,Ind064,Ind065,Ind066,Ind067,Ind068,Ind069,Ind070,Ind071,Ind072,Ind073,Ind074,Ind075,Ind076,Ind077,Ind078,Ind079,Ind080,Ind081,Ind082,Ind083,Ind084,Ind085,Ind086,Ind087,Ind088,Ind089,Ind090,Ind091,Ind092,Ind093,Ind094,Ind095,Ind096,Ind097,Ind098,Ind099,Ind100,Ind101,Ind102,Ind103,Ind104,Ind105,Ind106,Ind107,Ind108,Ind109,Ind110,Ind111,Ind112,Ind113,Ind114,Ind115,Ind116,Ind117,Ind118,Ind119,Ind120,Ind121,Ind122,Ind123,Ind124,Ind125,Ind126,Ind127,Ind128,Ind129,Ind130,Ind131,Ind132,Ind133,Ind134,Ind135,Ind136,Ind137,Ind138,Ind139,Ind140,Ind141,Ind142,Ind143,Ind144,Ind145,Ind146,Ind147,Ind148,Ind149,Ind150,Ind151,Ind152,Ind153,Ind154,Ind155,Ind156,Ind157,Ind158,Ind159,Ind160,Ind161,Ind162,Ind163,Ind164,Ind165,Ind166,Ind167,Ind168,Ind169,Ind170,Ind171,Ind172,Ind173,Ind174,Ind175,Ind176,Ind177,Ind178,Ind179,Ind180,Ind181,Ind182,Ind183,Ind184,Ind185,Ind186,Ind187,Ind188,Ind189,Ind190,Ind191,Ind192,Ind193,Ind194,Ind195,Ind196,Ind197,Ind198,Ind199,Ind200
M01_001,H,B,H,H,A,A,A,B,H,H,A,B,B,A,A,A,H,H,H,H,H,A,H,H,H,B,A,H,H,A,H,A,A,B,B,B,H,A,H,H,A,H,A,B,H,H,H,H,H,A,B,B,B,B,H,B,A,A,A,H,H,H,B,H,H,H,A,B,-,-,B,A,A,B,H,H,B,A,H,A,B,H,H,A,H,H,H,H,B,H,A,H,B,H,B,H,H,H,A,A,A,H,-,H,B,A,H,B,A,A,H,A,B,B,H,B,B,A,B,H,B,B,H,-,A,H,B,B,A,H,H,-,A,H,B,H,H,H,H,B,B,H,H,H,H,A,H,H,A,H,B,A,A,H,B,A,H,B,A,H,H,H,H,H,A,B,H,A,A,H,H,A,H,A,H,A,H,H,B,A,H,A,-,-,H,H,B,H,H,A,A,B,-,H,H,H,H,B,B,B
M01_002,H,A,A,B,H,A,A,H,A,A,H,-,H,A,H,A,H,H,H,B,H,H,A,H,H,A,B,H,B,H,B,H,H,H,A,H,H,A,H,A,B,B,B,H,A,B,H,-,B,B,H,H,B,H,A,H,B,H,H,A,H,B,A,H,B,H,H,H,H,H,B,B,B,B,H,H,B,H,H,B,B,H,H,A,H,A,H,H,H,H,A,A,B,H,A,H,B,A,H,A,A,H,H,H,H,B,H,H,B,H,H,A,A,B,B,H,H,A,A,H,H,H,H,H,B,H,H,H,H,A,H,B,A,A,A,A,B,-,H,A,H,H,A,H,H,H,H,A,H,H,H,B,H,A,A,H,A,H,B,H,H,H,H,H,B,H,B,B,A,A,A,A,A,H,A,H,B,A,B,H,A,H,H,B,H,B,H,A,B,B,B,H,H,B,H,B,B,H,B,B
M01_003,A,B,H,B,H,B,H,A,B,A,H,B,B,H,H,H,H,H,H,B,B,B,A,H,A,H,H,B,H,A,A,B,H,A,A,H,A,B,H,A,A,B,H,H,B,B,B,B,H,A,B,H,H,B,A,H,A,H,A,A,A,H,H,H,B,H,H,-,A,B,A,B,A,B,H,B,A,H,B,H,H,H,H,H,H,B,-,H,B,B,H,H,H,A,H,H,H,A,B,B,H,H,H,B,H,A,B,B,B,H,H,H,B,B,A,A,H,B,B,A,H,H,B,B,B,H,H,H,A,-,B,B,B,-,B,B,B,A,H,A,B,H,A,H,H,H,A,H,H,B,H,B,H,H,B,H,A,A,B,H,H,A,A,A,H,H,H,H,B,H,H,B,H,H,B,B,A,B,H,H,H,B,H,H,H,A,A,A,A,A,A,H,A,H,B,H,H,A,A,A
M01_004,A,H,A,A,A,H,A,H,H,H,A,B,H,A,B,B,A,H,B,H,A,A,H,H,H,H,H,H,A,H,H,B,H,H,A,H,H,A,H,-,A,H,A,H,-,B,-,H,B,H,A,H,H,H,H,A,H,H,H,H,H,B,H,A,A,A,A,A,A,H,A,B,A,H,H,B,A,H,B,B,B,H,A,H,B,H,H,H,B,A,H,H,H,A,A,H,H,H,A,H,H,A,H,A,A,B,H,B,H,H,B,-,H,H,H,B,B,B,A,H,B,A,-,H,H,B,A,B,A,A,A,B,H,H,H,B,H,B,H,H,H,H,H,H,A,B,H,H,B,H,A,B,H,H,A,B,H,H,B,B,-,H,A,H,A,H,B,-,H,B,A,B,A,H,B,A,A,H,H,H,H,H,H,H,A,B,H,H,-,B,A,H,H,H,A,B,B,H,H,B
M01_005,H,A,H,-,H,H,B,B,H,A,B,B,A,B,B,H,H,H,-,H,-,A,H,H,H,B,H,H,H,H,A,H,A,A,H,H,B,H,H,H,A,H,A,B,A,H,A,B,H,H,A,H,A,B,A,A,A,H,H,A,B,H,H,H,H,H,A,A,B,B,H,H,H,H,A,A,H,H,A,A,A,H,A,A,B,A,H,A,A,A,H,B,B,H,H,A,H,B,-,A,A,A,A,H,H,B,B,H,H,H,H,H,H,H,H,H,H,B,B,A,B,H,B,-,H,A,H,H,H,H,A,B,B,H,A,H,A,B,A,H,H,H,H,B,A,A,A,B,B,H,H,H,A,B,H,H,H,A,A,H,A,H,A,-,H,H,H,H,H,H,H,B,H,A,A,H,H,A,H,H,H,B,A,A,H,H,H,H,A,B,B,H,H,H,H,A,B,A,B,H
M01_006,A,H,B,H,B,H,H,B,A,H,A,B,B,A,H,B,A,H,B,A,H,H,B,B,B,H,B,B,H,B,A,H,A,A,A,H,H,H,A,H,H,B,H,H,B,H,A,A,B,A,B,H,-,B,B,H,B,H,H,H,B,B,B,H,H,H,A,A,H,H,H,A,A,A,B,H,H,H,A,B,B,A,H,B,B,H,H,A,B,-,B,H,H,H,-,A,A,-,B,H,A,B,B,B,B,A,H,B,H,A,B,A,A,H,H,H,A,B,H,A,B,B,B,B,H,H,A,H,H,H,H,H,A,A,H,A,B,H,H,H,B,H,H,H,H,B,B,H,B,B,H,B,H,H,H,B,A,B,B,A,B,A,H,H,A,B,B,H,A,H,H,B,H,H,H,H,B,A,B,H,B,H,H,B,A,B,H,A,H,H,A,H,H,H,A,B,B,B,H,A
M01_007,B,A,A,H,H,B,H,H,H,B,H,H,A,B,H,A,A,H,H,H,B,A,H,B,H,H,H,H,B,H,B,A,A,A,H,H,B,H,-,A,B,B,B,B,B,H,A,A,B,H,B,H,A,A,H,H,A,H,A,H,H,B,H,H,A,A,H,H,H,H,H,B,B,A,H,A,A,B,A,H,H,H,H,A,-,H,A,H,A,A,H,A,H,H,B,A,A,A,H,H,A,B,A,H,H,B,H,B,H,B,A,B,H,B,H,H,H,H,A,A,A,A,B,A,B,H,A,B,H,H,H,H,A,B,B,H,A,H,A,A,H,H,B,H,H,H,H,H,B,A,B,H,H,H,H,B,B,H,-,H,B,A,H,H,H,A,H,-,A,A,B,A,B,H,A,B,H,H,H,H,A,H,B,H,H,H,B,A,B,H,A,A,A,H,H,B,H,A,H,H
M01_008,A,A,A,H,H,H,B,B,H,B,A,A,H,A,H,B,A,A,H,B,H,H,A,A,B,B,A,B,H,B,H,H,H,H,A,A,H,H,A,H,B,A,H,H,B,A,H,B,B,H,H,H,B,H,A,-,H,H,A,H,H,H,A,H,B,A,B,H,-,B,H,H,B,H,H,H,B,B,B,H,B,A,H,A,H,H,H,H,H,H,A,H,A,-,H,-,H,H,H,B,H,H,A,H,H,H,H,H,H,B,B,H,B,A,A,A,H,B,A,B,A,B,H,A,H,H,H,-,B,-,H,H,H,H,H,A,A,H,A,H,H,A,H,H,B,H,B,H,A,H,B,H,B,B,A,A,H,H,B,B,-,A,B,H,B,H,H,A,H,H,H,A,H,B,A,A,A,H,H,H,A,H,H,H,B,A,H,H,-,H,H,B,A,A,H,H,-,A,A,B
M01_009,A,H,A,H,A,H,A,B,A,H,B,H,H,H,H,H,B,H,H,H,H,A,H,B,A,H,A,-,A,H,B,H,H,B,B,A,H,A,B,B,H,B,H,H,A,B,A,B,B,H,A,H,H,H,A,B,H,H,H,H,H,H,B,H,B,B,A,B,A,B,H,B,B,B,B,H,A,H,A,H,H,B,H,B,A,B,B,H,H,B,A,H,H,A,H,A,A,A,B,H,B,H,H,H,-,A,H,A,H,H,A,A,B,H,A,B,A,H,B,A,A,-,H,A,H,A,H,B,B,H,H,H,H,H,A,B,H,A,H,H,B,H,-,A,H,H,A,H,B,A,H,A,-,A,B,B,B,H,A,H,H,B,A,H,A,H,H,H,H,H,H,-,B,B,B,H,H,H,H,B,A,B,H,H,H,B,H,H,A,H,A,H,H,H,A,A,H,A,A,A
M01_010,B,-,H,H,H,B,H,A,A,A,H,-,H,A,A,B,H,B,H,H,A,A,H,B,H,H,A,B,B,H,B,H,H,H,B,H,A,H,B,A,H,H,-,H,B,A,A,A,B,H,H,B,B,B,B,H,B,H,B,H,B,H,A,H,B,B,A,A,A,H,-,A,H,B,H,H,H,H,H,H,H,-,H,B,A,H,A,A,H,B,A,H,B,A,H,H,H,A,H,B,H,A,B,A,H,A,B,H,H,A,H,B,B,H,H,H,B,H,H,H,H,A,H,H,B,A,H,H,H,A,H,H,H,H,H,B,H,B,H,A,A,H,B,H,B,H,H,A,H,H,A,A,H,H,B,B,H,H,H,B,A,H,B,H,H,H,A,H,H,A,A,B,H,H,H,B,H,H,B,B,A,B,H,H,A,A,H,H,H,H,B,A,H,A,B,H,B,A,A,H
M01_011,H,A,B,A,H,B,H,B,A,H,A,-,B,A,H,H,H,B,A,H,B,H,B,A,H,H,H,B,-,H,A,H,H,B,H,H,A,A,A,H,B,H,H,A,B,H,A,H,H,A,H,H,A,B,B,H,H,H,H,H,A,H,B,H,A,B,A,H,A,H,B,H,-,B,B,B,A,H,B,B,A,A,H,B,H,H,A,-,B,H,B,B,A,-,H,B,H,H,B,H,B,H,A,H,B,H,B,B,H,B,A,A,A,B,H,A,H,H,A,B,B,H,B,H,B,H,H,A,B,H,A,A,H,H,H,B,A,H,A,B,B,H,H,H,H,B,H,H,H,B,H,A,H,B,A,A,A,H,H,H,H,-,H,B,H,B,H,A,H,H,H,A,A,B,A,B,H,H,H,H,H,A,-,H,H,B,B,B,B,H,H,B,H,H,A,H,H,B,H,H
M01_012,B,A,H,A,H,B,H,B,-,B,B,B,A,B,H,H,B,H,B,A,H,H,A,A,A,H,H,H,H,H,H,-,B,B,H,H,B,-,A,A,-,A,H,B,B,H,A,B,H,A,A,B,H,B,B,H,H,H,H,H,B,H,B,H,H,H,H,H,A,H,A,H,H,H,B,H,H,H,H,A,H,-,H,A,A,H,B,H,H,A,H,H,A,H,A,A,A,A,-,H,B,H,H,H,B,H,A,H,A,H,H,-,H,H,B,A,H,H,H,H,B,H,H,H,B,B,B,A,H,A,H,A,H,H,-,H,H,H,A,H,B,A,A,H,B,H,H,H,H,A,H,B,H,B,H,A,B,A,-,A,A,H,H,H,H,A,A,H,H,H,H,B,H,H,H,H,H,B,H,B,B,B,B,H,H,H,-,H,H,H,H,-,H,A,B,H,A,A,H,H
M01_013,H,A,H,H,H,H,H,A,B,H,H,A,H,A,-,B,H,-,A,H,A,A,B,H,H,-,A,B,H,B,H,B,B,H,B,H,H,H,H,A,H,H,B,B,H,H,H,A,A,H,H,B,H,-,H,A,H,H,H,H,B,B,H,H,H,A,H,A,H,H,A,B,B,H,H,B,A,B,A,B,H,B,B,A,H,B,H,B,H,H,H,A,B,H,H,H,H,B,B,H,B,B,H,B,A,A,B,H,B,B,A,B,-,H,H,B,A,H,H,H,H,A,H,H,B,H,A,B,A,B,H,B,H,A,H,B,H,A,B,B,H,B,B,H,A,H,A,H,H,A,H,A,B,B,A,B,H,H,A,H,B,H,A,A,H,H,A,H,B,-,H,B,H,H,A,H,B,H,H,H,A,B,H,H,H,H,A,H,A,H,B,B,H,H,A,B,H,H,H,-
M01_014,H,A,H,H,A,H,A,H,H,A,B,A,A,H,H,A,H,H,B,H,B,B,H,B,H,-,A,H,-,H,H,H,A,A,H,H,B,B,B,H,H,A,B,H,A,H,B,H,H,H,A,H,H,A,B,H,B,B,A,H,H,B,A,H,H,H,A,H,-,H,H,H,H,A,B,H,H,A,-,H,H,B,A,H,H,A,A,H,H,H,H,H,A,H,B,H,H,H,B,B,H,B,A,A,B,B,A,H,A,H,B,H,H,H,A,H,H,B,B,A,B,B,B,H,H,H,A,A,A,H,H,H,A,B,B,B,B,H,B,A,H,A,A,A,H,B,H,A,B,H,H,H,H,H,B,H,H,B,H,A,A,A,H,H,A,B,H,A,H,H,A,H,B,H,H,H,-,A,H,A,A,-,B,B,B,A,B,A,B,B,H,B,H,H,H,H,A,H,B,A
M01_015,B,B,-,B,H,B,B,A,H,H,A,H,H,A,H,B,H,A,A,H,B,A,H,A,H,B,H,A,H,A,H,H,A,H,H,B,B,A,B,H,H,B,B,B,H,H,-,H,H,H,H,A,A,B,A,H,A,A,A,A,B,H,B,H,H,H,H,B,H,H,B,B,B,H,B,H,H,A,H,A,H,B,A,A,A,B,H,H,B,B,H,H,B,H,A,B,H,H,H,A,A,B,A,H,H,A,B,A,-,H,A,A,H,B,A,H,H,B,H,H,H,H,B,A,H,B,B,B,B,H,H,-,A,H,H,A,B,H,-,A,H,H,-,H,B,A,H,H,H,B,B,H,H,H,B,H,H,B,H,B,A,H,H,B,B,H,H,H,B,H,H,A,B,H,H,A,B,A,H,B,H,A,H,B,H,B,-,H,H,B,-,B,-,H,A,B,A,-,H,B
M01_016,H,B,H,H,H,B,B,A,H,A,H,H,H,H,H,H,H,H,A,B,H,H,H,H,A,H,B,H,H,H,A,H,B,A,H,H,H,B,A,H,A,B,A,H,H,H,H,H,H,H,A,H,H,H,H,B,H,A,A,B,H,A,H,H,H,H,A,B,H,H,H,H,H,H,H,-,B,A,A,B,H,B,A,H,H,H,H,A,H,H,H,B,H,B,A,H,-,A,A,H,A,H,B,H,H,H,H,A,H,H,H,A,H,A,A,B,H,A,A,A,H,A,A,H,-,H,H,A,B,B,B,-,B,-,A,H,H,-,H,A,-,B,H,H,H,H,B,H,B,H,H,A,H,H,H,H,B,A,B,H,H,A,H,H,A,H,-,A,B,H,H,H,A,A,A,A,H,B,B,H,A,H,H,A,H,H,H,H,B,B,H,B,B,H,H,H,B,B,A,H
M01_017,H,H,A,B,H,B,B,H,H,H,A,H,A,H,A,A,A,A,H,H,H,A,A,A,A,B,A,H,A,A,H,H,A,A,H,A,A,B,H,H,H,H,H,H,H,A,H,H,B,-,H,A,H,A,H,A,H,A,H,B,-,H,H,A,B,-,H,H,H,-,H,A,H,H,B,B,B,H,H,B,H,A,B,B,H,A,H,B,B,A,A,B,H,-,B,A,H,A,H,B,H,B,H,H,A,H,H,A,H,H,H,H,H,A,A,H,H,A,B,B,H,A,B,H,-,B,B,H,A,H,H,H,A,A,B,H,B,B,H,-,B,H,H,A,H,H,H,A,H,A,A,H,B,H,A,A,H,H,B,H,B,H,H,-,B,H,H,H,A,H,A,H,H,H,B,B,B,A,A,H,H,H,A,H,A,B,A,H,A,H,H,B,B,H,B,B,B,B,A,H
M01_018,A,A,B,H,H,B,B,B,A,A,H,A,A,H,B,H,H,H,A,A,B,H,B,A,B,H,H,H,B,H,H,B,B,H,H,H,A,H,B,B,H,H,A,B,B,H,B,H,H,A,H,H,H,H,B,A,H,H,H,H,H,A,H,H,A,H,H,H,B,A,A,B,H,H,B,B,B,H,H,H,A,H,H,B,H,H,H,A,A,H,A,H,B,B,H,A,B,B,A,H,H,B,B,A,B,H,B,H,B,A,H,A,B,B,B,B,A,H,A,A,A,H,H,A,A,A,B,B,B,H,H,B,H,H,A,A,H,H,H,A,A,B,A,H,B,A,A,H,H,H,B,-,H,H,A,H,H,H,A,H,H,B,A,H,-,H,H,H,B,B,H,H,B,B,B,H,A,H,H,H,H,B,H,B,H,H,H,B,A,A,B,A,H,H,H,H,A,H,H,H
M01_019,A,H,A,H,A,A,-,H,B,B,H,A,H,B,H,A,H,B,B,A,H,A,A,B,A,H,A,B,B,H,B,A,H,H,A,H,B,A,H,A,A,B,-,H,B,A,H,H,H,B,B,H,B,A,A,A,H,H,H,B,H,H,A,A,H,H,B,A,A,H,A,-,H,A,H,H,A,H,B,H,B,-,B,A,H,H,B,H,A,A,B,H,B,A,H,A,B,H,B,H,H,H,-,B,B,B,H,-,H,B,A,H,H,H,B,H,H,A,H,H,H,B,B,A,H,B,A,A,A,H,A,B,H,H,A,H,H,B,B,H,B,B,B,A,A,A,H,H,H,B,B,B,H,H,H,A,A,H,H,B,-,H,H,H,H,H,H,H,A,A,H,B,H,H,H,B,B,H,H,B,H,H,A,B,B,A,H,H,A,B,A,A,H,H,A,H,H,A,A,H
M01_020,H,B,B,B,H,B,H,H,A,A,H,H,A,H,-,H,H,B,B,H,H,H,B,-,A,A,H,H,B,A,H,B,B,H,H,H,B,A,B,H,H,A,H,H,A,H,B,H,H,A,H,A,H,B,H,A,H,H,H,B,B,H,H,H,A,H,H,H,H,A,H,A,A,B,A,H,A,B,H,A,H,H,B,A,B,B,B,H,H,H,B,H,H,H,H,B,A,B,H,B,-,H,B,H,B,H,H,H,H,H,A,H,A,B,B,H,H,H,H,B,B,H,B,H,B,A,H,H,H,A,B,A,H,A,H,H,H,A,A,H,B,B,A,H,A,A,H,H,A,A,A,B,B,A,A,B,B,H,A,A,H,H,A,H,A,B,H,A,H,H,B,H,H,H,H,B,H,H,A,H,B,B,A,A,B,B,A,H,H,B,A,A,B,A,H,H,H,H,H,A
M01_021,H,B,B,A,-,H,H,H,H,A,A,H,H,A,H,H,B,B,H,A,H,A,H,B,H,B,H,A,-,H,H,H,A,B,A,B,B,B,H,H,B,H,H,H,H,H,H,-,B,A,B,H,B,H,B,A,B,A,B,B,H,A,B,H,B,A,-,B,H,B,H,H,H,H,H,H,H,H,B,A,H,A,H,H,A,A,A,H,B,A,H,H,H,B,H,H,A,A,H,A,H,H,H,A,H,H,-,A,B,H,H,H,A,A,H,H,B,H,A,H,H,H,H,B,B,H,H,B,H,A,H,A,H,H,H,A,H,H,H,H,H,A,A,B,B,H,A,H,H,B,A,A,H,H,H,A,H,B,B,H,H,A,H,H,H,H,-,A,H,A,A,B,H,H,B,B,H,B,H,H,H,H,H,H,A,H,A,-,H,H,B,B,H,H,H,A,A,H,H,H
M01_022,B,A,A,B,A,H,H,H,A,A,A,H,H,A,H,B,A,H,H,H,H,H,B,B,H,H,H,H,H,-,H,H,H,B,A,H,A,B,H,H,H,H,B,H,H,B,H,A,H,B,H,A,H,-,A,H,B,H,H,H,A,B,H,H,H,H,H,A,B,B,H,B,A,H,H,H,H,H,A,H,A,H,A,A,H,-,B,H,H,B,H,A,H,B,-,H,A,A,H,H,A,B,B,H,B,A,H,H,B,B,H,B,A,B,B,A,H,A,H,H,H,B,-,H,B,B,A,B,A,B,H,A,H,H,H,A,H,B,H,A,H,A,B,B,H,H,B,H,B,H,B,H,H,B,H,H,A,H,H,A,A,H,B,H,A,H,A,H,A,A,A,H,A,H,H,H,-,B,A,H,A,A,H,H,-,H,B,A,A,A,A,H,H,A,B,B,H,A,A,A
M01_023,-,H,A,H,B,H,B,A,H,H,A,A,H,H,H,H,H,A,H,A,A,B,H,H,H,H,A,A,A,B,H,H,H,B,A,H,H,B,B,A,B,B,A,H,H,B,A,B,H,H,H,H,B,B,B,A,H,A,H,H,-,H,B,A,H,H,A,A,B,-,B,B,-,-,H,H,H,H,H,H,A,H,H,H,A,H,A,H,B,H,H,H,H,B,H,H,H,A,H,H,H,-,H,A,H,H,H,A,H,B,A,H,A,H,H,H,H,B,A,A,B,H,B,H,B,H,H,B,H,A,H,A,-,H,H,H,H,H,A,-,-,H,A,H,H,B,A,H,H,B,B,-,A,B,H,H,H,H,B,B,H,H,B,A,A,B,H,A,A,B,H,H,A,B,B,H,H,A,B,H,B,H,B,B,H,B,H,A,H,H,H,A,H,H,H,H,H,-,H,H
M01_024,A,B,B,H,B,B,B,A,B,H,H,A,H,A,A,H,B,B,H,B,B,B,A,H,B,H,H,H,H,H,A,H,B,B,-,B,H,H,B,B,B,H,B,A,H,H,H,H,B,A,A,H,H,B,H,A,B,H,A,H,H,H,H,-,B,H,A,B,H,H,H,B,H,A,H,B,A,B,H,H,H,A,B,H,B,H,A,A,H,B,H,H,H,H,H,B,H,H,A,B,A,A,H,H,H,H,B,A,B,H,H,H,-,B,H,H,H,B,H,B,H,A,A,H,A,A,B,B,H,A,A,A,H,B,H,A,H,H,H,H,H,A,A,B,A,A,A,A,H,-,H,H,H,H,B,B,A,B,H,B,H,B,B,A,H,B,B,A,H,H,A,H,A,B,H,B,A,H,A,A,A,A,H,H,H,H,B,B,H,H,A,B,A,H,H,H,A,B,A,H
M01_025,A,A,B,A,B,H,A,B,A,B,A,B,A,H,B,B,B,B,B,A,H,H,H,H,H,A,H,A,H,H,B,H,H,A,H,A,H,H,A,H,B,B,H,A,A,H,B,A,-,A,B,H,B,H,H,A,A,-,B,B,-,B,A,H,H,H,H,A,H,B,H,A,A,A,H,H,H,H,H,B,A,H,B,A,A,B,H,H,A,H,H,A,H,-,H,A,A,H,A,B,A,H,A,H,B,A,B,A,H,-,B,H,H,A,A,B,H,H,B,H,B,H,H,B,A,H,H,A,H,B,H,-,B,H,H,H,-,H,B,B,H,H,B,H,B,B,H,H,B,B,H,A,H,H,H,H,H,H,A,H,H,A,H,H,H,A,B,H,B,H,H,B,H,H,H,H,-,A,A,A,B,A,H,B,H,A,H,H,H,B,-,H,H,H,A,B,A,H,B,H
M01_026,H,H,B,H,B,A,B,B,A,H,A,H,H,H,A,A,A,H,H,B,H,H,B,H,B,H,H,A,H,A,H,H,H,H,A,H,H,B,H,B,B,H,A,H,H,H,H,H,H,H,A,B,A,A,H,H,H,H,H,H,B,B,H,H,H,A,H,H,B,A,H,H,H,A,B,H,H,A,H,H,A,A,B,A,A,H,B,A,H,-,A,A,B,A,A,H,B,H,H,A,H,H,-,H,H,A,H,A,B,-,B,B,H,H,H,H,H,H,B,H,H,B,A,H,-,H,H,A,-,B,H,H,A,A,B,H,H,A,H,B,H,A,H,B,-,B,H,B,H,A,H,A,B,B,H,H,A,B,H,A,H,A,H,H,-,B,A,A,A,B,H,H,A,A,H,B,B,A,H,B,H,B,A,B,B,B,H,H,B,H,H,H,B,B,A,B,H,A,H,H
M01_027,H,B,H,H,B,H,B,H,B,A,B,A,H,B,H,H,H,H,A,A,H,H,A,H,H,A,H,B,A,H,-,H,H,H,H,A,H,H,A,H,B,H,H,B,H,H,B,B,H,H,H,B,H,A,B,H,A,H,H,B,A,B,H,A,B,H,H,H,B,H,A,A,H,B,H,A,A,H,B,H,B,H,A,B,H,H,B,A,A,H,H,A,A,A,B,A,H,H,H,A,B,A,B,B,H,H,H,-,B,-,H,H,B,B,H,H,H,-,A,H,H,H,H,B,A,H,A,A,H,H,H,H,A,H,B,B,H,H,B,A,B,B,A,A,B,H,A,H,H,H,H,B,H,H,H,H,A,-,B,H,H,A,H,H,H,B,H,H,B,A,H,H,H,B,H,B,H,H,B,A,A,H,H,A,H,H,H,B,H,B,A,H,B,H,H,H,A,H,H,B
M01_028,A,B,B,A,H,B,B,H,H,H,H,H,-,A,A,H,H,H,H,H,A,H,B,H,H,H,B,A,H,H,H,A,H,A,H,H,A,B,A,-,H,A,-,B,A,A,H,H,H,A,H,A,A,H,H,A,H,H,B,B,B,A,A,H,H,H,B,B,B,H,H,H,A,H,A,H,H,H,B,H,B,H,H,H,H,B,A,H,H,B,A,B,H,H,H,H,H,B,H,H,H,A,A,H,H,A,H,H,H,H,A,B,B,H,A,B,B,B,A,H,B,H,H,H,H,A,H,A,H,H,H,A,H,B,A,A,A,B,H,H,A,H,B,B,H,A,A,A,H,A,H,H,B,H,B,H,A,H,H,H,H,B,H,H,B,A,H,H,B,B,B,A,B,H,H,A,H,B,B,H,A,H,B,H,H,A,H,H,B,H,-,H,A,B,H,H,H,H,H,-
M01_029,H,H,A,H,A,H,B,B,H,H,A,H,B,A,H,B,B,A,H,A,A,B,B,B,A,B,H,H,H,A,B,H,A,A,A,A,H,B,A,A,H,B,H,H,H,H,A,H,H,H,H,H,A,H,A,A,H,B,B,H,A,A,B,H,H,B,H,B,A,H,B,H,H,H,B,A,H,A,-,A,A,H,B,A,A,B,H,B,A,H,A,A,H,H,B,H,H,H,B,H,H,H,H,H,B,H,B,A,H,B,A,B,H,B,H,H,A,H,A,A,A,H,B,A,A,H,A,A,A,B,B,H,H,H,H,H,H,H,-,H,B,H,B,B,A,H,H,B,B,H,A,B,A,B,B,H,H,H,H,H,B,B,B,A,B,H,H,A,H,B,H,H,H,H,A,H,H,A,-,A,H,-,H,A,A,B,H,-,B,A,H,H,B,B,H,B,A,B,B,A
M01_030,H,A,H,B,H,A,H,B,H,H,A,B,B,H,A,A,A,H,B,H,B,H,H,H,A,H,-,A,H,H,B,H,B,H,B,H,B,H,H,H,H,A,A,A,B,A,A,H,H,H,A,B,B,B,H,B,-,A,A,H,H,H,A,H,H,H,H,A,B,H,A,A,H,B,H,H,B,H,H,H,A,H,H,B,H,H,H,B,B,H,H,H,H,A,H,A,B,H,B,H,H,H,-,H,A,H,H,B,A,A,H,B,H,H,H,A,B,H,H,H,A,B,A,H,A,H,B,H,H,B,A,H,A,B,H,H,H,A,A,H,H,A,A,B,B,-,H,A,H,B,A,A,B,H,A,H,H,H,B,B,H,B,H,B,H,B,B,A,B,B,-,A,B,B,H,B,A,A,H,H,H,A,B,A,A,A,H,B,H,B,A,H,H,H,A,H,-,B,H,A
M01_031,H,A,B,H,A,B,H,A,H,H,B,B,B,H,H,B,A,H,H,A,H,B,B,A,A,H,B,A,H,A,-,H,B,A,H,A,H,B,A,B,H,A,H,A,H,B,A,H,B,B,H,B,H,H,B,H,H,H,B,B,H,H,H,H,A,B,H,H,A,A,B,H,A,H,H,A,H,H,H,H,H,B,H,H,A,H,B,A,H,A,H,B,H,H,A,H,A,B,A,B,H,H,H,B,A,A,H,A,A,B,B,H,B,H,H,H,H,B,H,H,-,A,A,B,B,B,H,H,A,H,H,B,H,A,A,A,H,B,H,B,H,H,A,B,B,A,H,H,-,B,H,H,A,A,A,A,H,H,A,B,A,H,A,H,H,H,H,B,A,A,A,H,A,B,H,H,H,A,A,H,H,A,A,B,A,B,B,H,A,A,H,H,B,B,H,A,A,B,A,A
M01_032,-,H,B,H,A,B,H,H,H,-,H,A,H,H,B,B,A,H,H,A,B,H,A,H,A,H,A,B,B,H,H,B,H,A,H,B,H,H,B,B,B,A,-,H,B,H,A,B,H,A,H,A,H,A,H,H,H,H,B,A,A,B,A,B,B,H,-,A,H,H,H,B,A,H,H,H,H,H,B,A,B,H,B,H,A,H,B,H,B,H,A,H,B,H,B,B,H,A,H,H,B,H,H,B,H,H,H,H,H,B,H,H,H,H,H,-,H,H,H,A,H,H,H,H,A,A,B,H,H,A,A,H,H,H,A,H,A,A,H,H,A,H,H,B,H,A,H,B,H,H,A,H,A,H,B,B,H,H,B,H,A,H,A,H,H,H,H,A,H,B,H,H,B,-,A,A,H,B,B,B,H,H,A,A,H,H,H,H,H,H,A,H,B,H,B,H,H,H,H,B
M01_033,H,B,A,B,-,B,H,H,H,B,A,H,B,H,A,H,H,B,B,H,B,H,A,H,H,A,B,B,H,H,H,-,B,H,B,H,H,A,A,H,H,A,H,A,H,H,B,H,A,H,B,B,H,H,B,A,H,H,A,H,H,H,B,H,B,A,H,A,-,B,H,B,H,B,H,B,H,A,H,A,H,H,H,A,A,H,B,H,H,H,H,H,H,A,B,A,H,A,A,B,A,A,H,A,A,B,B,B,B,H,A,B,B,B,H,A,B,H,B,A,A,A,B,A,A,B,A,B,H,B,H,B,B,A,A,H,H,B,H,H,A,B,B,H,H,A,H,H,A,H,H,H,H,A,B,H,H,A,-,B,A,H,A,H,A,H,H,H,H,-,H,A,A,B,A,H,B,H,H,H,B,B,H,A,H,H,H,A,A,B,H,H,H,B,H,H,A,H,B,H
M01_034,H,H,H,B,H,A,A,H,-,H,B,B,A,A,A,H,A,H,H,H,A,H,H,H,B,A,B,H,-,H,H,A,H,H,H,H,B,-,A,-,B,B,H,B,H,H,B,B,H,B,A,B,H,A,A,H,H,H,A,H,H,H,H,H,B,-,H,H,A,A,H,B,A,A,A,B,H,H,H,H,H,A,B,H,H,A,H,H,H,A,B,A,H,B,H,H,H,H,B,H,H,H,H,H,H,B,B,H,H,B,A,A,H,B,B,-,A,H,A,H,B,A,B,H,-,A,H,A,B,B,H,A,B,H,A,H,B,A,A,B,A,A,H,B,H,B,H,A,B,-,H,H,H,A,A,H,B,H,B,H,H,A,A,H,B,B,B,A,B,H,A,B,H,A,H,H,H,H,B,-,H,H,H,H,H,B,B,B,B,H,B,H,H,H,H,H,B,H,A,H
M01_035,A,A,A,H,H,B,H,H,H,H,B,A,A,B,H,A,A,B,B,H,H,H,B,B,A,-,-,A,H,H,B,A,H,B,B,A,H,H,A,B,B,A,A,A,B,A,H,H,-,A,A,B,B,B,A,H,H,H,B,H,A,B,B,A,H,H,H,A,H,B,H,A,H,H,B,H,A,A,B,H,B,A,H,H,B,B,A,H,A,H,H,B,B,H,H,B,B,A,H,H,A,A,A,H,H,A,A,B,B,H,H,B,A,-,H,A,H,B,H,H,B,A,A,H,H,A,H,-,H,H,H,-,H,A,B,H,H,-,H,H,B,B,H,A,H,B,A,A,B,A,B,H,H,A,B,H,H,H,H,B,H,H,B,H,H,A,B,H,H,H,A,H,A,H,H,H,H,B,B,A,-,H,B,B,B,H,H,H,A,A,B,A,A,A,B,H,H,B,H,H
M01_036,-,A,B,B,H,H,H,A,A,A,H,B,H,A,H,B,A,A,H,H,-,B,B,-,H,H,A,B,H,A,H,H,H,H,H,B,H,H,H,H,B,H,H,-,B,H,-,A,A,H,B,H,B,H,H,A,B,A,B,B,B,H,H,B,A,H,A,H,A,A,H,H,H,A,H,A,H,H,H,H,H,B,H,-,H,A,H,H,H,A,A,B,H,A,H,H,B,A,A,B,A,A,B,H,H,A,A,A,B,H,H,B,H,A,H,B,B,A,H,H,B,A,H,B,H,H,A,H,H,B,H,H,H,A,H,H,B,H,H,A,B,A,B,H,B,H,B,A,H,H,B,A,B,B,H,B,H,-,H,H,H,H,H,H,H,A,B,H,H,-,H,B,H,H,A,H,-,B,A,H,A,H,B,B,A,B,H,H,H,H,H,H,H,A,B,-,A,B,B,B
M01_037,H,A,H,A,B,A,H,H,H,B,-,A,H,H,A,H,H,H,B,B,-,A,A,H,B,B,B,A,B,H,A,H,A,H,H,H,H,B,H,H,-,B,A,-,H,A,H,B,A,B,B,B,H,B,H,H,A,A,H,H,H,A,H,A,B,A,A,H,H,H,H,B,H,A,H,B,H,A,B,H,H,A,A,H,A,H,H,H,B,B,H,A,A,H,A,B,A,H,-,H,A,H,H,B,A,B,B,H,B,A,B,H,H,H,A,B,A,H,H,B,A,H,H,H,A,A,-,H,A,H,A,B,B,H,H,A,A,-,H,H,B,H,H,H,H,H,H,H,H,B,H,A,H,H,A,B,B,B,A,B,H,H,H,B,H,H,H,H,A,B,H,H,-,H,A,A,H,H,H,A,H,A,B,H,H,H,A,B,H,H,H,A,B,H,H,A,A,B,H,A
M01_038,A,H,H,H,H,A,H,B,A,H,H,H,H,B,H,H,H,A,A,H,A,H,H,H,H,-,A,H,H,H,H,H,A,A,A,B,A,A,H,A,H,A,A,H,H,H,H,H,H,A,H,H,H,H,B,B,H,H,A,H,H,H,B,H,H,H,B,H,H,H,B,A,B,H,H,H,H,A,B,H,H,A,H,H,H,H,H,B,H,B,A,H,H,H,B,A,A,B,A,H,H,B,A,A,H,B,H,-,H,B,B,B,A,A,H,B,H,A,B,A,H,H,H,H,H,H,H,H,H,H,A,A,A,H,B,H,B,H,H,H,A,A,H,B,A,A,B,H,B,H,B,H,H,H,H,H,A,H,H,B,H,H,A,H,H,B,B,A,-,A,H,H,A,H,A,A,H,H,B,H,H,H,A,A,-,H,H,H,H,A,A,B,H,-,A,B,A,A,B,H
M01_039,H,-,H,B,H,H,A,H,H,A,H,A,B,H,A,H,H,H,B,H,B,H,A,H,H,H,B,H,B,B,H,H,H,B,H,A,H,H,A,A,H,H,H,H,A,H,H,A,H,-,A,A,A,B,B,B,H,H,H,H,A,H,B,H,H,H,H,H,B,H,B,H,B,H,H,-,H,B,A,A,B,H,H,H,A,B,H,H,H,B,A,B,H,H,B,H,H,H,H,H,-,B,H,H,A,A,H,B,H,-,A,H,A,H,A,-,-,B,H,B,H,B,A,H,B,A,A,H,B,H,H,A,A,B,A,H,B,A,H,A,H,A,H,H,H,H,A,H,H,H,A,H,A,H,A,H,H,B,B,A,H,A,H,H,H,H,H,H,A,H,H,H,A,H,H,A,H,B,-,H,H,-,B,A,B,H,-,B,A,H,H,A,H,H,H,A,B,A,A,H
M01_040,A,-,B,H,A,A,H,B,H,A,A,A,A,H,A,H,H,B,B,H,H,H,H,H,H,B,B,H,H,A,A,H,A,B,A,H,-,H,H,B,H,H,A,H,B,H,B,H,A,A,H,H,B,H,H,H,H,A,A,A,A,A,A,H,H,B,A,H,H,A,B,A,B,B,H,H,H,H,H,A,A,H,H,B,A,B,A,H,H,H,A,H,B,H,H,B,H,H,H,B,H,A,H,B,A,B,A,B,H,H,B,H,H,-,A,A,H,A,A,H,H,H,A,A,B,H,B,B,B,A,B,B,H,H,-,A,H,H,H,H,H,H,B,A,H,A,H,H,B,H,B,A,H,A,B,H,H,B,A,A,B,H,A,H,H,A,H,A,H,B,B,H,A,B,H,A,B,B,H,H,A,A,H,A,H,B,B,H,B,B,H,A,H,H,A,H,A,H,B,A
M01_041,H,H,A,B,H,H,B,H,H,A,B,H,H,A,H,B,H,H,-,B,H,B,B,H,A,H,B,-,-,B,H,H,A,A,B,A,H,-,H,B,B,H,A,H,H,A,H,A,B,A,A,A,B,H,B,H,H,A,H,H,H,H,B,A,B,A,H,H,H,H,H,H,H,H,B,A,H,H,H,H,H,A,A,A,H,H,B,H,A,B,B,H,H,B,H,B,A,A,H,H,B,B,H,A,B,H,A,H,-,B,H,H,B,H,H,H,H,A,A,H,H,H,A,H,H,A,-,B,B,A,B,H,B,H,H,A,H,B,H,H,A,H,H,H,B,A,H,B,H,H,H,B,A,B,B,A,H,H,H,B,B,A,H,H,H,H,A,H,H,A,B,B,H,H,H,H,A,H,A,A,A,A,A,B,H,-,A,B,H,H,B,H,-,A,H,H,H,H,H,A
M01_042,-,H,B,H,H,H,A,A,H,A,A,B,A,H,H,H,H,H,H,H,B,A,A,B,H,H,H,A,H,-,A,H,B,H,A,H,H,B,H,A,H,H,A,H,H,H,A,H,B,B,B,B,A,-,H,-,H,B,H,B,A,A,B,A,B,-,H,H,H,H,H,A,A,H,H,H,H,-,H,A,H,B,B,H,H,B,H,A,A,H,B,H,A,A,B,B,H,H,A,B,B,H,H,A,A,A,A,H,H,H,H,H,-,H,H,H,B,H,-,H,A,H,A,H,A,B,A,B,B,H,H,H,B,H,B,H,B,H,H,B,B,H,A,H,B,B,B,A,H,H,B,A,B,H,A,H,H,H,A,A,B,A,A,H,H,B,H,B,H,A,A,H,H,H,H,H,A,A,H,H,H,A,H,B,H,H,B,H,H,A,H,A,B,H,B,H,H,H,B,B
M01_043,H,B,H,H,H,A,A,-,H,H,H,B,H,-,A,A,B,H,B,A,H,H,A,A,A,H,A,B,H,A,A,H,A,B,B,A,H,A,H,H,H,A,H,H,A,H,H,B,A,B,H,A,H,H,B,A,H,H,B,H,B,B,H,B,B,H,H,H,H,A,A,H,H,A,B,H,A,H,H,B,A,A,B,B,H,B,A,H,A,A,B,A,H,B,A,B,B,H,A,H,H,H,H,B,A,H,A,H,B,H,A,H,H,H,H,H,B,B,H,B,H,H,A,H,H,A,H,B,H,H,B,A,H,B,H,H,A,B,H,B,H,H,B,H,H,H,B,H,H,A,B,A,H,H,H,H,A,H,B,B,A,B,H,B,H,H,B,B,H,H,H,H,H,H,B,A,H,A,H,A,H,B,B,A,H,H,B,B,H,H,B,A,H,B,H,-,H,H,H,H
M01_044,H,H,B,A,H,H,H,A,H,B,H,B,B,A,A,B,B,A,A,A,B,A,H,B,A,H,H,B,H,H,H,A,A,H,H,B,B,H,H,H,B,H,H,H,H,H,H,A,H,A,A,H,A,H,H,H,H,A,A,B,H,H,A,H,H,H,H,A,H,B,B,A,H,A,A,H,A,H,H,A,A,B,A,H,H,H,H,A,A,A,H,H,H,A,H,H,B,H,H,H,B,B,H,A,H,H,H,H,A,H,B,H,H,H,B,-,H,H,B,H,H,B,A,H,B,H,H,A,H,H,A,H,H,H,H,B,H,A,A,H,H,H,H,A,H,H,A,A,A,A,H,A,H,A,B,B,A,H,A,H,A,H,H,B,A,B,B,A,-,A,H,H,H,H,B,A,B,A,B,H,A,B,H,H,H,H,H,H,A,H,B,A,A,H,H,H,A,H,A,H
M01_045,B,H,H,B,-,B,H,B,A,A,A,H,B,H,H,H,H,H,H,H,A,B,A,A,B,H,H,H,H,H,H,H,H,H,B,A,H,H,B,A,H,B,A,B,A,H,B,H,H,A,B,H,A,H,H,A,A,A,H,-,H,B,B,H,A,H,H,H,H,H,B,A,H,A,B,A,A,H,H,A,H,H,A,H,B,H,H,H,H,A,H,B,B,H,A,A,H,H,A,B,H,B,B,B,H,H,H,H,H,B,H,B,B,A,A,H,H,B,H,H,H,A,H,B,A,H,H,A,A,B,H,A,A,H,H,H,A,B,H,H,H,H,B,B,H,B,B,B,A,H,H,B,A,H,H,H,H,B,H,B,H,H,H,A,H,H,H,H,H,-,A,H,H,A,H,H,H,H,H,H,B,H,H,H,A,-,H,B,B,H,H,A,H,H,H,H,A,B,A,B
M01_046,B,H,H,H,H,H,H,-,H,H,H,H,A,A,H,A,A,B,A,H,H,B,H,H,H,H,H,A,B,H,H,H,H,B,H,H,A,B,H,A,A,H,B,H,H,A,H,-,B,H,B,H,A,H,H,B,B,A,A,A,B,B,B,H,H,H,H,H,A,A,B,B,H,H,H,H,B,B,H,A,H,H,H,B,H,A,H,B,A,H,H,A,H,-,H,B,H,A,B,H,H,B,H,H,A,H,A,B,A,H,B,H,H,H,H,H,H,-,B,B,B,H,H,B,H,B,H,H,H,B,A,H,H,H,B,H,H,H,H,H,H,A,B,H,H,H,H,H,H,H,H,H,-,H,A,A,B,H,H,H,B,H,B,H,-,B,B,A,H,H,H,B,A,A,H,A,A,B,H,A,H,-,A,H,H,H,H,A,B,B,B,A,B,B,B,A,H,B,H,H
M01_047,B,H,H,H,B,A,H,H,B,H,B,B,A,H,A,H,H,B,B,-,A,H,H,H,B,B,H,B,H,H,H,A,B,H,H,H,A,A,H,H,H,H,H,H,H,B,H,H,A,H,A,H,A,H,B,H,A,A,B,A,H,H,H,H,B,A,H,H,A,H,H,H,H,H,H,H,H,H,A,A,H,B,H,A,B,H,H,B,H,A,H,H,H,H,B,B,B,B,B,A,H,H,B,H,H,A,H,H,A,H,H,H,H,-,H,A,B,H,H,H,A,B,H,H,A,B,B,A,H,B,H,B,H,H,H,A,H,B,H,H,H,H,B,B,A,B,B,-,H,B,A,H,B,A,A,B,B,A,B,H,H,B,H,A,H,H,H,B,B,H,B,A,A,B,A,A,H,H,B,H,A,H,H,H,H,B,B,H,-,H,B,B,A,H,H,A,A,-,H,A
M01_048,H,H,H,H,A,H,A,H,A,H,A,H,B,A,H,A,H,H,H,H,B,H,H,H,B,B,H,B,H,B,B,A,H,H,H,H,H,A,A,H,A,A,A,H,H,A,B,H,H,H,H,H,A,A,B,H,H,B,H,H,H,A,H,H,B,B,B,B,H,H,H,H,B,A,B,B,B,B,H,A,A,H,H,B,B,H,A,A,A,H,H,A,H,A,H,H,H,H,B,A,H,H,H,B,H,H,A,H,H,A,H,H,A,H,H,A,H,H,H,H,H,H,B,H,A,H,B,A,B,B,A,B,H,B,H,H,H,B,A,H,A,H,H,H,H,A,A,A,H,B,A,B,H,H,H,B,A,H,H,H,B,A,H,H,H,H,H,B,-,B,H,A,A,A,H,H,H,H,A,A,H,H,A,A,B,-,A,H,H,B,H,A,H,H,H,H,H,H,A,H
M01_049,A,B,A,A,H,B,B,H,A,H,-,A,B,A,B,B,H,B,H,A,H,A,H,H,H,H,H,B,A,H,A,H,A,H,H,A,B,A,H,A,H,H,H,A,H,H,B,H,H,A,H,A,A,A,H,H,B,A,H,B,H,H,H,A,H,H,A,A,H,B,H,H,H,A,H,H,B,A,H,H,H,A,H,B,H,H,H,H,H,B,B,H,H,B,H,H,A,H,H,B,B,A,H,B,H,A,A,-,H,H,A,B,H,A,H,-,A,H,-,H,B,H,H,H,A,B,B,A,A,A,A,H,H,B,H,H,H,A,H,H,A,A,B,H,H,H,B,H,A,B,H,A,-,B,A,H,A,B,A,H,B,A,B,B,B,A,H,B,B,A,B,-,A,H,B,H,H,B,H,H,H,H,H,B,H,B,A,-,H,A,H,H,A,H,H,H,-,H,H,B
M01_050,B,A,A,H,H,B,H,H,B,H,A,B,H,B,B,H,H,H,H,H,H,B,H,-,H,B,H,H,B,H,H,B,A,B,A,A,B,A,H,B,B,B,H,H,A,H,B,H,H,H,H,B,A,H,B,H,A,H,H,A,B,-,B,B,H,A,H,A,B,A,H,H,-,A,H,A,A,H,H,H,H,H,H,B,A,H,B,B,A,H,H,-,B,H,H,A,H,H,B,A,A,H,A,H,B,H,B,A,A,A,H,B,A,H,H,B,A,A,A,H,H,B,H,H,H,A,H,B,B,B,B,A,A,A,H,A,H,H,B,H,B,A,A,H,H,H,-,H,H,H,H,H,H,H,-,H,H,B,H,A,H,H,H,H,H,H,H,A,H,A,A,B,B,A,H,A,H,B,B,H,H,-,H,B,B,H,H,H,A,B,H,H,H,B,A,B,B,B,H,A
M02_001,H,H,A,H,H,B,A,H,B,B,B,H,B,H,H,A,A,A,A,H,A,A,B,A,H,A,B,-,H,H,A,B,B,B,H,-,B,-,H,A,B,A,-,H,B,H,A,-,B,B,B,H,B,H,H,H,H,B,H,H,H,A,H,A,A,H,H,B,H,B,B,B,H,H,B,H,A,H,A,B,H,H,H,H,A,H,H,H,B,A,A,A,H,B,B,H,H,H,A,A,B,H,B,H,H,A,H,H,H,A,H,A,H,H,A,A,A,H,A,B,A,A,B,H,A,B,H,B,H,H,B,A,H,H,A,A,A,H,H,H,A,H,B,H,H,B,B,H,B,H,B,A,-,A,B,H,A,A,B,B,H,H,H,H,B,A,H,H,H,H,H,A,H,A,A,A,B,H,H,H,H,H,H,H,H,H,B,B,A,A,H,H,A,B,A,B,H,B,A,A
M02_002,H,A,H,H,A,A,B,A,A,H,B,H,A,H,B,B,H,-,H,A,H,H,B,H,A,H,H,B,A,H,H,H,B,H,B,H,B,H,B,H,H,A,H,H,H,B,A,B,B,A,H,-,A,H,B,A,H,H,B,A,H,H,H,B,B,A,H,H,H,H,H,H,B,A,B,H,H,B,H,H,-,H,B,B,A,A,H,A,H,A,H,A,H,H,-,B,B,H,A,B,B,B,A,B,-,H,B,A,B,H,B,H,B,A,H,-,H,-,H,A,H,H,B,A,A,A,-,A,H,B,H,H,A,H,A,B,H,H,H,B,A,H,A,H,-,H,H,B,H,H,H,H,A,B,H,A,B,H,A,H,B,B,B,B,A,H,B,H,H,H,H,B,H,H,B,H,A,H,B,B,B,H,H,B,B,A,A,B,B,B,B,H,H,H,A,H,H,H,H,H
M02_003,A,H,A,A,B,A,H,H,-,A,B,B,-,H,B,B,H,A,H,H,A,H,H,H,B,B,H,B,A,B,A,A,H,H,B,H,H,H,H,H,H,B,-,B,H,H,H,H,H,B,H,B,B,B,B,H,H,H,A,H,H,H,B,B,A,H,H,H,B,H,H,B,B,A,H,H,H,A,H,H,H,H,B,A,A,B,A,B,H,H,A,A,A,A,H,-,H,H,H,A,A,A,H,H,B,H,H,H,H,H,A,H,H,H,H,H,H,H,-,H,H,H,B,H,H,B,H,A,-,A,H,B,B,A,H,H,H,A,H,H,A,H,H,B,B,H,B,B,H,A,H,H,H,H,H,H,A,B,H,B,A,B,A,A,A,H,B,H,B,H,H,B,H,H,B,B,B,B,A,B,H,B,H,H,H,H,A,B,B,A,B,H,H,H,B,H,H,H,A,H
M02_004,-,A,H,B,H,A,H,B,H,B,H,B,A,H,H,H,B,B,A,A,H,H,H,B,B,H,B,H,A,H,H,H,A,H,H,B,H,B,B,H,H,B,H,B,A,A,B,B,B,H,B,B,B,H,H,B,H,H,H,H,H,A,B,H,H,A,A,A,H,A,B,A,A,A,A,B,B,H,A,H,H,B,A,H,H,H,H,A,B,A,H,A,B,A,B,B,B,H,H,H,A,H,A,B,A,H,H,H,H,A,H,H,B,B,B,A,H,A,A,A,-,A,H,B,H,H,H,H,A,H,H,B,B,H,H,A,B,H,A,A,A,B,A,H,H,H,B,B,H,A,H,-,H,H,A,H,A,B,H,H,A,H,H,A,B,H,H,H,H,H,H,H,H,A,A,A,H,H,B,A,B,H,B,H,H,A,A,A,H,H,B,H,B,A,A,H,H,H,B,A
M02_005,H,B,A,B,B,A,H,H,B,H,H,B,A,B,H,H,B,H,A,H,H,A,B,A,H,H,A,B,B,H,A,A,H,-,H,B,H,B,H,H,B,H,B,H,A,B,H,B,B,A,H,H,H,B,H,H,H,A,B,H,B,H,A,H,A,B,A,B,H,H,A,H,H,H,B,H,H,H,A,B,H,A,H,H,H,H,A,H,B,A,B,A,B,H,H,A,A,A,A,H,H,H,B,H,H,H,H,H,B,-,A,H,A,B,B,A,A,H,H,H,H,H,H,A,B,A,B,H,H,B,B,H,-,B,H,A,B,A,A,A,H,H,H,H,H,H,-,B,A,B,A,B,A,A,B,B,H,H,H,B,H,H,H,H,B,A,A,H,H,A,H,B,A,H,H,H,B,H,H,-,H,H,B,H,H,A,A,A,B,H,-,H,B,H,B,-,B,H,H,H
M02_006,H,A,H,H,A,B,H,B,H,H,H,H,B,H,B,B,H,B,H,B,H,A,B,H,H,H,A,H,B,A,H,A,H,-,B,B,H,H,B,B,H,H,B,-,H,H,A,H,H,A,A,A,H,B,B,H,H,B,A,H,B,A,B,B,A,A,A,H,H,H,H,B,H,A,H,H,H,H,A,B,B,H,H,-,H,H,B,-,H,H,B,B,A,H,H,H,H,B,H,B,H,B,B,H,H,A,B,H,H,H,H,A,A,H,H,B,B,H,B,H,-,A,H,H,A,H,B,H,H,-,B,H,H,H,H,A,H,B,H,B,B,B,A,B,A,H,H,H,B,B,A,H,H,H,B,H,B,A,H,H,H,H,B,-,H,H,A,-,H,A,B,H,B,H,B,H,H,B,H,-,H,B,B,H,H,B,A,-,H,H,H,A,A,H,A,H,B,H,H,B
M02_007,A,H,H,B,B,B,B,A,A,H,A,H,H,A,B,A,H,H,H,H,A,H,B,B,H,H,H,B,H,H,B,H,A,H,A,H,H,B,H,H,-,B,A,H,A,B,H,H,H,B,H,H,B,B,H,B,A,H,B,H,H,H,H,H,H,B,H,A,B,H,A,A,H,A,A,H,H,H,B,B,H,A,B,A,B,A,B,H,H,H,H,H,H,H,A,A,H,A,H,A,H,A,H,A,A,A,B,A,H,A,A,H,H,B,B,B,H,H,H,B,H,H,A,A,B,H,H,A,B,A,B,-,B,H,A,H,H,A,B,H,H,A,H,B,H,B,B,A,A,B,H,A,H,H,B,A,A,B,B,H,B,H,B,H,A,H,H,B,H,B,B,A,B,H,B,H,H,H,A,A,H,B,H,H,H,H,A,-,B,H,A,A,H,H,B,H,B,H,H,H
M02_008,A,H,B,H,B,-,A,H,H,-,-,H,A,A,H,H,B,H,B,H,-,H,B,H,B,H,A,H,A,H,-,H,B,H,B,H,H,B,B,B,H,H,A,H,H,B,B,H,A,B,A,H,A,H,-,A,H,H,B,B,A,A,H,H,H,A,A,H,A,B,A,A,B,H,H,A,H,H,H,B,H,H,H,H,A,H,H,H,B,H,B,H,H,B,H,H,A,H,H,B,H,B,H,H,H,B,B,A,H,H,A,H,B,H,H,H,H,A,H,B,H,A,A,A,H,B,A,B,H,H,B,A,B,A,H,B,B,H,H,H,B,A,B,H,H,H,H,B,H,B,A,H,B,H,H,H,B,B,A,B,H,H,B,H,B,H,A,H,A,B,H,H,A,H,B,A,H,B,H,B,A,H,B,H,H,H,H,A,B,H,H,B,H,H,B,B,H,A,A,H
M02_009,H,B,B,B,H,B,H,A,A,H,B,A,A,B,A,B,H,A,B,A,H,H,A,A,A,A,B,H,H,H,B,B,H,B,H,H,H,H,H,H,B,B,H,H,H,A,H,H,A,B,H,H,A,A,B,H,B,B,H,H,B,B,H,B,B,H,H,B,H,A,H,A,A,B,A,A,H,H,H,A,A,A,H,H,B,H,A,H,H,H,H,H,B,B,H,H,H,B,B,A,A,H,A,H,A,H,B,B,H,H,B,A,H,H,A,H,A,H,H,H,A,B,H,H,H,H,A,H,A,A,H,A,H,H,H,H,H,H,H,-,H,H,H,B,B,A,A,A,A,A,H,B,H,A,H,H,-,B,B,H,H,A,H,A,H,H,H,A,A,A,A,A,A,A,B,-,A,H,B,H,H,H,H,H,H,B,B,H,H,H,B,A,B,A,H,B,A,H,A,H
M02_010,A,H,H,B,B,A,H,A,A,A,B,B,A,A,A,H,H,A,B,H,B,H,H,B,B,H,H,B,A,A,H,B,B,B,H,A,H,B,-,A,A,H,B,H,B,A,B,B,H,B,H,B,B,-,H,A,H,H,B,B,B,A,B,B,B,A,A,-,H,H,-,H,-,H,B,B,B,H,H,B,H,A,A,A,H,A,A,H,H,H,H,A,A,H,H,H,A,B,H,A,A,B,-,H,H,B,B,H,H,A,B,H,A,B,B,B,B,B,A,B,B,A,A,B,H,B,A,A,H,A,H,H,A,A,H,-,B,H,A,H,A,A,A,B,B,B,H,H,H,H,B,A,A,H,B,B,H,B,H,B,B,B,H,A,H,H,B,A,H,B,A,H,H,H,A,B,H,-,H,H,A,A,H,A,H,H,H,A,B,B,A,A,B,A,B,A,B,H,B,H
M02_011,H,A,A,B,H,B,H,B,H,B,B,H,B,B,A,H,A,B,A,A,H,H,B,B,H,A,H,H,H,H,H,H,B,H,B,H,A,B,-,A,H,H,B,H,H,A,H,B,B,A,H,H,H,B,H,-,B,H,A,H,B,B,H,H,B,H,H,B,B,H,H,H,A,B,H,B,A,H,A,B,H,-,A,A,A,H,H,H,H,H,H,A,A,B,H,A,A,B,H,H,H,H,B,B,H,B,-,H,H,A,A,H,H,B,B,A,H,B,B,B,H,H,H,B,H,-,H,B,H,H,H,H,H,A,A,H,B,H,A,B,H,B,H,A,H,H,A,A,A,H,H,H,A,H,H,H,A,A,H,A,H,H,H,A,H,H,B,B,H,H,H,B,A,B,H,H,A,H,H,A,H,-,H,H,A,H,H,H,H,H,H,A,B,H,H,-,B,A,H,H
M02_012,H,B,A,-,A,A,B,H,H,A,H,H,-,B,H,H,H,H,A,H,A,A,A,H,B,H,H,A,H,H,H,B,A,A,-,B,-,B,H,B,A,A,B,B,A,A,A,A,A,B,H,B,B,H,B,H,H,H,H,B,B,H,B,A,B,H,A,H,H,A,B,A,B,H,H,H,H,H,H,H,H,B,A,H,H,B,B,H,A,A,H,H,B,H,H,B,H,-,A,-,B,H,H,H,B,H,H,B,A,H,H,H,H,-,H,A,H,A,A,B,H,B,-,H,A,B,B,A,B,A,H,B,B,B,H,A,A,H,B,A,H,H,H,H,H,B,A,B,A,A,H,B,H,H,H,A,B,B,A,H,B,H,H,A,H,A,B,H,H,B,A,H,H,H,B,B,A,H,H,B,H,H,H,H,H,A,B,H,B,H,-,B,H,-,B,H,H,A,H,A
M02_013,H,H,H,H,B,A,A,A,B,B,H,B,A,B,A,A,A,H,B,H,B,H,A,H,H,B,H,H,H,H,B,A,B,H,H,B,H,H,A,A,B,H,B,A,A,A,H,B,H,H,B,B,A,B,H,A,A,H,H,H,A,B,B,B,H,A,A,A,H,H,H,H,H,H,H,H,A,H,H,A,B,B,A,A,H,A,H,A,A,B,B,A,H,A,A,B,H,H,B,B,B,A,A,-,H,B,H,B,A,B,H,B,A,H,B,H,H,B,H,H,A,B,H,H,A,H,A,A,H,A,A,H,A,H,A,H,H,H,H,A,A,H,B,A,H,A,H,H,H,B,H,A,H,H,H,H,H,H,B,H,B,A,H,B,H,B,H,A,H,A,B,B,A,A,H,H,A,H,H,A,B,B,B,B,A,H,A,B,B,H,B,H,H,H,A,A,H,H,H,H
M02_014,H,H,H,H,B,H,H,B,B,B,H,A,H,H,B,H,A,A,A,H,-,B,B,A,H,A,H,B,H,H,H,A,A,H,H,-,H,B,H,H,H,H,B,B,H,H,A,A,H,B,H,A,H,H,H,A,H,A,-,B,H,H,H,H,H,H,B,B,H,A,A,A,H,A,H,B,H,B,H,A,H,H,H,A,H,B,H,A,H,H,H,H,H,B,H,H,A,B,B,A,H,H,B,H,A,-,A,B,H,H,A,A,H,H,A,A,A,H,H,A,H,A,B,B,H,B,B,-,H,H,A,H,H,A,H,H,A,H,B,H,H,-,H,A,B,A,A,B,A,H,A,A,A,A,H,B,H,B,A,H,A,H,H,H,B,H,H,B,H,H,H,H,A,H,H,H,A,B,B,H,H,B,A,H,H,B,A,B,H,H,H,A,B,B,H,B,B,H,H,H
M02_015,H,A,H,A,B,B,A,H,H,H,H,H,H,A,A,A,B,B,H,H,A,H,-,H,B,A,B,A,H,A,H,A,H,H,H,H,B,H,A,H,B,H,H,A,H,H,B,B,A,H,A,H,B,H,H,A,B,H,H,A,H,B,H,H,-,B,H,A,H,H,H,B,H,A,B,H,H,H,H,A,B,B,H,H,A,A,H,H,B,B,H,H,A,B,H,A,H,B,B,A,B,H,A,B,B,H,H,B,B,B,H,B,B,A,B,H,H,H,A,H,B,A,H,B,H,-,H,H,H,B,H,B,H,H,H,H,H,A,A,H,H,H,A,B,H,H,H,A,B,A,H,B,H,H,H,H,B,B,H,B,A,A,B,A,A,A,H,H,H,A,H,B,B,H,B,H,A,A,A,H,A,H,A,B,H,B,B,A,H,A,B,H,A,A,H,B,H,B,H,A
M02_016,B,A,B,H,A,H,B,B,A,A,H,H,H,A,B,H,B,H,H,B,H,B,B,H,H,A,A,A,A,H,H,H,H,A,A,H,H,H,-,B,H,H,B,B,H,H,A,H,B,H,B,H,B,H,-,H,H,A,B,H,B,H,A,B,H,H,H,H,B,H,H,B,A,H,B,H,B,H,B,B,H,A,H,H,A,A,H,B,H,H,A,H,A,A,B,B,A,A,H,H,A,H,A,B,H,H,H,B,B,-,A,H,A,H,H,H,H,H,B,A,H,A,A,H,A,A,A,H,H,A,H,A,H,H,H,B,B,A,B,A,B,H,H,A,A,H,B,H,H,B,H,A,A,H,A,A,-,A,B,A,-,H,H,A,H,A,H,A,H,H,H,H,-,B,A,H,B,H,H,H,-,A,A,A,H,B,A,B,B,B,B,H,A,H,H,B,B,H,H,A
M02_017,A,H,H,B,H,B,H,B,A,B,-,A,A,B,A,H,H,H,B,H,H,B,B,B,H,A,H,H,A,H,A,H,B,A,H,B,A,H,B,B,A,A,A,H,H,H,H,A,H,H,H,H,-,H,A,H,A,H,A,A,H,H,H,H,H,B,A,H,B,-,A,H,A,H,H,H,H,H,H,B,B,A,H,A,H,B,B,H,H,A,H,A,H,A,H,A,B,H,H,A,H,A,H,B,H,H,H,B,B,H,H,H,A,H,H,A,A,H,B,-,H,H,H,H,H,A,H,H,H,B,A,H,H,B,H,H,-,H,H,H,B,A,H,H,H,H,H,A,H,H,B,H,B,H,A,H,A,B,B,H,H,H,H,H,H,H,A,B,B,H,B,A,A,H,H,H,B,B,H,B,A,A,H,H,H,H,H,A,H,A,A,H,A,B,A,A,-,H,A,A
M02_018,B,H,H,H,H,H,H,B,A,B,A,A,A,A,B,H,A,B,B,B,B,A,B,H,B,B,H,B,H,H,A,B,H,H,H,B,H,B,B,H,H,H,B,B,A,B,H,-,B,A,B,H,B,A,H,B,A,A,B,H,B,A,H,B,H,H,H,B,A,H,A,H,H,H,H,A,A,H,H,B,H,A,H,A,B,B,H,H,A,H,B,A,H,H,-,H,B,A,H,H,A,H,A,A,A,B,H,B,H,H,H,B,H,H,A,H,H,B,H,H,H,A,A,B,H,B,B,H,H,A,B,H,H,-,H,H,H,B,-,H,H,B,A,B,A,H,H,H,B,A,H,H,B,A,B,-,A,B,A,H,A,H,H,H,H,H,A,H,B,B,A,A,B,H,H,B,H,H,B,H,A,A,A,B,H,A,B,A,A,A,A,H,B,B,H,H,H,A,A,B
M02_019,A,A,H,H,A,A,H,-,A,H,H,B,H,A,H,H,A,H,A,A,H,H,B,H,H,H,H,A,B,B,A,A,A,H,H,B,B,H,H,H,H,H,H,H,H,H,H,H,H,H,H,A,A,H,H,B,H,H,A,A,B,A,H,H,H,B,H,H,B,-,A,-,A,H,B,H,H,B,H,H,B,B,B,H,B,A,H,B,H,-,H,A,B,A,H,A,B,H,A,A,B,-,H,H,H,A,H,A,B,B,H,A,-,A,A,A,H,B,H,A,H,H,A,A,B,B,B,B,A,A,H,H,B,B,H,A,B,B,A,B,H,A,H,H,A,H,B,H,H,A,A,-,A,A,-,H,H,B,A,H,A,H,A,B,B,H,A,H,B,A,H,B,B,B,B,B,H,H,B,H,B,A,H,H,H,A,H,A,H,H,-,H,H,B,B,B,B,H,B,B
M02_020,B,A,B,H,B,A,H,H,H,A,B,A,H,A,H,H,H,H,H,A,A,A,B,H,H,A,H,A,A,H,H,A,-,B,H,H,B,B,H,H,A,H,H,A,H,A,H,H,H,A,A,H,B,A,H,B,A,B,H,H,H,H,H,B,-,H,B,H,H,H,B,H,H,B,H,A,H,H,H,B,H,H,H,A,H,B,H,A,A,H,B,B,H,B,H,H,H,A,B,A,H,B,H,B,H,H,B,A,B,A,B,A,H,B,H,H,B,H,B,H,A,A,A,A,H,A,A,A,B,H,H,B,A,B,H,A,H,B,H,B,A,H,A,A,A,B,A,H,H,B,B,B,B,B,B,H,A,H,H,H,H,H,B,A,B,H,B,B,B,H,A,H,B,B,B,A,H,H,A,A,A,B,H,H,B,H,A,H,A,A,A,H,A,H,B,H,B,H,H,B
M02_021,A,A,H,H,B,B,H,H,H,B,B,B,H,B,H,A,B,A,B,A,B,H,H,A,H,H,H,A,-,A,H,B,B,A,H,B,H,H,H,A,A,A,H,A,A,H,A,A,B,A,H,H,H,H,A,B,H,B,H,B,B,B,H,H,B,-,B,H,B,A,H,A,H,B,A,H,H,A,H,H,A,B,B,A,A,H,H,-,A,H,B,H,H,B,H,-,H,B,H,B,H,H,H,H,B,H,H,A,B,A,B,H,A,H,H,H,H,A,B,A,H,H,H,H,H,H,H,A,H,H,A,H,H,H,H,H,H,A,H,H,H,H,H,H,H,H,H,H,A,A,H,B,H,A,B,B,B,H,B,A,A,A,H,A,H,H,H,B,A,H,B,A,H,B,B,B,H,H,A,H,A,H,B,H,H,H,H,B,H,H,H,A,H,B,A,A,A,B,H,H
M02_022,H,B,B,B,B,H,H,B,B,A,A,B,H,B,H,A,-,A,A,H,H,B,H,H,H,H,H,A,A,A,A,H,A,B,B,B,B,H,H,A,B,B,B,H,B,A,A,B,H,B,A,B,H,B,B,B,H,B,A,A,H,B,H,-,H,A,B,A,B,H,H,H,A,H,A,A,A,H,B,H,B,H,H,H,H,H,A,B,B,A,B,-,A,A,B,B,B,A,H,H,A,-,A,A,H,H,A,A,A,A,A,H,H,H,B,H,A,A,B,A,A,A,H,H,B,B,H,H,H,A,A,A,A,A,H,B,H,B,H,H,H,A,A,B,B,A,A,H,A,H,A,H,H,H,A,H,B,H,B,B,B,B,H,-,A,H,B,-,B,B,B,H,B,H,B,B,B,H,H,A,B,H,H,A,B,B,B,H,H,H,A,B,-,H,H,-,B,A,B,A
M02_023,A,H,A,B,H,A,A,H,B,H,H,B,H,A,H,H,H,H,B,A,B,H,H,A,H,B,H,A,H,-,B,B,A,B,B,H,H,H,H,H,H,H,A,-,H,H,B,H,H,B,B,A,H,B,H,H,A,A,H,B,B,B,A,A,B,H,H,B,H,A,B,B,A,B,H,H,B,B,H,-,A,H,A,H,A,H,A,B,A,H,B,H,A,A,H,H,B,H,H,H,H,B,A,H,A,H,B,H,B,H,B,B,A,-,H,A,H,H,B,H,B,B,B,A,H,H,H,H,B,H,H,B,A,H,B,A,H,A,B,H,H,H,A,H,H,H,H,H,H,H,H,A,B,B,H,H,H,H,H,A,H,A,H,B,H,A,B,B,B,H,A,B,H,B,H,H,B,H,A,A,H,A,H,H,B,H,B,A,H,A,H,B,B,H,H,B,B,B,H,B
M02_024,A,H,A,H,B,B,B,H,H,H,H,B,H,H,H,B,H,H,B,H,B,H,H,-,H,H,H,H,H,A,B,B,A,H,H,A,H,H,H,H,H,B,B,H,B,H,B,H,B,H,A,H,H,H,H,B,H,H,A,B,B,B,H,H,A,H,A,H,H,H,H,B,A,B,A,A,A,B,H,B,H,A,H,A,B,A,H,B,B,H,B,A,B,H,A,H,A,H,A,H,B,A,H,H,B,H,H,H,H,-,-,A,H,H,H,A,B,B,A,H,-,A,H,H,B,B,H,H,B,B,B,A,A,H,H,A,A,B,B,H,B,H,B,H,A,H,H,H,A,B,A,A,H,H,H,B,H,H,H,A,H,B,A,H,B,H,H,B,A,A,B,B,H,H,B,H,H,A,H,B,B,B,B,-,H,B,H,H,A,B,H,H,H,H,A,B,H,A,H,H
M02_025,B,B,B,-,A,H,H,B,H,B,H,H,H,A,H,H,H,H,A,H,H,A,H,H,H,A,H,H,H,B,H,H,B,H,H,H,H,B,A,H,-,H,A,H,B,B,H,B,H,H,-,H,H,A,H,B,H,H,H,B,H,H,A,H,H,A,H,H,A,H,A,H,H,H,B,H,A,-,H,A,B,A,H,H,H,B,H,A,B,B,H,H,A,B,A,A,H,A,A,H,A,A,A,A,-,B,H,H,A,A,H,H,H,H,H,A,B,H,H,H,H,B,B,H,H,H,B,H,A,H,A,H,H,H,A,B,B,B,H,B,H,A,A,H,A,B,A,H,H,H,H,A,B,H,H,H,B,B,H,H,H,B,B,A,H,B,H,H,H,H,-,H,A,A,A,H,-,A,H,H,H,H,B,H,B,H,-,B,H,B,B,H,A,H,B,H,A,A,H,H
M02_026,H,H,H,A,A,A,H,H,H,A,A,A,B,H,B,B,H,H,A,H,H,B,A,B,A,B,H,H,H,H,H,B,A,B,H,B,H,H,B,H,H,A,A,H,H,H,A,H,H,H,B,-,A,B,H,H,A,H,A,H,A,A,A,A,A,H,A,H,A,B,B,A,H,A,B,H,A,H,A,H,H,H,H,A,A,A,B,A,H,-,A,H,H,H,H,H,H,H,H,A,H,A,A,H,B,B,A,H,H,A,B,H,B,A,A,B,H,B,A,H,H,A,H,H,A,H,H,H,B,H,H,B,B,A,B,A,A,H,H,B,H,B,H,H,H,B,H,B,B,A,H,B,B,A,H,H,A,H,H,H,H,H,H,H,H,A,A,A,H,B,A,A,H,H,B,H,H,H,H,A,A,A,B,H,A,-,H,H,A,H,B,A,H,A,A,H,B,B,A,H
M02_027,H,H,H,A,H,H,B,B,A,A,B,H,B,A,H,H,B,A,A,H,B,B,B,B,A,A,A,H,B,B,A,H,B,H,A,H,H,H,H,A,B,H,H,B,A,A,B,H,B,H,A,H,A,B,H,B,B,A,B,H,H,B,-,H,H,H,A,H,A,A,A,H,H,B,H,H,H,H,H,B,B,B,B,H,H,H,H,B,H,B,H,B,H,H,H,B,B,A,H,H,B,H,A,H,H,A,H,B,B,A,B,H,A,A,A,B,-,A,B,H,B,H,A,B,-,H,H,A,B,H,A,B,H,H,H,B,A,H,H,A,H,H,H,A,H,B,H,H,A,H,A,H,H,B,H,B,H,B,H,H,B,A,A,A,B,A,B,H,A,H,A,H,H,H,A,H,B,H,B,A,B,H,A,B,B,H,A,H,H,B,A,B,H,B,B,H,H,B,H,H
M02_028,H,A,B,A,B,H,H,H,H,H,H,H,B,-,H,B,A,H,H,H,H,H,A,H,B,-,H,A,B,H,H,B,H,H,H,A,B,A,H,A,B,A,H,H,H,H,H,H,H,H,H,A,B,H,A,H,B,A,H,H,A,B,H,H,B,H,B,H,H,B,A,B,H,A,H,A,H,H,B,A,H,A,H,H,H,B,B,A,H,H,-,A,H,H,H,B,H,A,A,B,B,H,H,B,H,B,B,H,H,A,H,B,B,H,H,A,A,-,H,H,A,B,H,B,H,A,B,H,H,H,A,H,B,A,H,B,H,H,H,H,H,H,A,H,H,H,H,A,A,B,H,H,A,A,H,B,B,B,B,B,H,A,B,A,H,A,H,H,A,H,B,H,B,A,A,H,H,H,B,B,B,H,A,H,A,H,A,H,A,A,H,H,H,H,A,H,A,B,H,A
M02_029,H,B,H,B,H,A,B,H,H,-,H,H,H,H,B,H,H,H,B,H,H,B,B,H,H,H,H,B,B,A,H,H,B,H,H,A,H,A,B,B,H,H,B,H,A,B,B,B,A,A,-,-,B,A,H,H,H,B,-,H,H,A,H,H,H,B,H,A,H,A,H,H,A,B,B,B,H,H,B,H,B,A,A,B,B,B,B,A,A,B,A,H,H,A,H,H,B,H,H,H,-,A,H,A,A,H,-,A,H,H,A,B,A,B,A,B,A,B,H,H,H,A,B,A,B,A,H,H,H,A,B,B,B,H,H,H,H,B,H,H,H,H,B,H,H,B,H,A,A,A,H,B,H,-,B,B,H,H,A,A,A,H,-,A,A,A,H,H,H,H,H,-,A,B,B,H,B,H,A,B,A,H,H,H,H,H,H,H,H,B,B,H,A,B,A,A,H,B,A,A
M02_030,H,H,H,-,H,A,A,B,B,A,A,A,H,H,H,H,H,B,-,A,A,B,B,H,A,H,H,H,H,A,H,H,H,A,B,H,B,H,B,B,H,B,H,H,A,-,H,B,A,H,A,H,A,-,A,H,B,H,A,H,A,B,H,H,H,A,B,B,B,H,H,A,H,H,H,B,A,A,A,A,A,H,H,A,B,-,H,H,H,B,A,H,B,H,H,H,H,B,A,A,H,A,H,A,A,A,B,A,A,A,B,B,B,A,B,H,H,H,B,B,B,B,A,H,A,B,A,B,-,-,A,H,-,A,H,A,H,A,H,B,H,H,H,A,H,H,A,H,H,B,B,A,H,H,A,B,-,H,H,A,H,B,H,H,H,H,H,H,H,H,B,A,B,H,H,B,H,B,A,A,H,B,B,H,H,H,B,H,H,H,H,H,B,H,B,A,H,H,H,B
M02_031,A,A,H,A,B,A,H,A,H,H,A,H,H,B,A,H,B,B,B,B,H,H,A,H,B,H,H,H,H,B,H,A,B,H,B,H,H,B,H,H,A,B,A,B,H,H,B,A,H,B,B,H,H,B,B,B,H,B,H,A,H,A,A,H,A,H,A,A,A,A,H,H,B,B,B,A,H,-,B,A,H,A,A,B,B,B,H,B,H,B,H,H,H,H,B,B,H,H,H,B,H,A,H,A,B,H,H,B,A,A,H,A,H,B,B,B,B,H,H,A,B,H,A,H,H,H,B,H,B,H,H,B,B,A,A,H,H,H,B,A,H,A,B,B,H,A,B,H,H,B,B,H,H,H,H,H,H,A,H,A,H,H,H,H,H,B,H,B,H,-,A,H,B,B,B,H,H,H,H,A,B,B,H,H,A,H,H,B,H,H,H,A,B,H,B,H,H,A,H,B
M02_032,B,B,A,B,B,A,B,H,H,H,B,A,H,H,H,H,A,H,B,B,B,H,H,-,A,B,A,B,A,B,A,A,H,H,H,H,A,B,H,H,H,H,H,A,H,H,H,H,-,A,H,H,A,A,A,B,H,A,A,H,H,B,B,H,A,B,B,H,H,H,H,H,B,H,B,A,A,H,-,-,H,B,B,H,A,H,B,H,A,A,H,A,B,B,H,H,A,B,H,H,H,H,H,H,H,H,H,A,H,H,H,B,A,A,A,H,H,-,A,H,B,B,B,B,B,A,A,A,H,B,A,H,H,B,H,B,H,H,H,-,A,H,B,H,H,H,H,A,H,A,-,B,A,B,H,B,A,-,H,B,H,H,B,H,A,-,H,H,H,A,H,B,H,H,A,A,A,H,H,B,A,H,H,H,B,A,A,H,-,A,H,H,H,A,H,H,H,B,A,B
M02_033,H,B,H,H,B,B,A,A,H,B,H,H,H,B,H,H,B,H,H,H,H,H,A,H,H,H,H,H,H,H,H,H,B,H,H,H,H,H,H,H,H,H,A,H,A,B,B,B,B,H,B,A,A,B,A,B,H,B,A,H,A,B,A,H,A,A,H,A,H,A,H,H,H,H,B,A,A,H,H,H,H,B,A,H,H,H,B,H,B,H,A,A,H,H,A,H,H,A,H,B,H,H,H,H,-,H,H,H,A,A,B,H,H,H,B,H,H,B,H,A,A,B,B,H,H,H,H,H,A,B,B,H,H,A,H,H,H,H,H,B,A,H,B,H,H,H,B,A,H,A,A,H,A,-,B,H,H,H,B,H,A,-,H,H,B,B,H,H,B,H,H,A,B,H,A,B,H,B,A,H,H,H,H,B,H,-,A,H,A,H,H,B,H,H,H,A,-,H,H,B
M02_034,H,H,H,B,A,H,H,B,A,H,H,H,A,A,H,H,A,H,A,B,H,B,H,B,H,H,H,H,H,H,A,H,H,A,H,H,-,A,H,B,H,H,B,H,H,B,B,-,A,H,A,A,H,B,B,H,H,A,A,A,B,A,B,H,A,A,H,B,H,H,H,H,B,H,H,H,H,H,A,H,B,H,A,B,H,A,H,H,H,H,H,H,B,A,B,H,H,H,H,A,B,A,A,H,H,A,B,B,H,H,H,H,H,B,B,B,H,A,H,H,H,H,H,B,H,B,A,A,B,H,H,A,H,H,B,B,H,H,B,H,H,B,-,B,A,H,B,A,B,A,B,H,A,H,H,-,H,-,H,H,A,B,A,H,B,A,H,A,B,H,B,B,H,H,H,H,H,B,H,H,H,H,A,H,H,H,H,H,B,B,H,A,B,H,H,A,A,A,A,B
M02_035,H,H,B,B,B,B,H,B,H,A,H,H,B,H,H,A,H,A,H,B,A,H,A,A,H,A,H,A,A,H,H,A,H,B,H,A,H,H,A,B,B,B,B,H,H,H,B,H,H,H,B,A,H,B,H,B,H,A,B,H,H,H,H,H,H,H,B,H,A,H,H,-,A,B,H,H,A,H,A,H,H,B,H,H,H,H,B,H,H,A,H,H,A,B,H,H,A,H,B,B,H,A,H,H,H,B,H,A,B,A,B,H,B,A,A,H,H,H,-,B,H,A,H,H,H,B,A,H,A,B,H,H,A,A,A,H,A,H,B,H,H,A,H,H,A,A,B,B,A,H,B,A,H,B,B,H,A,A,B,B,H,B,H,H,B,H,H,A,H,H,H,B,H,B,A,H,A,B,A,H,B,H,B,B,H,A,H,-,B,B,A,H,H,A,H,H,H,H,H,A
M02_036,B,H,B,H,B,B,H,H,B,H,B,B,H,A,H,B,H,A,H,H,H,H,-,A,B,H,B,B,H,H,H,H,H,B,H,B,A,A,B,H,H,H,A,H,A,H,H,B,H,A,H,A,A,A,-,A,H,B,H,A,A,H,B,A,B,H,H,B,H,B,H,H,H,H,H,A,A,H,H,B,H,H,A,B,H,B,B,H,H,B,A,H,B,H,B,B,H,A,H,A,B,-,H,H,A,B,H,B,H,B,H,H,H,B,H,H,A,H,H,H,A,H,A,B,H,H,A,H,H,-,B,A,H,A,B,B,H,H,B,H,H,B,H,-,B,H,H,A,H,A,H,H,B,H,B,H,B,H,H,H,H,H,H,-,B,B,H,B,B,H,H,A,A,A,A,H,H,H,B,B,B,H,H,H,A,A,H,B,A,A,A,H,H,H,A,H,A,H,A,B
M02_037,H,H,H,H,A,H,H,H,H,B,B,A,H,A,H,H,A,B,H,H,A,H,B,H,B,A,H,B,H,A,H,H,H,B,B,H,A,H,B,B,A,H,H,A,H,H,A,B,B,B,A,H,H,H,H,B,A,B,B,B,B,H,B,H,B,A,H,H,H,H,H,B,H,H,A,H,H,H,A,A,H,H,H,B,H,H,H,A,H,H,H,B,A,B,H,H,B,B,H,-,H,H,A,A,B,A,A,B,A,H,H,H,B,H,H,H,H,H,B,H,H,A,H,A,H,B,H,H,B,H,H,H,A,B,A,B,A,H,A,A,H,H,B,H,H,H,H,H,H,A,B,H,H,A,-,H,-,A,B,H,H,A,B,A,B,B,H,B,H,A,A,-,A,H,H,B,H,H,B,A,H,B,A,H,H,B,H,H,B,A,B,B,B,B,H,B,H,-,A,B
M02_038,H,B,A,B,B,H,H,H,A,H,A,H,A,A,A,B,H,H,H,H,B,A,H,B,H,A,A,A,B,H,B,B,H,A,A,H,H,H,H,B,H,H,B,A,A,A,A,H,H,H,B,A,H,A,H,H,B,H,A,H,A,A,H,A,H,H,H,A,B,H,B,H,H,H,H,A,H,B,H,A,H,B,H,A,B,H,H,H,B,B,B,-,B,A,H,H,H,H,H,B,A,H,B,A,H,H,H,H,A,B,A,H,A,H,H,B,H,H,B,H,H,H,H,B,A,H,H,B,B,H,H,H,H,B,B,B,A,B,B,H,H,B,H,B,H,H,B,H,B,H,H,A,H,H,B,H,H,A,H,B,H,H,H,A,H,H,H,B,B,B,B,B,H,A,H,B,A,A,A,H,H,H,A,H,H,H,H,H,H,H,H,B,A,A,B,-,A,A,B,B
M02_039,H,H,A,H,A,H,A,H,H,H,A,H,B,H,H,H,H,H,B,A,A,H,B,B,H,H,H,H,H,B,H,H,H,H,H,H,A,A,H,B,H,H,H,A,B,B,A,H,H,B,H,A,H,B,A,H,A,B,A,B,H,H,B,B,H,A,H,H,H,H,A,H,H,A,H,H,H,A,H,H,H,B,H,A,H,B,A,B,H,B,H,H,B,H,A,H,A,B,H,-,B,A,H,B,H,B,H,A,B,-,A,H,B,H,H,H,H,-,A,H,B,H,A,B,H,B,A,A,H,H,H,H,A,H,H,H,H,H,H,H,H,A,H,B,H,A,B,H,A,H,H,H,H,H,A,H,H,H,A,A,H,B,H,H,A,H,A,B,H,B,H,B,H,A,B,H,B,A,H,H,A,H,H,A,A,H,A,H,A,H,B,H,H,H,B,A,H,H,H,B
M02_040,B,B,H,A,B,H,A,H,H,H,B,A,A,H,H,A,H,H,B,A,-,A,H,H,A,H,A,A,H,H,A,A,A,H,H,A,A,H,B,H,B,A,B,H,B,H,H,H,H,B,H,B,H,H,A,B,H,H,H,H,B,A,H,A,B,A,A,H,H,H,A,B,B,H,H,H,A,H,H,H,-,B,H,H,A,H,H,H,B,B,H,H,B,H,A,H,A,B,H,H,A,H,B,A,H,B,H,H,H,H,A,A,H,B,A,A,H,B,H,B,A,-,H,H,H,B,A,A,H,B,B,H,H,A,B,B,H,H,B,B,H,H,H,H,H,H,H,H,H,H,B,H,A,H,B,B,H,B,A,B,A,A,H,H,H,B,B,H,H,A,A,H,A,H,-,A,H,A,H,B,H,A,-,A,H,H,H,B,H,A,H,B,A,H,H,H,B,H,H,B
M02_041,H,H,H,H,B,H,H,B,H,A,H,B,B,H,A,B,H,B,H,A,H,H,H,B,H,B,-,B,B,H,H,H,H,H,B,B,H,H,H,H,H,B,H,-,B,H,B,A,A,B,A,B,B,H,A,H,B,H,H,H,A,B,B,B,H,B,A,H,H,B,B,B,B,B,A,B,H,H,A,H,H,H,H,B,B,H,H,-,H,A,-,H,A,H,H,H,A,B,H,A,A,H,A,A,H,H,A,H,H,A,H,A,A,H,A,A,H,B,H,B,-,B,B,H,H,A,H,B,H,H,H,H,H,H,H,H,B,B,A,B,H,H,H,H,A,H,H,H,H,-,H,B,H,A,H,H,H,A,H,B,H,H,B,B,-,H,B,H,A,H,H,B,A,A,B,B,H,-,H,H,B,A,A,A,H,A,A,B,A,B,H,H,A,A,H,H,B,B,H,H
M02_042,B,H,B,B,A,H,H,H,H,B,H,A,A,H,H,H,H,A,A,H,H,H,B,B,A,H,H,B,B,A,A,H,H,H,A,H,H,A,A,H,H,H,A,A,H,H,A,H,A,A,A,A,H,H,B,A,A,H,B,H,H,H,A,B,H,B,H,H,A,H,A,H,H,B,H,H,A,H,A,H,B,H,A,H,B,H,A,B,B,A,B,H,H,H,B,H,A,B,A,H,H,A,A,B,H,H,H,H,H,H,-,B,H,A,B,B,A,B,H,A,A,H,B,A,-,H,H,A,A,H,B,H,H,H,H,B,B,A,H,H,H,H,B,-,H,B,B,B,B,H,H,B,B,B,A,H,A,H,A,A,A,H,-,A,H,A,B,H,H,B,H,H,H,B,A,B,B,H,H,H,A,A,B,H,H,B,H,-,H,H,A,B,A,H,A,H,H,H,B,A
M02_043,B,H,B,H,A,A,B,B,H,H,H,B,B,B,B,B,A,B,H,B,H,A,H,H,A,H,H,H,H,A,B,B,A,B,H,A,H,H,H,B,H,A,B,A,H,A,H,H,A,H,A,H,H,A,B,A,A,H,H,H,A,B,H,A,H,B,H,A,H,A,H,B,H,H,B,H,H,H,H,H,H,B,B,H,H,H,A,H,B,H,B,A,H,H,H,B,B,A,A,A,H,H,H,H,H,B,H,H,A,H,H,H,B,B,B,H,H,H,A,H,A,H,H,B,H,B,A,A,H,H,A,A,H,H,H,H,A,B,H,H,B,B,H,-,-,H,H,H,B,A,B,B,H,H,H,B,A,H,H,B,B,H,A,H,A,B,H,B,H,H,A,H,-,H,A,H,H,H,A,H,H,H,A,B,B,A,H,H,H,A,A,A,H,B,H,B,A,A,H,H
M02_044,H,H,A,H,H,H,B,A,B,H,B,A,H,H,B,H,H,B,H,A,-,H,-,H,B,H,A,A,B,H,B,H,H,H,H,H,H,H,B,B,B,B,H,H,B,H,A,H,A,H,H,H,B,B,B,H,B,B,H,B,A,B,H,H,A,H,H,B,B,B,H,B,H,B,A,H,B,B,H,B,A,-,H,A,A,A,H,A,H,H,H,H,H,H,H,H,B,H,H,H,H,B,H,H,A,H,H,B,B,H,B,H,B,B,A,H,H,A,H,B,B,B,B,B,A,H,A,A,A,H,B,B,H,B,H,B,H,H,B,H,H,H,H,B,A,B,A,H,A,B,A,H,H,A,B,A,A,H,H,H,A,A,H,H,B,B,H,H,H,B,H,B,H,H,H,H,A,B,B,B,H,A,A,H,B,H,A,B,B,H,-,B,H,B,A,H,H,B,B,B
M02_045,H,B,H,H,H,B,B,H,A,B,H,B,H,A,H,A,H,A,A,A,B,H,H,B,H,H,H,B,B,H,B,H,H,B,H,B,A,H,B,A,B,B,B,H,H,B,B,H,B,H,B,A,A,H,H,B,A,B,H,H,H,H,A,A,H,A,A,B,A,H,A,H,H,A,-,B,A,B,H,A,A,H,H,H,B,H,H,H,B,A,H,H,H,H,H,H,H,H,A,H,H,H,B,H,A,H,B,B,H,A,H,H,B,H,H,H,H,B,H,-,H,A,H,A,H,H,H,H,A,H,H,B,H,H,A,B,-,B,-,H,H,A,H,B,H,B,A,H,H,H,B,A,B,H,H,B,H,B,H,B,H,A,H,A,H,A,A,A,H,H,H,A,H,H,H,B,H,H,H,A,B,B,A,H,H,H,B,A,H,A,H,A,B,H,B,A,A,H,H,B
M02_046,H,A,A,A,B,H,H,H,A,A,B,H,H,A,A,H,-,A,H,A,A,B,H,B,H,H,A,H,A,A,B,H,B,H,H,H,H,H,B,A,H,H,A,H,H,A,A,H,H,H,A,A,B,B,H,B,H,A,A,B,-,B,B,H,A,A,A,A,H,A,A,H,H,H,H,H,B,A,A,B,H,B,A,B,B,H,A,B,B,B,A,B,A,-,H,H,H,H,A,H,B,A,H,H,H,H,H,A,B,H,H,H,H,H,H,H,H,A,H,B,A,A,A,B,B,H,B,H,B,H,A,H,H,H,H,H,H,A,B,B,-,H,H,H,A,A,H,B,A,B,H,H,A,H,B,H,H,A,A,A,H,H,H,A,B,B,A,H,A,B,H,B,A,H,A,H,H,A,H,H,B,H,B,B,B,B,B,H,A,H,H,B,H,H,H,B,A,H,H,A
M02_047,A,H,B,A,H,B,B,-,H,B,-,H,H,A,H,A,B,H,H,A,A,B,B,B,H,A,H,H,A,H,H,-,H,H,H,H,H,A,-,B,H,A,H,H,B,B,B,A,B,H,B,H,H,H,A,H,B,A,A,A,H,B,-,A,B,B,A,B,H,B,H,B,A,A,H,H,B,H,A,H,H,B,H,H,H,B,H,A,B,H,H,B,B,B,B,A,H,H,H,B,B,H,B,H,H,-,H,A,B,-,B,H,A,H,H,B,A,B,B,B,H,B,H,A,A,B,A,H,A,H,A,B,H,B,H,B,H,H,H,H,B,H,B,B,A,H,A,H,H,B,A,A,A,H,B,B,H,B,H,A,A,B,H,H,H,H,B,A,B,H,A,-,H,H,H,H,B,H,H,H,H,A,B,H,B,B,H,H,H,-,B,B,A,H,B,H,B,B,H,-
M02_048,H,-,H,H,B,H,A,H,H,H,H,A,H,H,H,H,H,B,A,H,B,H,B,A,H,H,A,H,H,H,B,A,H,H,H,B,H,A,H,B,H,H,A,A,A,H,B,H,A,H,H,H,H,H,H,A,A,A,H,A,H,B,H,H,B,H,B,H,H,H,A,B,A,H,H,A,A,A,H,B,H,A,H,B,A,H,B,A,H,A,B,B,B,H,-,A,B,B,H,H,A,H,H,H,H,A,B,B,B,H,H,H,B,H,H,H,B,A,A,H,B,H,H,H,H,H,H,H,B,H,B,A,H,B,A,H,H,B,H,A,B,H,A,A,B,A,H,H,B,B,H,A,B,H,B,H,H,A,H,H,H,A,A,A,H,B,H,H,A,-,H,B,B,H,-,A,H,A,H,A,H,H,B,H,A,H,B,B,H,B,B,A,A,A,H,H,B,H,H,H
M02_049,A,A,H,H,B,H,B,-,H,H,A,A,A,H,H,A,H,H,B,B,B,H,H,B,A,H,A,H,H,H,H,A,B,-,H,H,A,A,H,A,A,B,H,H,H,B,A,B,H,A,H,H,H,A,H,H,H,B,B,H,B,A,A,H,H,H,H,A,A,B,B,H,H,H,A,H,H,H,A,B,B,H,H,B,A,H,H,H,B,H,A,A,A,H,H,A,H,H,H,H,H,H,H,H,B,H,H,H,A,H,H,A,H,A,H,A,A,B,B,-,H,H,-,H,H,H,A,A,B,H,H,H,H,H,H,H,H,H,H,H,H,-,H,H,B,H,B,H,B,H,B,A,A,H,B,H,A,H,H,H,H,B,B,H,H,H,H,A,B,H,B,B,A,B,H,H,H,H,H,H,A,H,H,A,H,H,H,A,B,H,A,-,H,A,H,B,H,A,B,H
M02_050,B,A,H,H,A,B,H,A,-,H,A,B,B,H,H,H,B,B,H,B,H,H,B,H,H,H,H,H,B,H,B,H,H,B,H,A,H,H,A,B,B,H,B,B,H,A,A,A,A,H,H,A,A,H,H,B,A,B,B,H,H,B,A,B,B,H,H,H,H,-,H,-,H,H,-,A,A,H,H,A,B,B,H,A,H,H,B,H,H,B,A,A,H,A,A,H,H,H,B,H,A,A,A,A,A,H,H,H,B,B,H,A,H,H,A,B,H,A,B,B,H,H,H,H,A,H,B,H,B,B,H,B,A,H,B,A,H,B,H,A,A,H,B,B,H,H,H,A,H,H,H,B,H,H,-,B,B,B,H,H,H,A,H,B,A,A,H,H,H,H,H,B,H,B,B,B,A,A,A,-,B,H,B,H,H,B,H,B,A,B,H,B,A,H,B,B,A,H,H,A
M03_001,H,A,H,H,H,H,B,A,H,A,H,A,A,H,H,B,H,B,H,A,H,H,H,H,H,H,A,A,A,A,B,A,H,H,A,B,H,A,B,A,A,B,H,H,A,B,H,A,H,B,A,B,H,H,H,B,A,A,B,H,H,H,H,B,B,H,H,H,H,H,H,A,H,H,B,H,A,H,B,H,H,H,A,B,A,H,A,A,H,H,H,H,H,H,H,H,H,H,B,A,B,A,H,H,H,A,B,B,H,H,B,B,H,H,H,H,H,H,A,H,H,B,-,H,H,A,H,A,H,H,H,A,B,H,A,A,H,A,-,H,B,A,H,H,H,H,B,A,H,B,A,A,A,H,-,A,H,H,A,H,H,B,H,B,H,H,H,B,H,B,B,A,A,A,H,-,B,A,H,A,B,H,B,B,H,A,A,A,H,A,A,H,H,H,H,B,H,A,B,B
M03_002,A,H,H,A,B,H,B,H,H,A,A,A,A,H,B,H,B,H,B,B,A,B,H,B,H,H,A,A,H,B,H,H,B,B,-,A,A,B,B,H,H,B,B,B,H,A,H,A,B,H,B,H,B,H,H,H,A,B,H,H,B,B,H,B,A,A,H,H,H,H,H,B,H,B,B,H,H,H,B,A,A,B,H,A,A,B,B,H,H,B,B,B,H,B,H,A,H,H,B,A,B,H,H,A,H,H,H,A,-,B,H,H,H,B,H,A,B,H,A,B,H,H,H,B,A,H,A,B,H,H,A,H,B,H,B,H,B,A,H,B,B,H,H,A,B,H,H,A,B,H,H,H,H,H,B,B,H,B,H,-,B,H,H,B,A,B,B,H,A,H,A,H,B,H,H,H,H,B,H,B,H,-,H,H,H,A,B,H,B,A,H,A,H,B,A,H,A,H,B,H
M03_003,H,H,B,H,H,-,B,-,H,H,A,H,H,H,H,A,B,B,B,H,H,B,H,H,B,H,H,A,A,A,B,H,H,B,H,H,H,B,A,A,A,H,H,H,A,H,A,A,H,B,B,B,H,H,H,H,A,H,H,H,H,A,H,A,B,A,H,B,H,A,H,A,-,A,H,B,H,H,A,H,B,A,B,-,B,H,H,B,B,A,B,A,A,H,H,B,H,A,H,H,H,H,A,H,H,H,H,A,A,H,A,H,B,-,H,H,H,B,B,H,H,B,A,B,B,A,-,B,B,H,A,H,H,A,H,H,A,H,A,H,H,A,B,A,H,B,B,A,B,B,H,H,A,H,H,B,H,H,A,A,A,A,H,B,H,H,H,H,H,H,H,A,A,H,B,H,B,H,H,H,B,A,H,A,H,B,H,H,B,H,H,B,H,H,A,A,H,H,B,B
M03_004,B,H,B,H,H,H,A,A,B,H,H,H,B,H,H,A,H,B,H,H,H,B,H,H,H,A,B,B,B,-,B,H,B,H,A,H,B,H,B,A,H,H,A,A,A,B,A,H,A,H,H,H,H,A,H,B,A,H,A,A,H,H,A,H,B,B,B,H,H,H,-,H,H,H,B,A,-,A,H,A,H,H,H,H,H,H,H,H,B,H,H,B,B,B,H,H,H,H,B,H,B,H,H,B,B,B,B,H,H,B,H,H,H,H,A,H,A,H,B,H,B,H,B,A,-,B,B,A,B,H,B,H,H,H,H,H,H,A,H,A,B,H,B,B,H,B,H,A,H,H,B,H,H,H,H,A,H,B,B,H,H,A,-,B,H,A,B,B,H,A,A,A,H,A,B,B,H,H,H,B,B,A,A,B,H,A,H,B,A,B,A,B,H,H,-,-,B,H,H,H
M03_005,H,B,A,H,H,A,B,H,H,B,H,H,A,H,A,H,H,H,H,A,B,A,B,H,H,H,B,H,H,B,B,H,B,H,A,H,H,H,B,H,A,B,H,B,B,B,B,A,H,A,H,-,A,B,B,H,H,H,B,H,H,-,H,B,A,A,B,B,B,H,H,H,-,H,A,H,B,H,B,H,H,H,B,-,B,A,B,A,B,H,B,H,A,B,A,A,B,A,A,-,B,A,H,H,B,B,B,H,H,A,H,B,H,A,-,H,H,H,H,A,B,H,A,H,B,B,H,A,A,H,H,H,H,H,A,A,H,A,A,H,B,B,B,H,H,H,-,A,-,H,B,B,B,H,H,B,H,B,H,H,B,A,B,H,B,H,H,H,H,H,B,H,H,B,H,H,A,B,H,H,B,B,A,B,B,A,B,H,H,H,H,A,B,A,H,A,B,H,H,H
M03_006,B,H,B,A,A,H,B,A,A,A,H,H,B,A,A,H,H,H,A,B,H,H,H,A,B,B,H,H,H,H,H,B,A,A,H,A,H,A,B,A,H,H,B,B,B,B,H,B,B,A,H,A,H,H,H,H,B,H,B,H,H,H,H,H,H,H,H,H,H,H,A,H,A,A,A,A,A,H,A,H,B,B,H,B,H,A,B,B,H,H,H,A,A,H,B,A,B,A,H,H,H,-,H,H,A,A,H,H,A,H,B,A,H,A,A,A,-,B,H,H,H,A,H,B,B,B,H,-,A,H,B,A,H,H,H,A,B,H,A,A,B,A,A,H,H,H,H,B,B,H,H,B,H,H,A,H,-,H,B,A,A,A,H,A,H,H,H,A,B,H,B,H,A,A,B,H,A,H,H,H,A,B,A,H,H,A,H,A,H,B,H,H,H,H,B,A,B,B,H,A
M03_007,A,H,B,H,A,A,H,H,A,A,H,H,H,B,H,A,H,B,B,B,H,B,B,H,H,B,H,A,A,H,H,A,H,B,H,A,H,A,H,H,B,H,A,H,H,B,B,A,A,A,B,A,-,H,-,A,H,H,H,B,A,H,B,B,H,H,A,H,B,H,H,A,H,H,H,A,H,H,A,-,H,H,H,-,-,B,H,H,A,H,B,H,H,A,B,H,H,H,H,H,H,B,B,B,A,B,A,A,B,B,H,B,B,H,H,B,A,A,B,H,A,H,H,B,H,H,B,B,H,B,H,A,A,H,H,H,H,A,A,H,A,H,H,H,H,H,B,B,B,H,A,H,B,A,H,A,H,H,A,B,H,H,H,H,H,H,H,B,H,H,H,B,A,A,H,H,A,H,H,B,A,B,A,H,H,H,B,A,H,A,H,A,B,B,B,A,H,A,B,H
M03_008,H,H,-,H,H,B,B,H,B,H,B,H,H,H,A,H,A,B,A,H,B,A,H,H,A,B,H,A,H,H,B,B,H,H,H,H,H,B,H,A,H,A,H,H,H,H,B,A,B,H,B,H,A,B,H,A,A,H,H,H,H,H,B,H,H,B,-,H,H,H,A,A,H,B,H,H,H,H,A,H,H,A,A,H,B,B,H,A,H,A,H,B,H,B,H,H,H,-,A,B,H,A,B,A,-,H,B,H,H,H,A,B,A,-,-,H,A,A,A,B,A,B,A,A,H,A,H,B,A,B,H,A,A,B,A,B,H,A,H,B,H,H,B,A,-,B,H,B,H,H,-,H,H,H,H,H,A,H,B,H,H,A,H,A,A,H,H,A,H,B,A,A,H,A,B,H,H,H,H,A,B,H,A,H,A,A,H,H,H,A,H,A,H,H,H,B,B,B,B,B
M03_009,B,B,H,A,A,B,H,B,H,H,H,B,A,B,B,H,H,A,A,H,A,A,B,H,H,A,B,B,H,B,B,H,H,A,H,A,A,A,B,A,B,H,A,H,A,B,B,A,B,H,-,H,H,A,B,A,H,A,B,B,A,H,A,B,A,B,B,H,A,H,H,H,H,H,H,B,A,H,B,A,H,B,H,A,A,H,-,B,H,H,B,-,H,H,A,B,H,B,H,B,A,B,B,H,B,B,B,H,H,B,B,H,B,A,B,-,H,H,H,H,H,H,A,B,H,H,H,B,H,A,B,B,H,B,H,H,H,H,A,A,A,H,H,H,H,B,H,H,A,H,A,H,B,A,H,A,B,B,A,H,B,H,H,H,H,B,B,B,H,H,H,B,H,H,A,H,B,H,A,A,H,B,B,B,H,H,H,H,H,H,H,A,H,B,B,H,-,B,H,H
M03_010,H,H,H,B,A,A,A,H,A,A,A,A,H,A,H,H,A,H,B,B,A,B,H,A,H,H,H,-,H,A,H,H,H,B,B,B,H,H,H,H,H,B,H,H,B,B,H,H,A,H,A,A,H,H,H,B,A,H,H,A,H,H,H,B,H,B,H,A,H,A,H,H,H,A,H,A,H,B,B,A,H,H,B,H,A,H,H,H,B,A,B,A,B,B,H,H,A,A,A,A,H,A,B,H,H,H,H,A,H,B,H,H,B,A,H,H,H,B,B,H,A,B,H,A,H,H,A,B,H,H,H,B,A,H,B,-,H,A,H,B,A,B,B,H,H,A,B,H,H,H,H,B,H,B,H,A,B,H,H,B,A,H,A,H,B,B,H,B,B,H,A,H,B,B,H,B,A,A,B,A,A,H,H,H,H,B,B,H,H,H,H,H,H,H,A,H,H,H,B,H
M03_011,B,A,H,B,H,H,H,B,H,B,B,H,-,A,H,H,B,H,B,H,H,H,H,B,H,A,H,H,B,B,A,H,H,B,B,H,H,A,H,H,H,H,H,H,H,A,A,A,B,A,B,A,H,B,H,A,-,B,H,H,H,H,A,H,H,H,B,B,B,A,H,B,A,A,B,H,H,H,B,H,B,H,H,H,A,H,H,B,H,H,H,B,H,H,B,H,H,H,H,H,A,B,A,H,A,H,A,H,H,A,H,B,H,B,B,B,B,H,B,B,B,A,B,B,B,A,A,B,H,H,B,A,H,H,H,H,A,A,H,B,H,H,A,B,B,H,H,H,B,H,H,H,-,A,B,H,H,H,H,H,H,A,H,H,A,B,A,H,A,H,H,H,A,A,B,H,H,A,B,A,B,H,H,H,B,H,H,H,B,H,A,A,A,H,A,H,A,H,H,H
M03_012,A,A,A,B,H,A,H,H,H,H,H,H,A,H,B,-,A,H,H,B,H,H,A,H,H,B,B,H,H,A,H,H,A,B,A,H,B,B,B,A,B,H,B,H,B,A,H,-,B,A,B,A,H,H,A,A,B,H,A,B,B,H,A,A,H,H,H,B,H,A,B,H,H,B,B,H,H,B,H,H,H,H,B,H,B,B,B,H,B,H,A,B,H,A,A,A,B,-,A,B,H,B,H,H,H,H,B,A,B,H,H,H,A,H,B,A,H,H,H,A,H,B,A,H,H,H,-,H,A,-,B,A,H,B,B,B,B,A,B,B,H,H,H,H,H,A,A,H,H,B,A,B,B,B,H,A,H,A,B,H,H,B,B,B,-,H,H,A,B,H,A,B,H,B,B,B,-,A,B,B,H,H,A,B,A,A,H,A,B,A,A,H,H,A,H,H,B,A,B,H
M03_013,A,A,H,A,H,A,H,H,A,H,B,A,B,H,B,A,B,H,H,H,A,B,H,A,A,A,H,H,H,H,-,H,A,H,A,B,H,B,H,B,H,H,A,H,B,A,A,H,B,H,H,H,H,B,B,H,H,B,H,B,H,B,B,H,B,A,B,B,H,H,H,B,B,H,B,H,A,H,H,A,H,H,-,A,H,H,B,H,B,B,H,H,B,H,-,H,B,B,B,H,H,A,A,-,H,H,H,B,A,H,H,H,B,B,H,B,H,B,-,B,H,A,H,H,H,A,H,H,H,B,A,H,B,H,H,H,H,H,B,A,B,A,H,B,B,B,B,H,H,H,H,H,H,H,B,H,A,-,H,H,B,H,B,H,H,B,A,A,A,H,A,B,H,H,H,H,H,H,H,H,H,B,A,B,H,H,H,H,A,B,H,B,H,A,H,A,B,B,H,H
M03_014,-,B,H,B,H,B,B,B,H,A,H,H,B,A,H,A,B,A,H,H,H,B,A,A,A,H,H,H,H,A,B,-,B,B,H,H,H,A,-,A,H,H,A,A,H,A,B,A,H,H,A,H,H,B,H,A,A,H,A,H,B,H,H,H,B,A,B,B,A,H,B,B,-,H,H,H,H,H,H,B,B,A,B,H,H,B,H,A,A,H,B,B,B,B,H,B,A,B,H,B,A,H,H,B,B,H,H,H,A,A,A,H,B,B,A,A,A,H,A,H,H,H,-,H,H,B,H,A,H,A,H,A,H,A,H,A,H,A,A,B,H,A,H,H,H,H,B,A,-,H,B,B,B,B,B,H,B,B,A,H,H,B,B,B,B,H,A,A,H,H,H,H,B,H,B,B,H,H,B,H,-,A,H,A,H,H,H,B,H,B,B,H,H,H,B,B,H,A,B,H
M03_015,A,B,H,H,B,H,H,H,H,B,H,A,A,H,H,-,H,A,H,B,A,H,H,-,A,B,H,B,A,H,B,H,H,H,A,H,A,A,H,A,B,B,H,B,B,H,B,A,H,H,H,A,H,H,H,B,H,A,A,H,H,A,H,H,A,H,B,H,B,A,H,H,H,H,H,H,A,H,H,B,H,H,H,B,B,B,H,A,H,H,B,A,H,H,B,A,H,H,-,H,A,H,B,B,A,B,H,B,B,A,H,H,B,H,H,H,B,B,H,H,B,B,A,H,H,H,A,H,H,H,H,A,B,B,H,B,A,B,A,H,H,H,H,H,H,B,H,A,H,B,H,H,H,H,H,H,A,H,A,H,H,B,H,B,-,A,B,H,A,H,H,B,A,H,H,B,B,H,H,B,H,B,B,A,A,B,H,A,H,B,A,H,A,A,H,-,B,B,B,A
M03_016,H,A,H,H,H,A,H,B,H,B,B,H,H,-,A,H,B,H,A,H,H,A,H,A,H,B,H,H,A,A,A,H,A,H,A,B,B,H,A,B,B,A,H,B,H,H,H,H,H,B,H,A,H,H,A,-,B,H,A,A,H,H,H,H,A,A,H,A,B,A,H,H,H,B,H,H,H,H,B,H,H,B,B,-,H,A,H,H,-,H,H,A,H,B,A,A,H,H,H,H,H,H,B,-,H,H,B,B,H,H,A,A,B,B,B,A,H,H,-,H,B,H,A,A,A,H,-,H,H,B,B,H,A,A,B,H,A,B,H,B,H,H,H,B,B,H,A,H,B,H,B,H,H,H,H,B,H,H,H,A,B,H,B,H,B,B,-,B,A,H,B,H,H,B,B,H,H,H,H,H,-,H,A,A,A,H,B,A,A,H,H,A,H,A,H,A,H,H,H,A
M03_017,H,H,B,H,H,H,A,B,H,H,A,H,H,H,H,H,H,H,A,H,H,H,A,A,A,B,H,A,A,A,H,A,H,H,B,H,-,H,H,B,H,H,H,B,H,B,A,H,B,H,B,A,B,H,A,B,H,A,-,H,B,A,H,A,H,A,A,A,H,B,H,A,H,B,A,A,A,H,H,H,A,H,B,A,B,H,A,H,B,H,B,H,H,B,B,H,H,A,H,H,A,H,H,B,H,H,B,A,H,H,A,H,A,A,A,B,H,H,H,H,H,H,A,H,A,A,B,H,H,H,H,H,H,H,B,B,H,B,H,H,A,H,B,B,B,A,H,A,H,H,H,H,H,H,A,B,A,A,B,B,H,A,A,B,B,H,A,A,A,H,A,B,A,H,A,H,A,B,H,A,-,H,B,B,-,A,A,B,H,A,B,H,H,B,B,H,H,H,H,A
M03_018,H,H,H,B,H,A,H,B,H,H,A,H,B,B,H,H,B,B,H,H,H,A,H,-,B,B,A,H,A,A,B,H,B,A,H,H,A,H,A,H,B,B,B,B,B,H,H,H,B,A,A,B,A,B,H,H,H,B,A,B,B,A,A,A,A,A,H,H,B,H,H,H,B,H,H,B,H,A,H,B,A,H,H,B,H,H,-,H,H,H,B,B,B,H,B,A,H,H,B,H,B,B,H,B,A,A,B,H,H,H,A,-,H,-,A,H,H,A,H,B,H,B,B,A,-,H,-,H,H,H,A,B,A,B,A,A,A,B,A,H,B,H,H,B,B,H,H,B,B,H,B,H,H,A,A,H,H,A,H,H,B,B,H,B,H,H,B,H,H,H,H,H,B,H,B,B,H,H,H,H,A,B,B,H,H,A,H,B,B,H,H,H,H,A,H,H,A,A,A,H
M03_019,H,H,H,B,A,H,B,H,H,H,A,-,H,A,H,B,A,H,H,B,B,B,H,A,H,H,H,B,H,-,H,A,H,H,B,H,B,H,A,A,A,H,A,H,B,H,B,A,H,H,B,A,H,H,H,B,A,H,B,H,H,A,B,B,H,B,H,A,A,H,H,-,H,B,H,H,H,H,B,A,-,B,H,H,A,H,A,H,A,H,H,A,H,B,H,H,B,H,B,A,B,H,B,H,B,B,A,B,A,A,H,B,H,H,H,B,B,A,H,A,H,A,H,B,H,H,H,A,H,H,B,H,H,B,B,B,B,B,H,B,H,H,H,A,A,A,A,B,B,H,B,A,B,H,A,A,H,A,-,A,A,H,B,A,A,H,B,H,B,H,A,H,H,H,H,A,H,H,H,H,H,A,B,H,A,B,H,H,A,H,A,H,H,H,A,B,H,H,B,H
M03_020,H,H,H,H,H,H,H,A,H,A,H,H,H,B,A,B,H,-,H,B,H,H,B,B,A,B,B,H,B,B,H,A,H,A,H,H,H,-,B,H,B,A,B,B,H,H,H,B,B,H,H,A,H,B,A,B,B,B,A,A,A,H,H,A,B,H,A,-,-,H,H,B,-,H,H,H,H,H,H,H,H,H,H,B,A,B,H,A,H,H,B,H,H,H,A,H,H,H,H,B,H,B,A,A,H,A,H,H,H,H,-,B,A,H,H,A,H,H,A,H,H,A,H,B,H,H,H,A,A,B,A,H,A,B,A,H,H,H,H,H,B,B,H,A,A,B,H,B,H,B,B,B,H,H,H,H,H,A,H,H,H,A,H,A,B,H,A,-,H,A,B,H,H,H,H,B,H,B,H,B,A,H,H,-,A,H,H,H,H,H,A,H,A,B,A,B,H,H,A,H
M03_021,H,H,A,B,B,H,H,H,H,A,H,B,A,H,B,A,A,B,H,A,H,H,B,H,H,H,-,A,A,B,B,A,A,H,A,H,-,A,H,B,-,-,B,-,H,H,A,H,H,H,A,H,H,A,-,B,H,A,H,A,H,H,H,H,A,H,A,H,B,H,B,A,H,A,H,A,A,H,H,A,B,A,A,H,-,A,A,B,H,H,A,H,H,H,B,B,H,B,H,A,H,H,A,H,H,H,B,H,A,H,H,A,H,B,H,A,A,H,B,H,H,H,H,H,A,H,H,A,H,B,-,B,A,H,A,H,H,H,B,H,H,B,H,A,A,-,H,A,A,A,-,A,A,H,B,H,H,A,B,-,-,B,B,A,H,A,B,B,B,H,H,H,H,H,H,B,H,B,B,H,H,H,H,A,H,B,A,-,B,H,H,H,H,A,B,H,H,H,A,B
M03_022,B,A,B,H,H,H,A,H,A,H,H,B,H,A,B,H,H,A,B,B,B,B,H,B,H,A,-,H,H,A,A,H,A,A,H,B,B,H,B,H,H,H,H,A,H,H,H,B,H,H,H,B,H,B,B,H,H,A,B,A,H,H,H,H,B,H,B,H,A,A,-,A,H,A,H,-,H,A,H,H,A,H,H,A,H,H,H,H,H,H,B,A,H,-,H,H,H,H,H,B,B,H,B,A,H,A,A,H,H,H,H,H,H,H,H,H,H,A,A,H,H,H,A,H,B,B,H,A,H,A,H,A,B,H,H,H,A,H,H,H,B,H,B,H,H,H,B,A,H,H,A,A,B,-,A,B,H,H,H,H,B,H,B,A,H,A,A,H,A,H,B,H,A,H,B,H,H,A,A,H,A,B,H,H,B,B,H,B,B,B,B,H,H,A,H,A,A,H,A,B
M03_023,B,A,A,B,B,B,B,B,H,-,B,H,B,H,B,H,H,H,B,H,B,B,H,B,H,A,A,B,H,A,H,H,A,H,H,A,H,H,A,H,H,A,A,A,A,B,H,A,A,H,B,H,A,H,H,A,H,H,A,-,H,H,H,H,H,H,H,A,H,H,H,B,B,A,B,H,H,B,H,H,B,A,H,H,B,B,A,B,H,B,H,A,A,A,A,B,A,B,H,H,A,B,H,B,B,A,A,B,B,H,H,H,H,A,H,A,H,B,B,B,B,H,B,B,B,H,A,A,A,B,H,B,H,H,A,A,H,H,A,B,H,B,A,H,H,B,H,H,B,A,A,-,H,-,H,A,A,H,B,H,H,-,H,H,B,A,H,B,B,A,A,H,H,H,H,B,H,B,A,A,H,A,H,B,A,H,-,A,H,B,H,H,B,B,A,H,H,H,H,-
M03_024,H,H,H,B,B,H,H,H,H,B,H,H,H,H,H,H,A,A,H,H,A,B,H,B,A,A,H,A,B,A,H,B,H,-,H,H,A,H,B,B,-,A,H,H,H,B,H,A,H,A,H,A,A,H,H,A,B,H,A,A,H,B,H,-,H,H,H,H,H,B,A,H,-,H,H,H,H,H,B,H,H,B,B,H,A,H,H,B,B,B,H,H,H,A,-,A,H,H,B,A,B,B,B,B,H,H,H,H,H,B,H,A,H,H,H,A,H,B,H,A,H,H,H,H,B,A,H,B,B,A,H,A,H,A,B,A,H,H,B,H,H,A,A,B,H,H,A,B,H,B,H,H,H,A,H,H,A,A,A,B,A,H,H,H,H,B,A,H,H,B,H,A,H,A,A,H,H,H,H,H,H,H,H,A,H,H,-,B,H,A,H,A,H,H,H,H,B,B,H,B
M03_025,H,B,B,B,H,B,H,H,H,B,A,H,H,H,B,B,H,H,H,-,H,A,H,H,H,H,H,A,B,H,A,H,B,B,H,A,H,B,H,B,-,A,B,-,A,H,B,A,A,H,B,B,H,H,H,A,B,A,H,H,A,H,H,H,A,H,H,B,A,B,H,B,A,H,A,H,B,A,H,A,H,A,A,H,B,A,A,A,B,H,H,H,A,H,A,H,H,H,A,A,B,H,A,-,B,B,B,H,H,A,H,A,A,A,H,H,H,B,H,H,B,H,A,B,A,H,H,H,H,A,H,B,H,H,H,B,H,B,A,A,A,A,H,B,H,B,A,B,A,B,A,B,A,H,H,H,H,B,H,H,A,H,H,B,H,H,A,H,H,H,H,A,B,A,B,A,A,H,H,H,H,H,H,H,H,B,H,H,B,B,H,A,B,A,A,H,H,B,H,B
M03_026,A,A,H,B,H,A,A,A,H,A,B,H,H,A,A,H,B,H,B,B,A,A,H,H,H,H,H,-,-,H,H,H,H,B,B,H,A,H,H,B,B,H,-,A,A,A,A,H,H,H,H,H,H,H,B,A,B,H,H,A,A,H,H,H,H,H,H,B,B,H,A,A,B,A,B,H,B,H,H,H,B,B,H,B,H,B,B,H,H,H,H,B,H,A,H,A,H,B,H,B,A,B,H,A,H,-,A,H,B,A,H,H,H,H,A,B,A,H,H,H,H,-,B,B,H,B,B,H,H,A,H,B,H,H,A,A,H,B,H,B,A,H,H,B,A,A,A,B,A,A,H,H,B,B,H,B,H,H,B,H,H,H,H,A,H,B,H,A,B,A,H,H,A,H,H,B,B,B,H,H,B,H,B,H,H,H,H,H,H,H,B,B,A,A,H,H,A,H,B,B
M03_027,H,H,H,A,H,A,H,H,H,H,H,A,H,H,A,A,H,B,H,H,B,B,H,B,H,B,H,B,B,H,B,H,A,H,B,H,H,H,-,H,H,B,A,H,A,A,H,H,A,-,B,B,H,H,H,B,H,B,A,H,H,H,H,H,H,A,H,A,A,H,H,H,H,H,H,B,H,H,H,H,H,H,H,H,A,A,H,B,H,H,A,A,B,H,A,H,B,A,H,H,H,H,B,A,H,A,H,B,H,H,B,A,H,B,H,A,A,H,A,H,A,A,H,H,H,H,A,A,A,H,A,H,A,B,H,H,B,H,H,B,H,B,H,B,H,H,H,A,A,H,H,B,H,B,H,A,A,H,H,A,H,H,H,B,H,-,B,H,H,B,H,B,H,H,A,B,B,B,H,A,A,B,H,H,H,H,H,H,H,B,A,H,H,B,H,H,H,H,B,B
M03_028,H,H,A,H,H,H,A,B,H,H,A,H,B,H,H,A,H,B,H,B,B,B,B,A,B,A,A,A,H,H,H,A,H,H,B,H,A,H,H,H,H,H,H,H,B,A,B,H,A,B,-,H,H,H,H,A,B,B,A,B,H,A,H,H,B,B,A,H,B,B,A,H,B,H,H,B,A,B,H,A,A,A,A,H,A,B,H,H,H,H,H,A,B,H,A,H,H,H,B,H,H,H,-,H,H,H,H,A,A,B,H,-,H,H,A,A,B,H,-,B,H,A,A,H,B,A,A,B,A,H,A,H,H,A,H,H,H,H,H,H,H,H,H,H,A,A,H,B,B,H,H,A,B,B,A,B,H,H,H,H,B,A,H,H,H,H,H,H,H,H,H,H,A,H,A,A,H,A,H,B,A,B,A,H,H,B,A,H,A,H,B,B,H,H,B,H,A,B,H,A
M03_029,A,H,H,H,H,B,B,-,B,B,H,H,H,A,H,H,A,A,H,H,B,H,H,H,A,A,B,H,B,H,-,H,H,H,H,B,B,B,A,A,A,H,H,H,H,B,B,A,B,H,H,B,A,-,H,B,B,H,A,A,H,A,B,H,B,H,A,H,H,H,H,A,H,H,B,B,A,A,H,B,H,H,A,H,H,H,H,H,A,H,B,H,B,H,H,A,H,H,H,B,H,A,B,H,H,H,H,A,H,H,H,A,A,A,H,B,A,H,H,B,A,A,A,B,H,A,H,A,A,B,H,H,H,H,H,H,H,A,H,B,A,B,A,H,H,H,A,B,B,A,B,H,B,A,B,A,B,H,H,A,-,H,H,H,B,H,A,-,H,H,A,B,A,H,-,A,B,H,H,H,H,H,A,B,A,B,A,H,B,A,B,H,H,H,-,H,H,H,-,B
M03_030,B,H,H,H,H,H,B,A,H,B,H,B,H,H,B,H,H,A,B,H,H,H,H,A,H,H,A,B,H,H,H,H,B,A,H,A,B,H,H,H,B,H,B,A,H,B,H,A,B,H,A,H,H,B,H,H,H,H,B,B,H,A,B,A,A,A,A,B,H,B,A,H,B,-,H,A,B,H,H,H,H,H,H,A,H,H,H,H,A,H,B,H,H,H,A,B,H,B,A,A,H,H,B,A,H,A,B,B,H,A,H,A,A,H,B,B,H,H,B,H,H,B,A,A,H,A,H,H,H,B,A,H,A,H,H,H,A,H,H,A,H,H,B,B,H,B,H,B,A,H,H,H,A,H,H,H,H,H,B,H,B,B,H,H,A,B,A,H,H,B,H,B,H,H,H,B,H,B,B,B,H,H,A,B,B,H,H,A,B,A,B,H,H,B,A,H,B,H,B,B
M03_031,A,A,H,H,H,B,A,H,A,A,H,B,A,H,H,A,H,B,H,A,H,H,A,A,A,A,H,H,H,B,H,B,H,A,H,B,A,A,H,H,H,A,H,H,H,H,H,H,A,H,A,H,H,A,H,A,A,H,B,H,H,H,H,B,B,B,B,A,H,B,H,B,A,H,B,H,H,A,H,B,H,A,A,B,H,A,A,B,B,A,H,-,H,B,H,H,H,B,H,A,H,B,H,H,H,A,A,H,H,-,B,B,H,H,A,A,A,H,A,H,-,H,H,H,A,A,A,A,H,B,H,H,B,A,A,H,H,H,H,A,H,A,B,B,H,A,H,A,H,H,B,H,A,A,A,A,B,A,B,H,H,H,H,H,H,H,B,H,H,H,A,A,A,H,H,B,H,A,H,H,H,H,H,A,H,H,H,A,B,H,H,B,B,H,A,B,H,H,B,A
M03_032,A,H,B,H,H,H,H,B,A,H,B,H,H,A,B,H,H,H,H,H,B,H,H,H,H,A,B,H,H,A,B,H,B,B,B,B,A,B,A,B,H,H,A,B,A,H,B,H,A,H,A,H,B,H,A,H,B,A,H,H,B,B,H,H,H,H,H,H,A,B,A,A,H,A,H,H,H,B,B,A,B,H,H,H,H,B,H,H,A,B,B,H,H,H,H,H,H,A,H,H,H,B,A,H,A,A,H,B,H,H,A,H,B,H,B,B,H,H,H,B,A,H,H,H,B,H,-,-,-,A,H,H,H,A,H,B,B,A,H,B,H,B,B,A,H,A,A,B,B,A,H,H,H,H,B,A,A,A,H,H,H,H,B,H,H,B,B,A,H,B,A,H,H,A,A,H,B,B,B,A,A,B,H,H,A,H,H,A,B,A,B,B,H,H,H,A,H,H,H,H
M03_033,H,H,H,H,H,B,H,H,H,H,H,A,B,A,H,A,A,B,H,B,H,H,H,H,B,H,H,B,A,H,H,A,H,A,B,H,B,H,H,H,B,A,H,H,B,B,H,A,A,B,H,A,B,A,H,H,A,H,A,H,H,A,B,H,H,A,A,B,H,H,B,H,H,B,H,A,H,B,H,H,B,H,A,A,H,H,B,H,H,H,H,H,A,H,B,H,H,A,B,B,H,H,H,H,B,A,H,A,H,H,A,H,H,-,A,H,H,B,B,H,A,H,H,A,A,H,B,B,A,H,A,H,B,B,H,A,H,B,A,H,H,H,B,-,H,H,B,B,B,A,B,H,A,A,H,H,B,H,A,H,-,H,H,B,H,B,B,H,H,H,A,B,B,A,B,A,B,H,B,H,H,A,H,A,B,H,-,B,B,A,B,A,H,H,A,A,H,H,B,H
M03_034,B,H,B,H,-,A,H,A,H,H,H,A,H,H,A,H,H,A,B,H,B,A,B,A,H,-,B,H,A,A,H,A,H,H,B,-,H,A,H,H,H,-,-,B,A,H,B,B,H,H,H,H,A,B,H,A,H,H,B,A,B,A,H,H,H,H,B,-,H,A,A,A,B,B,B,A,H,A,B,H,A,H,H,-,H,H,B,H,H,B,H,A,B,A,A,A,A,A,A,H,H,A,H,A,A,H,H,H,H,H,H,B,H,H,A,B,A,H,H,H,B,-,A,H,B,H,H,H,H,B,H,H,H,B,H,H,B,H,H,H,H,A,H,-,H,B,H,B,H,A,H,H,-,-,H,H,H,B,B,H,H,H,B,B,H,A,A,H,H,H,H,H,B,H,A,H,H,B,H,H,H,H,H,A,H,A,H,H,A,H,H,H,-,H,A,H,H,A,B,A
M03_035,B,B,B,H,B,B,A,H,A,H,H,A,B,A,B,A,H,A,H,H,H,H,B,A,B,A,A,A,-,A,B,-,H,H,B,H,A,H,B,B,A,A,B,A,H,A,-,B,H,A,H,H,H,H,A,H,B,H,H,H,B,H,A,A,B,B,H,A,H,B,H,A,H,B,A,H,H,H,H,H,A,A,H,A,H,H,A,H,H,H,H,B,H,H,A,A,A,B,H,A,H,A,A,H,H,H,H,H,B,B,B,B,H,H,H,B,H,A,B,B,B,A,H,H,H,A,H,-,H,H,B,A,H,A,A,H,H,B,H,B,A,A,A,B,A,A,H,A,A,A,A,H,H,A,A,B,H,H,H,A,B,H,A,H,H,A,B,B,A,H,B,A,H,H,H,H,H,B,H,B,A,H,A,H,A,B,H,-,H,B,H,A,B,H,H,H,H,B,H,A
M03_036,B,A,B,H,H,A,B,H,B,H,A,H,H,H,B,H,H,B,A,B,H,H,H,H,A,B,B,A,B,H,B,A,H,H,A,H,H,-,H,B,H,A,H,H,H,B,A,H,B,B,H,A,H,A,H,A,A,H,H,H,H,H,H,H,H,H,H,H,H,H,B,H,H,H,A,H,H,A,H,H,B,B,H,H,-,A,B,A,H,B,B,B,B,H,A,H,H,H,B,H,A,H,A,B,H,H,H,H,B,H,B,B,B,H,B,H,B,B,B,B,H,A,H,B,A,H,H,H,B,H,B,H,B,H,A,B,H,H,H,H,H,A,H,H,H,H,B,H,B,H,H,A,A,H,H,B,H,B,B,A,H,H,H,H,B,B,B,H,H,H,H,H,A,B,B,H,B,H,A,B,B,H,A,B,A,H,H,B,H,B,H,H,B,-,H,H,B,A,H,H
M03_037,H,A,H,H,A,H,B,A,H,H,A,A,H,B,A,B,H,H,H,B,-,H,H,A,A,A,H,A,B,B,A,H,A,-,H,-,B,H,H,A,A,B,A,B,A,H,B,A,H,B,A,H,A,A,A,B,A,A,H,H,H,A,H,H,H,A,H,B,H,A,A,H,B,A,H,A,H,H,B,A,B,H,B,H,A,B,A,H,B,A,H,B,B,H,H,H,H,H,B,A,A,H,B,H,B,B,B,B,B,B,H,A,A,A,A,A,B,H,H,B,H,A,B,H,H,H,H,B,A,B,A,H,B,B,A,A,H,A,H,-,H,A,H,B,H,H,H,A,H,H,H,H,H,H,A,B,H,A,A,H,H,A,A,A,B,H,H,B,H,H,H,-,A,H,A,A,A,-,B,-,B,H,H,A,B,A,H,H,H,A,H,B,B,B,H,H,A,B,H,H
M03_038,B,H,H,-,-,B,H,H,A,-,H,A,H,H,B,A,B,H,H,B,A,H,H,H,H,A,H,H,B,A,H,H,A,H,A,H,-,B,H,B,H,H,B,H,H,H,B,H,A,A,-,H,B,H,A,B,H,H,H,B,H,A,H,H,H,A,A,H,-,H,B,B,A,H,A,H,H,A,B,B,A,A,H,H,B,H,H,B,H,H,H,B,A,H,A,B,H,H,B,B,B,A,B,H,A,H,H,A,H,B,H,H,H,B,A,H,H,B,A,H,H,B,A,H,A,B,H,H,H,H,A,H,B,H,B,A,B,H,H,H,H,H,H,H,A,H,-,H,H,H,H,A,B,A,H,A,H,H,H,H,A,A,H,B,H,H,H,H,H,B,H,A,A,H,H,A,B,H,H,A,B,B,A,B,H,H,B,H,B,B,B,A,H,H,H,H,A,B,B,H
M03_039,A,A,A,H,B,A,H,H,H,H,H,B,H,H,H,A,A,H,A,H,H,H,A,H,H,H,H,H,A,H,A,-,B,H,H,H,A,A,B,B,H,H,B,H,A,H,H,A,H,H,H,A,H,H,A,A,H,A,B,H,H,H,H,A,A,H,A,H,A,A,H,B,H,H,B,-,A,H,H,H,A,A,H,B,H,A,H,H,A,H,H,B,H,H,H,A,B,H,A,H,H,B,B,A,H,H,A,H,H,A,H,H,A,H,H,A,B,A,A,A,H,H,H,H,B,A,H,A,A,H,A,H,B,A,B,H,H,H,H,A,B,-,B,B,A,A,A,B,B,H,A,A,B,B,A,A,H,A,B,H,H,H,H,A,B,H,H,H,A,A,H,H,H,B,H,H,A,B,H,A,H,H,B,B,H,H,A,H,B,H,H,B,A,A,H,B,B,H,B,H
M03_040,A,B,A,A,H,H,-,-,H,-,H,B,B,B,H,H,H,A,H,H,B,H,A,B,H,B,B,H,A,A,A,A,H,B,B,H,A,H,H,A,B,B,H,H,A,H,A,A,H,H,H,H,H,B,B,B,B,H,H,A,A,B,B,H,H,A,H,H,H,B,A,H,H,B,B,H,B,H,A,H,A,H,B,B,H,H,A,H,A,H,H,B,A,H,H,A,H,H,H,B,H,H,A,B,A,A,A,H,H,B,B,H,-,H,B,H,H,H,H,A,A,H,B,H,B,A,H,H,B,H,H,A,H,B,H,B,B,A,B,H,A,H,H,H,A,B,H,H,H,A,H,H,H,A,B,H,-,H,H,A,H,H,A,A,H,-,H,H,H,B,H,B,B,B,A,B,B,H,H,B,H,H,B,H,A,H,H,B,H,B,H,H,A,H,B,A,B,H,A,A
M03_041,H,H,H,H,H,H,H,B,H,A,H,H,H,B,B,H,H,H,B,H,H,B,H,H,B,B,A,H,H,B,B,B,H,A,H,H,H,-,H,B,A,H,H,H,H,A,H,A,A,H,A,H,A,H,H,H,H,B,A,-,H,A,-,A,B,A,A,H,H,H,H,B,B,H,B,H,A,H,A,B,A,H,H,H,A,-,A,B,B,H,A,A,B,A,A,H,H,A,H,H,A,H,H,H,A,H,H,H,A,A,B,H,H,B,H,H,H,B,H,H,H,B,-,H,H,H,-,B,A,H,H,H,H,B,H,A,H,A,A,A,A,H,H,A,B,A,B,H,A,B,H,H,H,H,H,A,A,H,A,A,H,B,H,H,B,A,H,B,B,A,H,A,B,B,A,H,B,A,A,A,H,B,B,A,A,H,B,H,H,H,A,H,B,A,H,H,H,H,H,B
M03_042,H,H,A,-,H,B,H,A,A,B,H,A,A,H,A,H,A,H,A,H,H,A,H,H,A,H,H,-,A,-,A,H,H,H,B,A,B,A,B,H,B,A,H,H,-,B,A,H,H,A,A,B,H,A,A,H,H,H,H,A,H,A,B,A,B,H,H,H,H,B,H,A,H,A,H,A,H,H,A,H,H,A,H,H,A,B,H,A,B,H,H,-,H,H,H,A,H,H,A,H,H,B,H,A,B,B,H,A,H,B,A,H,H,H,H,H,H,H,A,H,H,B,H,A,B,H,B,A,H,A,B,B,H,A,A,-,H,H,H,-,A,H,H,B,H,H,H,B,A,H,B,H,H,A,B,A,A,A,A,B,H,H,B,A,A,H,H,H,A,H,H,H,A,H,H,H,B,B,H,B,B,H,H,B,H,A,H,A,H,A,A,A,B,H,A,A,H,B,A,A
M03_043,H,H,-,H,H,H,B,A,A,B,B,A,B,H,H,H,H,A,H,H,B,H,H,H,H,B,H,H,H,H,A,H,H,B,-,B,A,H,H,H,-,B,H,H,B,H,B,B,H,H,H,A,H,A,H,B,A,A,H,H,H,H,A,A,B,A,H,B,B,A,H,H,H,B,H,A,H,H,H,A,A,B,A,H,B,H,A,H,H,H,B,H,H,A,H,H,A,H,A,-,H,H,A,B,A,A,A,A,A,B,H,H,B,H,A,H,A,H,H,H,H,B,H,A,A,H,A,A,H,H,B,H,B,B,A,H,H,H,H,H,H,H,B,H,-,A,-,H,B,B,B,H,A,A,H,H,H,-,H,A,A,H,A,H,H,B,B,H,H,A,H,H,H,H,A,B,H,B,H,H,A,A,B,B,H,H,H,H,H,H,B,H,H,B,H,A,A,H,B,B
M03_044,H,-,A,H,B,B,A,B,H,A,H,B,H,B,A,A,A,-,H,B,H,H,B,H,B,A,H,H,B,A,H,H,H,A,A,B,H,H,B,A,H,B,B,H,H,H,B,H,B,A,H,H,H,H,B,B,A,B,A,H,B,A,B,B,H,H,H,B,A,H,A,A,B,H,B,H,H,A,B,A,H,H,H,H,H,A,H,B,H,A,H,A,A,H,H,A,H,B,B,B,H,A,B,A,A,H,A,B,B,B,B,A,H,H,H,A,H,B,A,-,A,H,H,B,H,H,H,H,H,B,B,A,A,A,H,H,H,B,A,H,H,H,H,B,A,A,H,H,A,A,H,H,B,H,A,H,A,H,H,H,B,A,B,B,H,A,H,H,H,A,B,A,H,A,H,B,H,A,B,B,B,B,H,H,H,A,H,B,H,B,H,H,H,H,H,A,A,B,A,H
M03_045,H,H,B,H,B,H,H,B,B,B,H,A,A,B,B,H,H,H,H,H,H,B,A,H,H,H,H,B,A,A,B,H,A,H,H,A,H,B,H,A,H,H,A,B,H,H,B,H,A,H,H,H,H,H,H,H,H,H,H,H,H,A,H,H,H,B,H,B,B,B,B,H,H,A,H,H,H,H,H,H,H,H,B,B,B,A,B,H,B,A,H,H,H,H,H,H,H,H,A,H,A,H,H,H,H,H,B,B,H,H,H,A,H,B,H,H,H,H,A,H,H,H,H,B,B,B,H,H,B,A,A,H,H,A,H,H,H,H,H,A,-,H,H,H,H,H,H,H,A,B,H,H,H,B,H,A,B,H,A,A,H,H,H,B,H,H,H,B,H,B,A,B,H,B,A,A,A,H,H,B,H,A,A,-,B,B,B,H,A,A,H,B,A,A,H,H,H,B,A,-
M03_046,A,A,H,A,H,-,H,H,H,A,B,B,A,H,H,A,H,H,A,A,B,H,A,H,H,H,B,H,H,H,H,A,H,H,H,H,H,A,H,H,B,H,H,B,A,A,H,A,H,A,A,H,H,B,B,A,H,A,H,B,H,A,H,A,H,H,H,B,H,B,B,H,H,A,H,H,A,-,H,-,H,H,B,H,A,H,B,A,H,H,B,B,H,B,A,A,B,H,A,H,B,B,B,H,B,H,H,B,H,A,H,H,A,A,H,A,H,H,A,H,B,A,A,B,H,B,H,A,A,A,B,B,B,B,B,H,B,A,H,H,B,H,B,H,H,B,A,B,H,H,B,H,H,H,A,H,H,B,A,H,B,B,H,H,H,-,A,B,H,H,H,H,H,B,A,H,A,A,H,A,A,B,H,A,A,A,H,H,H,A,H,H,H,B,H,A,B,A,H,H
M03_047,H,B,A,H,A,H,H,H,A,A,H,B,B,B,H,A,H,H,A,H,A,H,A,A,H,H,H,H,A,B,A,H,H,B,H,A,H,H,-,A,H,A,H,H,A,B,H,H,A,H,-,B,A,A,B,B,A,H,A,H,B,A,A,A,A,A,B,-,H,B,H,H,A,H,A,B,H,H,H,H,H,H,B,A,A,H,B,H,H,H,A,H,B,B,A,H,H,A,H,A,H,H,H,H,H,H,A,H,B,A,H,H,H,H,H,A,H,H,A,H,H,B,A,B,H,H,A,H,B,H,H,H,-,H,H,H,A,H,B,H,H,B,A,A,A,A,A,H,H,H,H,B,A,H,H,B,A,A,H,H,H,H,A,B,A,A,A,H,A,H,B,H,H,A,H,H,A,H,A,B,H,H,B,B,H,H,H,H,H,B,A,H,H,B,A,H,H,A,H,H
M03_048,A,H,B,B,H,H,H,B,H,H,A,H,A,H,H,H,H,B,A,H,H,B,A,H,H,B,A,H,A,A,A,B,A,B,A,B,H,A,H,H,H,H,H,H,B,H,B,B,A,A,H,H,H,H,H,H,A,B,H,H,H,A,H,A,A,H,A,H,H,A,A,B,A,H,H,B,B,H,A,H,A,A,H,H,A,A,B,B,H,H,B,H,H,H,A,H,H,-,H,A,B,A,H,H,-,H,H,B,B,H,B,A,B,B,H,B,H,-,B,H,H,H,B,H,A,H,B,H,B,-,H,H,H,H,H,B,B,H,H,H,H,H,B,H,H,H,A,H,A,B,A,H,A,B,H,B,B,-,B,A,H,H,B,B,B,A,H,H,A,A,H,B,H,H,H,H,B,H,A,H,B,H,H,A,A,B,H,H,H,-,A,B,H,B,B,H,A,A,B,A
M03_049,H,A,H,A,B,B,H,H,H,H,H,H,H,H,H,H,H,H,H,H,H,B,A,H,H,H,H,B,H,B,B,H,B,H,H,B,H,A,H,H,A,B,H,B,A,H,A,H,H,B,H,H,H,A,H,A,-,B,H,H,A,H,B,B,H,H,H,B,B,H,B,B,H,B,H,H,A,H,B,H,A,H,H,H,H,A,B,B,H,H,B,H,H,H,H,H,B,H,B,H,H,H,H,B,H,B,H,H,B,-,H,A,B,H,B,B,A,A,H,H,A,A,H,A,B,B,B,A,-,H,B,H,H,A,H,H,-,H,H,H,H,B,H,H,B,B,H,-,B,A,B,A,B,H,B,H,B,A,H,A,B,H,H,H,B,H,H,H,B,A,-,A,H,H,H,B,H,B,H,A,H,-,A,H,A,H,H,B,H,H,B,H,B,H,B,B,B,A,H,H
M03_050,H,H,A,H,H,B,B,A,B,A,H,A,B,H,H,H,A,H,H,A,B,H,H,A,A,H,H,H,H,H,H,B,H,H,H,A,A,H,B,B,H,H,H,H,A,H,H,A,A,H,H,H,A,A,H,A,H,A,H,H,H,A,A,A,B,B,A,H,H,A,H,A,H,H,H,B,B,B,H,A,H,B,H,B,A,H,A,H,B,H,B,H,H,B,A,B,A,H,H,B,H,H,B,H,B,H,A,H,A,A,H,A,H,H,H,H,B,A,H,H,H,H,B,B,H,A,H,B,H,B,H,-,B,H,A,H,B,B,A,H,B,H,B,B,B,A,A,A,B,H,A,-,H,B,H,H,A,B,A,H,A,A,A,H,H,A,H,B,A,A,H,B,H,B,H,H,A,H,A,H,A,H,B,H,A,H,H,A,H,H,H,B,A,A,H,B,H,A,H,H
M04_001,H,H,B,A,H,H,B,H,H,H,H,B,B,H,H,B,A,A,H,H,B,H,H,H,B,H,A,B,H,A,H,A,B,H,B,H,B,A,A,A,H,A,H,H,H,H,A,B,H,B,H,B,H,B,A,H,B,A,H,B,H,A,H,A,B,A,A,H,H,-,A,A,H,B,H,H,H,H,H,H,B,B,B,H,H,A,H,H,B,A,B,H,H,H,B,B,H,A,B,H,H,A,A,A,B,A,A,H,H,A,-,A,H,A,H,A,A,H,A,A,H,H,H,A,B,B,B,H,B,A,A,A,B,H,B,H,B,B,B,H,-,B,H,-,H,H,B,A,H,A,-,H,B,A,B,B,H,A,A,H,A,H,B,A,H,B,B,B,B,H,B,B,H,H,H,H,A,H,H,H,A,B,A,A,H,H,A,H,B,H,H,A,H,B,H,B,H,H,B,B
M04_002,B,H,B,H,B,A,H,B,A,H,B,H,H,H,H,A,A,A,H,A,H,H,B,A,H,H,B,H,B,A,H,H,B,H,H,A,H,H,A,A,B,H,B,B,B,B,B,H,A,H,H,A,H,H,B,H,H,H,H,B,A,H,H,H,H,H,A,H,B,H,A,-,A,B,H,B,H,B,H,-,A,H,H,H,B,A,H,B,H,B,H,H,A,B,B,-,H,B,H,H,B,A,A,H,B,H,H,B,H,A,H,B,A,H,A,H,H,H,H,B,H,B,H,A,H,B,H,B,A,H,H,H,H,H,H,H,A,H,H,H,H,B,H,B,H,H,-,H,H,H,A,H,B,H,H,B,H,A,B,-,H,A,-,A,H,A,A,B,B,B,B,H,B,H,H,H,A,B,-,A,A,A,B,B,H,H,A,B,A,B,H,B,H,H,H,B,B,H,H,B
M04_003,B,H,A,A,B,A,A,A,H,H,H,A,B,B,A,A,H,B,B,H,B,A,A,H,B,H,B,B,H,A,A,B,A,A,B,B,A,B,A,H,H,B,A,H,A,B,H,H,A,H,H,B,H,B,H,H,H,H,B,H,H,A,A,H,H,B,A,A,H,B,H,H,H,A,H,B,B,H,A,H,B,A,B,B,H,H,H,H,A,A,A,B,H,H,B,H,H,H,H,H,B,B,A,B,B,A,A,H,H,H,H,H,A,-,H,H,H,B,A,A,A,H,H,H,H,H,H,H,H,A,B,H,H,H,B,A,A,H,H,A,B,H,B,H,B,-,H,B,A,B,H,B,H,B,A,H,H,-,A,H,H,A,H,B,H,H,B,A,H,H,B,H,H,A,H,B,A,A,B,H,H,B,B,B,B,H,B,H,B,B,A,A,H,B,B,H,H,B,H,A
M04_004,H,B,B,H,A,H,B,H,H,A,B,-,A,B,B,H,H,H,A,A,H,A,B,A,H,H,H,H,B,H,H,H,A,H,-,B,B,-,A,H,B,A,H,H,H,A,A,H,A,A,A,H,H,H,H,A,H,A,H,A,B,A,B,B,H,B,A,A,H,A,H,H,A,H,A,H,B,H,H,H,B,A,B,H,H,B,B,H,A,H,H,H,A,H,H,H,B,A,A,H,B,B,B,A,B,B,A,H,H,H,B,A,H,A,H,B,A,H,B,-,H,A,H,B,B,A,H,A,A,H,A,A,H,H,B,H,H,H,H,H,A,B,H,A,H,B,A,A,B,A,A,H,H,H,H,B,B,B,H,A,B,A,B,A,B,B,H,A,-,H,A,H,H,H,H,H,A,H,B,H,A,B,A,A,H,A,A,B,H,B,A,B,H,A,H,B,A,H,H,B
M04_005,H,A,A,H,B,H,H,A,H,H,H,B,A,H,B,A,H,H,H,A,A,H,A,H,H,H,H,B,H,H,B,H,B,A,B,H,B,B,H,H,H,A,B,A,B,H,H,A,H,H,H,A,B,A,B,H,H,A,H,H,A,A,A,A,A,A,H,H,H,A,H,H,H,H,-,H,H,H,B,B,H,B,H,H,A,H,B,B,H,H,-,B,H,H,H,B,B,A,A,B,B,H,H,B,B,B,A,H,A,B,A,H,H,B,H,A,H,H,H,B,H,H,H,B,B,H,B,H,H,B,H,H,B,A,H,H,A,B,H,H,B,H,H,B,B,B,A,A,H,A,H,H,H,H,H,H,A,H,H,B,B,H,H,A,A,B,A,H,A,A,B,H,H,A,H,H,H,B,A,H,H,B,A,A,H,A,-,H,H,B,A,B,B,B,B,B,B,H,H,B
M04_006,H,A,B,H,B,A,H,A,B,A,B,A,A,A,H,H,A,H,A,B,A,H,H,B,B,B,A,B,B,B,H,B,H,H,H,H,H,H,B,H,H,-,B,H,A,B,A,A,H,H,A,H,B,H,A,B,H,H,A,H,H,B,H,H,B,B,A,B,H,-,H,H,A,H,H,A,H,-,H,H,B,H,A,H,A,B,B,-,H,H,H,B,H,A,B,A,B,H,H,A,H,B,H,B,H,B,B,H,H,B,A,B,H,H,A,B,H,B,H,H,B,B,B,H,H,H,H,A,H,B,H,B,A,B,H,B,H,B,H,H,A,H,B,A,H,A,B,B,H,A,H,A,H,H,H,A,A,A,H,H,A,H,B,H,B,H,A,H,H,H,H,B,H,H,A,A,H,H,-,H,A,H,A,H,B,H,B,B,H,A,H,A,H,B,H,B,B,B,H,B
M04_007,H,-,B,B,H,B,H,H,A,H,H,A,H,A,A,H,H,H,H,H,A,H,B,A,H,A,H,H,B,H,H,H,A,B,H,A,H,H,A,H,H,H,A,B,A,H,H,A,A,A,A,A,H,H,H,A,B,A,-,A,A,H,H,H,H,B,H,H,A,A,H,H,H,A,B,B,H,B,B,B,H,B,A,H,H,H,A,B,-,A,H,B,B,H,A,A,A,A,H,H,A,B,H,B,H,H,H,H,H,H,B,B,H,A,B,H,H,H,A,A,A,A,H,A,B,H,H,A,H,A,H,B,H,A,B,H,A,H,B,H,B,A,A,H,A,H,A,H,H,H,H,B,H,-,H,B,H,H,H,A,B,-,H,B,H,B,B,H,A,H,H,B,A,A,-,H,B,A,A,H,B,B,-,A,H,B,B,H,H,B,H,A,H,B,H,B,H,A,A,B
M04_008,H,A,B,H,B,H,A,H,B,A,B,A,H,H,B,H,H,B,A,A,A,H,H,B,H,A,B,H,B,H,A,H,A,A,H,A,A,H,H,H,-,H,H,H,H,A,H,-,H,A,A,B,H,H,-,B,A,H,H,H,A,A,B,H,B,H,B,B,H,H,H,H,H,B,A,H,H,A,H,B,H,B,H,H,H,A,H,H,B,H,A,H,H,A,A,B,H,A,H,H,A,B,H,A,B,B,H,H,B,H,H,H,H,H,H,A,B,A,H,H,H,H,H,A,H,B,B,H,H,A,H,H,A,B,B,A,-,B,A,H,H,A,H,B,H,H,H,B,B,A,B,A,A,-,H,H,H,A,H,H,H,A,A,B,B,A,A,H,B,H,B,H,B,A,B,H,B,H,H,B,H,H,H,B,B,A,H,B,H,B,B,B,H,B,B,B,A,A,H,H
M04_009,H,A,H,B,B,B,H,H,H,H,H,H,A,H,A,A,H,A,H,H,H,B,H,-,B,H,A,H,H,H,A,B,A,B,B,B,B,-,H,A,B,H,H,B,A,A,H,H,H,H,B,A,H,H,H,H,A,A,A,H,A,H,A,B,B,H,H,B,H,B,A,-,H,A,B,B,H,B,A,H,A,A,B,H,A,H,A,H,A,B,H,H,H,H,-,H,H,B,A,B,A,A,A,A,H,B,A,H,H,H,H,B,A,B,H,H,H,H,A,A,H,B,A,H,H,B,H,A,B,A,H,H,H,B,B,B,B,H,A,B,H,A,H,B,A,B,H,A,B,B,H,H,H,B,A,A,H,H,H,B,B,B,H,-,H,A,H,A,H,H,B,A,H,A,B,H,A,A,H,H,H,H,H,A,H,B,H,A,B,A,H,H,H,A,A,B,B,H,A,B
M04_010,H,H,H,H,H,H,H,B,-,H,H,B,A,A,B,A,H,B,H,A,H,B,H,H,-,H,B,H,-,H,A,H,H,H,H,B,H,B,H,H,H,H,B,A,H,A,H,H,A,H,B,B,A,H,B,A,H,B,A,B,H,A,H,H,H,H,H,H,A,B,H,B,B,H,A,B,B,A,H,A,A,H,A,B,B,H,A,H,H,H,A,H,H,B,B,H,H,A,A,B,H,A,H,B,H,A,B,H,H,H,B,B,H,A,H,A,A,H,A,B,-,H,A,H,A,H,B,B,H,A,A,H,A,H,B,B,B,B,H,H,H,B,H,H,H,A,H,H,H,H,H,A,H,B,H,H,H,B,H,A,B,B,B,H,B,H,H,B,B,H,B,A,A,H,H,A,H,A,H,B,H,H,B,H,B,H,B,B,H,H,H,H,H,H,H,H,B,B,A,A
M04_011,A,A,A,B,B,H,H,H,B,B,A,-,A,H,H,H,B,H,B,A,A,H,A,B,A,H,A,H,B,B,H,B,H,H,B,H,H,H,H,A,A,B,H,H,B,H,H,B,B,H,H,H,H,H,H,A,-,H,B,A,A,-,H,A,A,H,B,A,H,H,A,A,H,B,H,H,H,B,A,H,B,-,H,H,H,H,H,H,B,H,-,B,B,H,H,H,A,A,H,A,H,H,H,A,A,A,A,-,H,H,A,H,H,A,B,B,A,H,H,H,B,A,H,H,H,B,A,A,H,A,A,H,A,H,H,A,H,A,B,H,H,B,H,H,B,A,B,A,A,B,A,H,-,B,H,B,H,A,H,H,H,H,H,H,B,H,H,B,H,B,A,H,A,A,H,H,B,H,H,H,H,B,H,A,H,H,H,B,H,H,H,-,H,H,H,H,B,A,H,B
M04_012,B,H,B,A,A,B,-,A,A,A,H,B,H,H,H,B,A,H,B,A,B,H,A,A,H,H,H,A,H,H,H,H,H,A,A,A,A,A,H,H,H,H,A,B,A,H,B,H,A,H,A,H,H,H,A,B,H,A,H,H,H,A,A,B,A,A,B,H,H,H,H,H,B,A,A,A,H,H,A,H,A,H,B,H,A,H,A,H,H,B,H,H,B,H,A,-,H,H,A,A,H,A,B,H,H,H,H,B,H,H,H,B,B,B,A,H,A,H,H,H,H,H,B,A,H,H,H,A,B,H,B,B,H,B,B,B,B,B,H,A,B,H,H,H,H,H,A,A,H,H,H,B,B,A,A,H,H,A,H,B,B,H,A,H,A,A,H,H,A,B,H,H,B,H,B,H,A,H,H,A,H,A,H,H,H,H,B,H,B,A,H,H,B,-,B,A,B,A,A,A
M04_013,H,H,A,A,H,B,H,H,H,B,B,H,H,B,B,A,H,B,H,H,H,H,H,B,H,B,B,H,B,H,H,H,H,A,H,H,H,B,B,A,H,A,H,B,B,A,H,A,H,B,H,B,H,H,A,A,B,B,B,A,B,A,A,H,H,B,H,A,A,H,A,H,H,A,B,H,H,H,H,H,A,B,A,B,-,B,H,H,A,A,B,B,-,H,A,H,H,A,H,H,A,A,H,A,B,H,A,B,-,H,H,A,H,H,H,H,H,B,H,H,H,A,B,B,A,B,H,H,A,H,H,A,H,B,H,H,H,A,B,B,H,A,A,A,H,A,H,H,A,H,A,B,H,H,A,B,H,H,A,H,H,B,B,H,B,A,H,H,A,B,A,B,-,H,A,A,A,H,H,H,B,H,A,B,H,H,-,B,B,A,H,A,B,A,A,B,B,H,A,-
M04_014,B,H,A,A,B,H,H,H,H,B,H,H,A,A,B,B,H,A,A,B,H,B,H,B,B,A,B,A,A,-,H,H,H,A,A,H,H,H,H,B,H,A,H,-,H,H,H,A,H,A,H,H,H,H,A,B,H,H,A,A,H,H,A,-,H,H,H,B,A,H,A,H,H,A,H,B,A,H,B,H,H,B,A,A,B,B,A,H,H,B,H,B,B,B,H,H,A,H,H,H,H,H,B,H,A,H,B,B,A,H,B,A,H,H,H,-,A,H,A,H,H,H,A,H,H,H,H,H,A,A,-,H,H,-,H,B,H,H,B,A,H,A,B,H,A,H,A,B,H,H,H,B,B,B,B,A,B,H,B,H,A,H,A,H,H,A,-,B,B,B,H,H,A,B,B,-,B,H,H,B,H,H,H,H,H,H,H,H,H,B,A,A,A,B,H,B,H,H,B,A
M04_015,H,H,H,H,A,A,H,B,A,H,A,H,H,B,B,H,A,A,B,H,A,A,H,A,B,H,-,H,H,H,H,H,H,B,A,-,H,H,A,H,A,A,H,H,B,H,H,H,H,A,-,A,H,B,B,B,B,H,A,H,B,H,H,A,H,H,H,B,A,B,A,B,H,H,A,H,B,A,A,H,A,A,H,A,H,B,H,A,H,H,H,H,B,H,A,H,H,B,B,H,H,H,H,A,H,H,H,H,H,H,H,H,H,A,A,A,A,H,H,A,B,H,H,A,A,H,B,A,H,-,H,H,H,B,H,B,H,B,B,H,H,H,B,B,A,H,B,H,H,A,H,B,B,A,H,B,B,H,A,H,B,H,B,H,B,B,H,B,B,B,H,H,H,H,H,H,A,B,H,H,H,A,B,H,H,H,H,H,A,H,H,B,H,A,A,H,H,A,H,A
M04_016,H,H,B,A,H,B,H,H,H,A,H,B,H,H,H,H,H,H,H,H,B,H,H,A,H,H,B,H,H,B,A,H,H,H,B,H,H,H,H,A,B,A,H,H,B,H,H,H,H,H,B,A,H,H,B,H,A,A,H,H,-,H,H,H,B,H,H,H,H,H,H,A,H,H,A,H,H,A,A,H,H,B,A,A,-,H,H,H,B,H,B,A,A,H,A,B,H,H,H,A,A,H,H,B,H,H,A,B,A,B,H,A,H,B,H,H,A,H,A,B,B,B,A,H,A,H,B,H,B,B,H,H,A,H,A,B,H,H,H,B,H,H,H,H,H,A,H,B,H,H,A,A,A,H,-,H,H,H,H,B,H,H,H,B,H,A,A,B,B,A,B,H,H,A,B,A,H,A,B,A,A,H,A,H,H,B,H,H,A,H,A,B,H,B,H,B,A,A,H,B
M04_017,H,A,H,B,A,A,B,B,H,B,A,H,H,H,B,B,H,A,H,H,A,B,A,A,H,H,H,H,H,A,A,H,H,B,H,H,H,A,H,H,B,A,H,A,H,H,B,H,B,H,A,H,H,H,H,B,B,H,H,H,A,B,A,H,H,H,H,B,A,A,H,A,H,B,B,H,B,H,B,A,H,B,H,B,A,B,H,A,A,H,B,H,B,H,B,H,A,A,B,H,A,A,H,B,H,H,B,H,B,H,B,A,H,H,-,H,H,A,H,B,H,H,A,A,H,B,B,H,H,H,H,H,B,A,B,A,H,B,H,A,A,H,A,H,H,B,A,H,H,H,A,H,H,A,B,B,A,H,H,A,H,B,H,B,H,A,A,H,H,-,H,B,B,A,H,B,B,H,B,A,A,A,A,B,H,H,B,B,A,H,H,H,H,A,H,B,B,-,A,B
M04_018,H,H,H,H,H,H,A,B,B,B,B,H,A,A,A,H,-,B,H,H,H,A,B,H,H,B,H,H,H,H,A,B,B,H,H,B,H,B,H,H,H,H,A,B,H,B,A,H,B,B,B,B,A,B,A,A,A,B,A,A,A,H,B,H,H,A,H,A,H,H,H,B,B,A,-,B,A,H,H,B,H,A,A,A,H,H,B,H,H,H,A,-,A,H,A,H,B,A,H,A,B,-,H,H,B,H,H,H,H,A,H,A,H,H,A,H,B,H,A,B,H,A,H,H,H,H,H,B,H,H,B,H,B,A,H,-,A,A,H,H,H,A,A,-,H,H,H,H,-,B,A,A,H,H,H,H,H,H,B,H,H,B,H,H,H,-,B,A,B,H,B,A,B,A,H,H,-,H,A,H,-,H,H,A,H,-,H,B,H,A,A,H,H,A,A,H,H,A,H,B
M04_019,B,B,B,A,A,H,H,B,A,H,H,H,H,A,B,H,H,A,H,H,A,H,A,H,H,B,A,A,-,A,A,A,B,B,H,H,H,B,A,B,A,H,A,H,H,H,H,H,B,A,H,A,-,H,H,H,H,H,H,B,H,H,B,B,H,H,H,H,H,B,A,H,B,A,H,B,B,H,A,A,H,A,A,B,B,B,A,A,B,H,B,B,B,H,H,H,H,H,B,A,B,A,H,B,A,H,A,B,B,B,B,H,-,H,H,H,B,A,A,H,A,H,H,H,A,B,A,H,H,A,A,A,H,-,H,H,H,A,A,B,A,B,A,H,B,H,H,H,H,A,B,-,H,B,H,H,B,H,H,B,H,A,H,H,A,H,H,A,H,H,H,H,A,H,A,-,H,H,A,H,B,A,H,H,A,B,-,A,B,H,A,H,A,H,A,H,H,H,A,H
M04_020,A,H,A,H,H,H,-,H,H,H,B,H,H,B,B,H,A,H,H,H,H,H,H,H,A,A,H,H,B,A,A,H,H,H,H,A,A,A,H,B,H,A,H,B,A,H,A,A,H,B,H,B,H,B,A,A,H,H,H,H,H,H,H,B,H,H,A,B,H,A,A,H,H,H,H,H,B,A,H,H,H,A,A,A,H,H,A,H,-,B,A,H,B,B,H,H,B,H,H,A,A,H,B,B,B,H,H,H,H,H,B,H,A,B,A,H,B,H,-,H,B,A,H,H,H,H,B,H,B,H,H,H,B,A,H,H,H,B,H,B,H,B,H,H,H,H,H,H,A,H,-,H,H,B,H,H,A,H,-,A,A,H,B,H,B,B,A,A,H,H,H,A,-,A,B,B,A,A,A,B,B,H,H,H,H,H,-,B,A,B,H,-,H,B,H,B,B,H,B,B
M04_021,H,H,B,B,H,B,B,A,H,A,A,H,B,A,B,H,B,-,B,B,B,A,H,A,H,A,A,B,H,B,A,H,H,A,-,H,A,H,H,A,H,H,B,H,B,B,H,H,A,-,H,B,H,B,B,B,H,-,B,B,A,B,H,A,-,B,H,B,A,H,B,H,H,-,B,A,H,A,H,H,B,H,H,B,H,H,B,H,A,H,H,H,B,H,B,A,B,B,B,H,H,H,B,B,A,B,B,H,A,B,H,B,B,A,H,H,B,H,A,B,A,H,H,H,H,H,B,A,-,H,H,H,A,B,-,H,H,A,A,A,A,A,H,H,H,A,B,B,B,H,H,A,B,A,H,H,H,H,A,H,B,B,H,H,A,A,H,H,H,H,A,H,A,B,A,H,-,A,A,-,A,H,B,H,H,B,H,B,A,H,H,B,A,H,A,B,H,B,H,A
M04_022,H,H,B,H,B,A,H,H,H,A,H,A,B,B,H,H,A,A,B,H,-,B,H,A,B,H,B,H,A,A,H,H,H,H,H,A,H,H,H,H,A,H,H,H,B,A,H,A,B,B,H,B,A,A,H,H,H,-,-,H,A,A,H,H,A,A,H,A,B,A,A,H,B,H,H,A,H,A,H,H,H,A,B,H,B,H,H,A,H,H,B,H,B,H,H,B,H,H,H,H,B,H,A,B,B,H,A,H,A,-,A,H,A,H,H,H,A,A,H,H,H,A,H,H,H,H,B,B,B,H,B,A,H,H,H,H,A,B,H,B,A,H,H,H,H,A,A,H,H,A,H,H,H,A,H,H,H,-,H,H,A,H,A,B,B,H,H,A,B,B,H,H,H,-,A,H,A,A,A,H,H,A,B,H,H,A,H,-,H,B,H,-,A,H,A,H,B,B,A,H
M04_023,A,A,A,H,H,H,H,B,A,A,H,H,A,B,-,H,H,H,H,H,H,B,H,H,H,H,A,B,H,A,A,B,B,H,H,B,A,H,H,H,A,H,H,B,H,B,B,H,A,H,B,A,H,A,A,H,H,H,B,A,A,B,H,H,H,B,H,B,H,H,B,H,A,H,H,-,H,A,-,H,A,A,-,H,H,A,H,H,A,H,H,H,A,A,B,B,H,B,H,A,H,H,H,H,B,B,B,B,B,H,A,H,H,H,B,B,H,H,B,A,A,B,H,H,B,H,H,H,-,H,B,A,A,H,A,B,A,H,H,B,H,H,B,A,H,B,H,H,A,A,A,B,B,H,H,A,H,H,H,B,H,H,B,H,H,H,H,H,B,H,B,A,B,B,H,B,H,A,A,H,B,A,H,B,A,A,H,H,A,A,A,H,H,H,H,B,B,B,H,B
M04_024,-,H,A,H,A,H,H,H,B,H,H,H,H,H,B,H,H,H,B,B,H,H,H,B,H,A,H,H,-,A,A,H,B,B,H,B,H,H,A,H,B,B,H,B,B,A,B,H,B,A,A,H,A,A,H,B,H,B,B,H,H,A,H,H,A,H,H,H,H,B,A,A,H,A,B,H,H,H,H,H,A,A,H,A,B,H,A,A,H,A,A,-,H,B,B,A,A,H,B,B,A,H,H,B,A,H,H,A,H,A,H,H,B,H,A,H,H,H,H,H,H,A,H,H,B,-,A,H,H,A,B,A,H,B,H,H,A,A,H,H,H,B,H,H,H,H,H,H,B,H,H,H,A,B,H,H,B,B,H,B,H,H,A,A,A,H,A,H,H,H,A,-,H,-,A,B,H,H,A,B,H,B,H,A,H,H,-,A,B,A,H,H,H,A,H,A,H,H,B,-
M04_025,A,H,H,H,B,B,H,H,B,A,H,H,H,B,H,H,B,H,-,H,A,A,H,-,A,B,B,H,B,B,H,H,B,H,A,H,H,B,H,B,B,H,H,A,H,B,H,B,H,H,A,H,H,H,A,H,H,-,H,H,B,-,H,H,H,A,H,A,A,H,H,A,B,B,B,H,A,A,H,A,B,B,B,H,H,B,B,H,A,A,H,H,B,H,H,A,H,H,H,H,B,-,H,-,B,A,B,A,H,A,H,H,H,H,H,H,B,H,H,B,H,H,H,A,-,B,A,H,H,H,H,B,H,-,H,H,-,B,H,H,H,-,B,H,H,A,H,H,H,H,A,H,H,H,H,H,A,H,H,B,A,H,H,B,B,B,H,H,B,B,B,H,H,H,H,B,B,H,-,B,A,A,H,A,H,H,A,-,H,H,A,B,H,H,H,H,H,H,B,B
M04_026,H,A,H,A,H,H,B,B,H,H,H,A,B,H,A,B,A,A,H,H,H,H,A,H,H,B,A,H,B,B,B,A,H,H,B,A,A,H,A,H,B,H,H,B,A,H,H,A,A,H,B,B,H,A,A,H,A,A,H,H,H,B,B,H,A,B,H,A,H,H,H,H,H,H,H,A,A,H,H,H,H,A,H,B,A,H,B,A,B,H,H,A,H,H,H,B,H,H,A,A,B,A,H,H,B,H,B,H,B,A,H,A,H,H,A,A,H,A,H,A,H,-,H,H,H,B,H,H,H,A,B,B,H,B,A,H,B,H,A,H,A,B,A,H,H,A,B,H,H,H,H,B,H,H,A,B,H,H,H,H,B,H,B,H,H,B,A,H,H,B,A,A,-,H,H,H,B,H,A,B,H,A,H,B,H,H,A,B,H,B,H,H,A,A,A,A,H,H,H,H
M04_027,B,B,A,H,A,A,H,H,B,H,A,B,A,A,H,B,H,H,B,H,B,H,B,B,H,H,B,H,H,B,H,A,H,H,A,H,B,A,A,B,H,A,B,H,H,H,A,B,H,H,B,A,A,A,A,H,H,A,A,A,B,H,H,H,H,A,B,B,H,H,H,H,A,H,A,A,H,B,B,A,A,H,B,B,B,H,A,A,A,H,A,H,H,A,B,H,B,B,A,H,A,B,H,B,A,H,B,H,A,H,A,-,H,H,B,H,H,A,A,-,A,H,H,B,-,A,A,B,H,B,A,A,A,B,A,H,H,H,A,H,A,B,A,A,H,B,H,H,A,A,H,A,H,B,B,A,H,B,B,A,H,B,H,B,H,A,A,A,A,B,H,H,H,H,A,B,H,H,B,H,B,B,A,A,B,H,A,H,H,B,B,B,B,A,H,A,A,B,H,B
M04_028,A,B,A,A,H,H,H,B,H,H,A,H,H,H,H,B,A,H,H,A,B,H,H,H,B,H,H,A,A,A,B,H,-,-,H,B,A,H,B,B,B,B,H,A,H,B,H,H,H,H,A,H,H,H,H,A,H,H,H,H,H,H,B,B,B,H,H,A,H,H,H,H,A,A,B,H,H,B,H,A,A,H,H,B,H,B,A,A,B,A,B,H,A,H,H,B,H,H,A,H,A,A,B,H,A,H,B,A,A,-,A,H,H,H,H,B,H,B,H,B,H,H,B,A,H,H,B,H,H,H,B,H,B,A,A,H,H,H,A,A,H,A,A,B,H,H,B,H,B,H,H,H,H,H,A,B,H,A,H,B,H,A,B,B,-,B,H,B,H,B,B,A,A,H,A,H,B,-,H,H,H,A,H,B,B,B,B,H,H,H,A,H,A,H,H,H,H,H,H,B
M04_029,A,H,H,B,H,H,A,H,H,B,H,A,H,A,B,B,H,A,B,A,H,B,H,A,A,B,A,H,B,B,H,A,H,H,H,B,A,A,H,H,H,B,H,H,H,H,H,H,A,H,H,H,H,H,H,B,H,H,A,H,B,H,H,H,A,H,H,H,B,H,H,H,B,H,A,H,H,A,A,A,B,H,H,H,H,H,-,A,H,H,H,H,H,H,H,A,H,B,B,B,A,A,H,A,A,H,H,H,B,A,A,A,B,H,A,A,H,H,B,H,A,B,H,H,H,B,A,H,A,B,H,A,H,H,B,H,B,H,A,-,H,H,B,H,A,B,H,H,A,H,H,H,H,B,H,H,B,H,H,H,H,H,-,H,A,B,B,H,A,H,H,B,H,A,B,H,H,A,B,A,H,H,B,A,H,A,B,H,H,A,H,H,H,B,A,H,-,B,H,H
M04_030,H,A,A,H,B,A,A,H,A,H,A,A,H,B,H,B,H,B,H,B,H,H,H,H,A,B,H,H,A,A,H,H,B,A,B,H,B,A,H,H,H,A,H,A,H,H,H,B,H,H,H,H,B,B,B,B,B,H,B,B,A,A,A,B,H,A,H,A,B,B,B,A,B,H,H,H,H,B,H,B,H,H,H,H,B,H,H,B,H,A,H,H,B,A,H,A,A,H,A,H,H,A,H,A,B,A,A,H,B,B,H,A,H,B,H,H,A,A,H,A,A,A,H,A,H,B,A,H,B,H,A,A,H,H,A,B,H,H,B,A,H,A,H,A,H,A,H,A,A,A,A,H,B,B,B,A,A,H,B,H,H,A,A,H,H,A,B,B,B,B,A,B,H,-,A,H,A,A,B,B,H,H,H,H,B,H,H,B,H,H,B,B,B,H,H,A,A,H,A,H
M04_031,B,B,A,H,B,H,B,B,H,H,H,H,H,B,B,H,B,H,B,A,H,H,H,A,B,H,B,H,A,H,B,H,A,B,A,H,H,H,H,B,B,H,H,A,A,H,H,A,H,H,B,H,H,H,H,H,H,H,H,B,H,H,B,A,H,B,H,H,H,A,H,A,H,H,H,H,A,H,H,A,B,H,H,A,A,H,A,A,H,B,H,B,A,A,A,B,H,H,H,H,H,H,B,H,H,H,B,H,A,B,H,B,H,H,A,H,H,H,H,B,H,A,B,-,H,B,A,A,H,A,B,B,H,B,A,H,-,B,H,A,A,H,H,A,H,B,H,A,B,H,B,A,H,H,H,H,A,H,H,A,-,B,B,H,A,H,B,A,H,H,A,H,B,H,H,H,A,H,B,H,H,H,H,H,B,H,B,B,B,B,H,H,H,H,B,A,A,B,A,A
M04_032,H,B,H,B,A,B,H,A,H,A,H,H,A,B,H,B,B,A,H,H,B,B,H,A,H,B,H,B,H,A,B,B,A,A,H,B,H,A,H,H,H,H,B,-,H,H,H,H,H,H,B,B,H,B,-,B,A,-,-,H,H,H,H,B,B,A,A,H,H,H,B,B,A,H,B,B,H,A,A,B,H,H,A,A,H,H,H,A,H,B,A,-,A,A,H,B,H,H,H,A,A,B,A,H,B,A,H,A,A,A,H,H,H,B,A,H,H,A,-,H,B,B,A,B,B,H,A,B,H,B,H,H,A,B,H,A,H,H,H,H,H,H,A,-,A,A,H,H,A,H,A,H,H,H,H,H,H,B,A,A,H,H,H,H,H,B,H,H,A,A,A,H,B,B,H,B,H,H,A,H,A,H,B,A,A,A,H,H,H,H,H,H,B,H,H,H,H,A,H,H
M04_033,H,A,A,H,A,B,A,H,H,B,H,A,H,H,H,H,A,B,A,H,B,H,H,A,B,A,H,B,A,H,B,H,H,B,H,H,H,A,A,A,A,A,H,A,B,B,H,H,H,H,H,B,A,H,H,H,A,H,H,H,H,A,A,A,A,H,A,A,H,B,H,H,B,H,H,H,H,H,B,H,B,H,H,H,B,A,H,B,H,A,A,H,B,H,H,A,H,H,H,B,B,A,H,A,A,A,H,H,H,B,A,H,-,A,B,-,B,H,A,A,B,A,B,H,A,H,A,A,B,H,H,A,A,H,H,B,H,B,A,A,A,B,B,-,A,H,B,B,A,H,B,H,H,H,A,B,B,H,A,H,H,A,H,H,A,H,A,B,B,H,H,H,H,B,A,H,H,H,H,B,H,-,B,H,B,A,B,A,B,A,H,H,H,H,B,H,H,A,B,H
M04_034,B,H,A,H,H,H,B,A,H,B,A,A,H,H,H,H,B,B,H,H,-,B,H,B,H,A,H,A,B,H,A,H,B,H,H,H,B,H,B,B,B,B,H,A,A,A,A,A,H,A,H,B,H,B,A,H,H,H,H,A,A,H,B,H,H,H,A,B,B,A,A,H,A,B,B,H,A,B,H,H,-,A,H,H,A,A,H,H,H,H,A,H,-,H,H,A,A,B,A,A,A,H,B,A,H,A,H,A,A,H,B,H,H,A,H,H,B,B,H,H,H,H,H,A,H,A,H,H,B,B,B,A,H,H,B,H,A,H,B,B,H,B,A,H,H,A,A,B,H,B,A,H,H,B,H,H,A,B,A,A,H,H,A,A,B,A,A,A,B,A,B,B,H,H,H,H,B,B,H,H,A,H,H,A,A,A,H,B,H,H,A,A,A,H,H,B,H,H,-,A
M04_035,A,H,H,A,H,H,A,H,B,H,H,A,B,B,H,A,H,H,A,H,A,A,H,H,-,H,B,A,H,H,H,-,A,B,B,B,B,H,B,H,B,A,B,A,A,H,H,A,B,H,B,B,H,H,A,H,H,H,H,A,H,A,B,A,H,-,B,H,A,H,B,B,-,H,A,A,-,A,B,B,A,A,H,H,B,B,H,H,B,A,B,A,H,A,H,H,H,B,H,H,B,B,A,B,B,H,H,H,H,H,H,B,H,A,H,H,H,H,A,B,H,B,H,H,H,H,B,H,H,A,H,B,B,H,B,H,H,H,H,H,H,B,A,A,A,H,H,A,H,H,B,B,H,A,A,B,-,A,H,B,H,H,A,H,-,B,H,H,H,-,A,B,H,H,B,B,H,A,H,B,H,B,A,H,H,H,B,H,A,H,H,H,B,A,H,A,A,H,B,A
M04_036,A,H,H,H,B,A,H,H,H,H,B,H,A,H,H,A,H,B,H,H,B,H,H,H,H,A,H,A,B,A,A,H,B,H,B,H,H,B,A,B,B,B,B,B,A,H,H,A,H,A,A,B,B,B,B,H,B,H,B,A,B,H,H,H,B,B,A,A,A,-,H,H,H,B,H,H,A,B,B,H,H,A,B,H,H,A,A,A,A,A,A,H,H,H,H,H,H,H,B,B,H,A,B,B,A,A,B,H,B,A,B,A,H,B,A,A,B,A,A,H,H,H,B,H,H,H,B,H,B,B,H,H,H,A,A,B,H,H,H,B,A,H,H,B,H,B,H,B,B,H,H,H,B,H,H,H,H,A,A,A,A,H,B,H,A,H,B,H,B,A,A,H,H,B,B,H,H,H,B,H,A,H,B,A,A,H,B,H,A,H,A,A,H,H,H,A,H,B,H,H
M04_037,A,A,B,H,H,B,H,B,H,A,B,B,A,B,H,H,A,H,A,H,A,H,H,B,A,B,H,B,H,B,H,H,H,B,B,H,A,B,B,H,-,-,B,H,H,H,H,H,B,B,H,B,H,-,B,B,A,H,H,H,H,B,H,H,A,H,H,A,A,H,A,A,B,B,H,H,B,A,H,H,B,B,H,H,H,B,B,-,B,A,H,A,A,H,B,H,H,A,H,H,H,H,H,H,H,A,H,H,H,H,B,H,H,B,H,A,H,A,A,B,B,B,H,B,H,B,H,H,A,H,H,H,H,H,H,H,A,A,B,H,A,B,A,H,B,H,B,B,B,H,H,H,B,B,B,H,H,H,A,B,H,H,B,A,B,A,B,H,A,H,B,H,H,B,A,B,H,H,H,H,A,H,H,H,H,H,H,B,H,A,H,H,A,H,B,H,-,B,A,H
M04_038,H,A,-,H,A,H,B,B,H,A,H,H,B,B,H,A,B,B,H,H,H,B,A,B,A,B,H,A,A,H,A,H,H,A,H,H,H,H,H,H,A,A,A,H,H,H,B,-,H,A,H,H,B,B,B,B,H,H,B,B,H,H,B,-,A,H,A,H,B,H,B,B,B,B,H,H,B,H,H,H,H,B,H,H,H,H,A,B,A,B,B,H,B,H,A,H,H,H,H,B,H,H,H,H,A,H,B,H,A,H,H,B,B,H,H,H,A,H,H,-,A,H,H,B,A,H,A,H,A,A,A,H,H,B,A,A,H,H,H,H,B,H,H,A,A,B,H,H,B,H,H,H,H,B,A,H,H,A,H,H,A,H,H,H,B,B,B,H,H,B,B,H,H,H,B,B,B,A,H,H,B,B,H,H,A,H,H,B,B,-,H,H,H,B,B,H,H,A,H,H
M04_039,A,B,H,B,A,B,B,A,H,B,H,H,B,A,H,H,H,H,H,H,H,H,H,B,H,B,A,H,A,H,A,H,B,-,A,B,H,H,A,H,A,H,H,B,H,H,H,B,H,A,H,A,A,H,H,B,A,B,H,A,B,B,H,H,B,H,A,A,H,H,H,A,B,H,H,A,B,H,H,B,B,A,B,H,A,A,H,H,H,A,B,B,H,B,B,A,B,B,A,B,A,H,B,B,H,H,H,H,H,H,B,H,H,A,H,-,-,A,A,H,H,-,A,B,A,B,-,A,H,B,H,A,H,-,B,B,A,H,H,B,H,B,H,H,H,B,H,B,H,H,-,A,H,H,A,A,H,H,H,H,A,A,B,A,H,H,B,A,B,H,A,H,H,H,H,B,H,H,B,B,A,H,H,A,H,A,H,H,-,H,H,H,H,B,B,B,A,H,H,H
M04_040,A,H,B,H,H,A,H,H,A,B,B,H,B,H,H,A,H,A,A,H,A,H,H,H,A,A,H,H,A,H,B,A,H,H,B,A,H,B,H,H,A,B,B,H,A,A,H,H,H,H,B,H,H,B,H,B,A,H,B,H,H,A,H,H,A,B,B,B,H,-,B,H,H,H,H,A,A,H,H,B,H,H,H,A,A,A,H,A,A,B,A,A,B,H,-,A,H,H,A,A,B,H,H,H,A,H,B,A,B,A,-,A,H,H,H,H,H,H,A,H,A,H,B,A,B,B,H,A,B,B,A,B,B,H,B,H,H,H,A,H,A,H,B,A,H,H,A,B,H,H,A,A,A,A,H,H,A,A,H,B,H,A,B,B,H,H,H,B,H,-,A,H,B,B,H,B,H,H,H,H,H,H,H,A,A,B,A,A,-,H,H,A,A,B,B,A,H,H,H,H
M04_041,H,H,H,A,H,B,H,H,B,B,-,H,H,A,H,B,H,A,A,H,H,H,H,A,H,H,H,H,A,B,H,B,A,A,H,B,B,B,A,B,B,A,H,H,A,H,B,B,B,H,H,H,H,A,H,H,A,A,B,H,H,B,H,A,H,A,A,B,H,-,H,A,H,A,H,H,A,H,A,H,H,H,B,H,B,H,B,H,H,B,H,B,H,H,H,A,H,B,B,H,H,H,A,A,-,H,B,H,A,H,H,H,H,H,B,H,B,H,H,-,H,A,A,B,H,H,A,A,B,B,H,H,B,H,B,A,H,B,H,H,H,A,B,A,H,B,B,B,H,H,H,A,A,H,A,B,H,H,H,B,B,A,B,H,H,B,A,H,H,A,A,A,H,A,H,H,B,H,B,A,H,A,H,H,H,H,A,H,B,A,B,A,H,B,A,H,H,H,B,H
M04_042,B,A,H,H,B,A,B,-,H,H,B,H,H,H,H,A,B,H,B,H,H,H,H,H,B,A,B,H,B,A,A,H,-,B,A,A,A,A,H,H,H,A,-,A,H,B,B,B,B,H,H,B,H,H,H,B,B,H,B,B,A,B,B,A,H,H,H,B,H,H,B,B,A,B,A,H,B,B,H,A,A,B,A,A,B,H,H,A,B,B,A,-,H,B,H,H,H,H,B,H,B,H,A,H,H,H,B,H,B,H,A,A,B,A,A,A,H,H,A,H,H,B,B,H,H,A,B,H,H,B,B,B,B,B,H,H,B,B,A,H,A,B,H,A,H,B,H,H,H,A,A,H,H,H,H,A,B,H,A,A,A,A,H,H,H,H,B,H,B,A,A,H,A,B,A,H,H,A,H,H,-,B,H,H,H,A,A,B,H,A,A,H,A,H,A,A,H,-,H,B
M04_043,A,B,A,B,B,B,B,H,H,H,H,A,H,H,A,H,H,A,H,B,B,H,-,A,A,H,B,B,B,H,A,H,H,H,H,H,B,H,B,A,H,A,H,A,A,B,H,B,A,A,H,H,H,H,B,H,H,H,H,H,H,H,H,-,A,B,H,-,B,-,B,-,A,H,B,-,A,H,H,H,A,A,B,H,B,B,H,B,H,B,H,H,H,B,B,H,H,H,B,B,H,A,H,H,B,H,-,B,A,H,H,H,H,B,H,A,H,A,H,A,B,H,A,H,H,H,H,B,H,H,B,H,A,A,B,B,A,H,A,H,A,A,B,H,A,B,B,H,B,H,A,A,H,A,H,A,H,A,H,H,H,H,B,H,H,-,H,A,A,H,H,A,H,A,B,-,A,H,H,H,-,H,B,A,H,B,A,H,A,A,H,A,A,H,A,B,B,H,B,H
M04_044,H,A,B,B,A,H,H,H,H,A,A,A,H,H,B,H,H,A,B,H,H,A,H,H,A,B,H,H,-,H,A,B,H,B,-,A,H,A,H,H,A,A,H,-,H,B,H,B,A,H,H,B,H,B,B,H,H,H,H,H,B,B,B,H,A,H,H,B,B,A,H,H,H,H,A,A,B,A,B,H,B,B,H,H,H,A,A,H,B,H,H,H,B,A,A,B,A,H,H,H,H,B,A,A,H,H,H,B,B,A,H,A,B,H,H,B,H,A,H,H,H,H,A,H,H,B,A,A,H,H,A,H,B,H,H,B,A,H,H,H,B,H,A,B,A,H,H,B,H,H,H,B,B,A,B,B,H,H,-,H,H,A,H,A,B,H,H,B,H,B,A,H,H,A,H,H,B,H,H,H,A,B,H,H,A,H,B,B,H,A,H,H,H,H,B,H,H,B,B,H
M04_045,B,B,H,B,H,H,H,B,-,H,H,H,H,H,H,B,H,B,H,H,H,H,B,A,H,H,H,H,A,H,H,H,H,H,H,-,H,-,H,H,H,H,H,H,A,A,H,A,H,A,H,H,H,B,H,H,H,A,A,A,A,H,H,A,B,B,B,A,B,B,B,H,B,A,A,A,B,A,A,B,A,B,B,A,A,H,B,B,H,H,H,H,H,A,H,H,A,B,H,H,H,H,H,B,H,H,H,H,A,H,H,H,H,B,A,H,H,H,H,A,H,H,H,-,H,B,H,A,H,A,B,B,A,H,B,H,H,A,H,H,B,H,A,B,B,A,A,H,H,-,A,B,B,A,B,H,H,B,H,B,H,H,H,H,H,B,H,A,A,B,H,H,B,B,H,A,H,B,B,B,H,B,A,H,H,B,A,H,B,H,A,H,H,H,B,A,B,B,H,B
M04_046,A,A,B,A,A,H,A,B,-,H,H,H,A,H,A,H,H,B,H,H,H,B,B,B,A,H,H,H,B,H,A,H,H,B,H,H,H,A,B,B,H,B,H,H,B,H,H,A,H,B,H,H,H,H,A,B,B,H,A,H,A,H,A,H,H,B,B,B,H,-,H,A,A,H,H,A,H,H,H,B,A,H,A,A,B,H,H,H,H,B,B,A,B,H,H,H,B,A,B,A,H,B,H,A,H,B,H,A,H,B,H,H,B,A,H,H,A,A,B,A,H,H,A,H,B,A,A,H,H,H,A,B,H,H,A,A,B,A,A,H,H,H,H,H,H,B,H,H,H,B,A,H,H,H,H,H,A,H,B,H,A,H,B,A,A,H,H,H,B,A,H,H,B,B,H,H,H,H,A,B,H,A,B,H,A,A,H,-,B,H,B,H,H,H,H,H,-,A,H,B
M04_047,B,B,A,H,H,H,A,H,A,B,H,H,H,A,H,H,B,A,H,A,H,A,H,H,H,A,A,H,A,A,H,H,H,A,H,H,H,A,H,H,A,H,H,B,A,H,H,H,H,H,H,H,A,H,H,A,-,A,H,H,B,B,B,H,B,H,H,H,A,A,H,A,H,B,A,H,H,H,B,B,A,A,B,B,H,A,H,H,B,B,-,H,H,H,A,H,H,B,B,H,H,H,H,H,H,B,H,A,A,H,H,H,A,B,A,H,A,H,H,H,H,H,H,H,B,B,H,A,B,B,H,H,H,B,-,H,H,A,H,H,A,H,B,H,A,B,A,H,H,B,B,H,H,B,H,H,H,H,H,H,H,B,H,H,H,H,B,B,B,B,B,A,H,H,H,H,H,H,H,H,H,B,H,B,B,H,A,H,H,H,A,H,H,B,H,-,A,H,H,H
M04_048,H,H,H,B,H,A,H,A,H,H,A,B,H,H,H,H,A,A,A,H,A,A,B,H,H,A,A,-,A,A,H,A,H,H,H,A,B,H,H,H,B,H,B,H,H,B,B,A,H,H,A,B,H,H,A,H,A,H,H,B,H,A,A,H,H,B,B,B,A,B,A,H,H,H,A,H,A,A,H,B,B,H,A,A,A,B,H,B,H,H,B,A,H,B,H,A,A,B,A,B,A,H,H,H,H,B,H,B,A,A,A,A,H,H,B,A,H,B,B,B,B,H,B,H,B,A,B,H,A,A,B,H,B,A,H,H,H,H,H,A,A,A,B,H,H,H,B,A,A,H,B,H,H,H,B,H,H,H,B,H,H,A,H,H,A,B,H,H,B,A,H,H,B,B,H,H,H,B,A,-,-,A,A,A,B,B,H,H,H,B,B,A,H,H,B,H,B,B,H,B
M04_049,H,H,B,-,H,H,H,B,B,H,H,H,H,A,H,H,A,B,-,A,H,A,-,B,B,H,B,A,A,A,A,H,B,A,H,H,H,H,H,A,H,A,H,H,H,H,H,-,H,H,B,B,H,A,H,A,H,A,H,A,B,-,H,B,A,B,H,B,B,A,B,A,A,A,A,H,H,B,H,B,A,A,H,B,B,H,H,A,H,H,H,H,-,H,H,H,A,A,B,H,B,A,B,A,B,H,A,H,A,H,B,H,H,B,H,H,B,A,H,B,A,H,H,A,H,B,B,A,A,H,H,B,B,B,H,A,A,H,H,B,H,A,H,B,B,A,B,H,H,H,H,H,H,H,A,H,B,H,H,A,A,H,A,H,B,H,B,H,A,H,A,H,A,H,H,A,A,H,H,B,A,H,H,H,H,H,B,-,A,H,H,H,A,A,H,A,H,H,B,H
M04_050,H,H,B,H,H,A,H,A,H,H,B,-,H,H,B,B,B,H,A,A,B,A,H,H,A,B,H,A,B,H,B,H,H,A,H,H,B,A,H,B,H,H,H,A,A,B,-,H,-,A,H,H,B,H,A,B,H,H,B,H,H,A,B,A,B,A,B,H,A,H,A,A,A,B,A,B,A,H,B,B,A,H,A,H,H,H,H,A,A,A,B,A,H,B,H,H,H,H,H,B,B,H,A,H,H,B,H,H,H,A,B,A,H,A,A,A,B,H,H,B,H,H,H,A,H,A,H,A,H,H,A,B,B,A,B,H,B,A,A,B,B,H,B,H,A,H,A,B,B,H,H,H,A,H,H,H,B,H,H,B,A,H,A,H,B,A,B,H,A,H,B,A,H,H,H,A,H,B,B,A,H,A,H,A,A,B,A,H,B,B,A,H,H,H,B,B,B,H,H,H
M05_001,H,A,A,A,A,A,H,H,-,H,B,H,B,B,A,H,H,H,A,B,A,B,B,H,A,H,H,H,B,H,H,B,A,H,-,H,B,B,H,H,H,H,H,A,A,B,H,H,B,H,H,A,B,A,H,H,B,A,H,H,H,-,A,H,B,B,H,H,H,B,B,H,B,B,B,H,B,B,A,B,H,H,B,H,B,-,H,A,H,H,H,H,A,B,A,H,H,A,B,H,H,-,H,H,B,H,H,A,B,B,H,A,A,H,A,B,B,B,A,B,H,A,H,H,B,A,A,H,B,B,A,H,B,H,B,B,A,B,A,B,H,B,B,A,A,H,-,B,B,H,H,A,A,H,B,H,B,H,H,H,H,B,H,H,B,B,H,H,A,A,A,B,A,H,H,B,A,H,H,H,H,H,A,H,A,-,H,B,A,B,H,A,B,B,B,B,A,H,-,A
M05_002,B,H,B,H,H,A,A,B,B,H,B,H,B,A,H,H,H,H,H,H,A,H,H,B,H,A,H,A,H,A,H,A,A,B,B,H,A,B,B,B,H,A,A,B,B,H,H,H,B,H,H,A,H,H,B,A,A,H,H,H,H,B,B,H,H,A,B,B,H,A,A,-,A,H,H,-,B,H,B,A,A,H,H,A,H,H,B,H,H,B,B,-,H,H,A,A,H,B,H,A,A,H,H,H,H,B,H,H,-,B,H,B,H,H,H,H,H,H,B,H,H,A,B,B,H,B,B,B,H,H,A,B,B,B,H,H,H,H,H,A,B,H,B,H,H,A,B,B,A,A,H,H,A,H,H,H,B,-,B,A,H,A,-,B,B,B,H,B,H,A,-,H,H,A,H,H,A,H,H,H,B,H,H,B,H,B,H,A,H,H,A,A,A,H,B,B,H,H,A,H
M05_003,B,A,B,B,B,H,B,-,B,H,H,H,B,B,H,B,B,A,H,H,B,H,H,H,A,A,A,A,H,H,A,H,H,A,H,B,A,A,B,H,H,H,B,B,H,H,H,A,B,H,-,B,A,A,H,H,-,A,H,A,H,A,H,B,B,H,H,H,H,B,B,B,B,A,H,B,B,B,H,H,A,H,H,B,B,B,A,H,H,A,A,B,A,A,H,B,B,B,B,H,B,H,H,-,B,B,-,H,B,A,B,H,H,H,H,B,B,H,B,H,H,H,H,A,H,B,H,H,H,A,H,A,A,H,H,A,A,A,H,A,H,H,H,B,H,-,H,B,B,H,A,H,H,H,H,A,A,H,B,A,H,H,H,B,H,H,H,A,H,H,A,H,A,A,B,A,H,B,A,H,H,-,H,H,A,A,H,A,B,H,A,A,H,H,B,A,A,H,A,H
M05_004,H,H,H,H,H,H,H,H,A,A,A,A,H,A,H,H,H,H,H,A,-,A,H,A,H,B,-,B,-,B,B,A,A,A,A,H,B,H,A,H,A,H,H,B,H,H,A,B,H,H,B,-,H,A,H,B,A,B,H,H,H,A,A,H,H,B,H,H,A,H,H,H,B,B,H,B,H,B,H,A,B,A,H,A,H,H,H,B,A,B,-,A,H,B,A,H,A,B,H,H,B,H,B,B,H,H,A,B,H,B,H,H,A,H,A,-,A,H,H,H,A,H,B,H,B,A,B,H,H,H,H,H,H,A,H,H,H,A,A,A,A,A,A,H,H,B,-,A,A,H,A,H,H,H,B,B,B,A,B,H,H,B,B,-,H,H,H,B,H,H,H,A,B,A,H,B,H,B,B,A,H,H,H,H,H,A,H,A,A,H,H,A,B,H,B,H,A,B,H,H
M05_005,H,A,H,A,H,B,B,A,B,H,A,B,H,H,A,H,A,B,H,H,-,B,-,H,B,A,H,H,H,A,H,H,B,H,A,B,H,H,H,H,H,A,B,A,H,A,B,H,B,H,A,H,H,H,A,B,H,H,B,H,A,H,H,A,H,B,H,B,A,A,B,H,B,A,B,H,A,H,B,A,B,H,H,A,H,A,H,-,H,H,A,B,H,H,H,B,B,B,B,H,A,H,A,A,A,A,H,H,H,B,H,B,H,H,A,H,B,A,B,H,A,H,H,A,H,-,H,H,B,A,H,H,B,H,H,B,B,A,B,H,A,H,H,A,A,-,B,A,H,H,H,B,H,H,B,A,A,H,H,-,H,H,B,A,H,H,H,H,B,A,H,A,H,B,B,H,B,H,A,B,A,A,H,H,A,B,H,H,H,H,B,B,B,H,B,H,A,B,A,A
M05_006,B,B,A,B,B,B,H,H,B,H,H,H,H,B,H,A,B,A,H,-,H,B,H,A,B,H,H,H,B,A,H,H,A,B,H,B,A,B,B,H,H,B,B,H,H,B,A,H,B,B,-,A,B,H,A,H,B,A,B,B,A,B,B,-,H,H,H,B,H,B,B,H,-,H,H,H,A,A,A,B,H,A,H,-,A,H,H,A,H,H,H,H,H,H,B,B,B,H,H,H,B,B,H,A,H,H,B,H,A,B,A,H,H,H,H,H,A,H,H,B,H,H,H,A,A,B,H,H,A,B,B,H,H,H,B,A,H,H,-,A,A,-,-,H,H,H,H,B,H,B,H,H,H,B,H,H,H,H,A,A,H,H,H,B,H,A,B,H,H,H,A,A,A,A,-,B,H,B,H,H,A,H,H,B,A,H,A,H,H,H,A,A,H,B,-,H,H,A,B,H
M05_007,H,H,H,A,B,A,H,B,H,H,B,H,B,-,H,A,A,H,A,B,B,A,A,H,H,B,H,H,H,-,A,H,A,H,H,B,-,H,A,-,B,B,B,B,B,H,A,H,B,H,A,B,-,H,B,B,B,B,H,H,H,B,H,H,H,H,A,B,A,A,A,H,H,H,B,B,B,H,B,B,B,A,A,A,B,H,H,H,B,B,H,B,H,H,B,B,H,A,A,A,H,H,B,H,H,A,B,H,H,H,A,A,H,H,H,H,B,B,H,H,H,A,B,H,B,B,H,A,H,H,B,A,H,B,B,A,B,A,B,H,B,H,H,H,A,H,B,B,B,B,B,B,A,B,H,B,H,H,A,H,A,B,H,H,A,A,H,H,H,A,H,B,H,H,H,H,H,H,B,A,A,A,H,A,H,B,A,H,B,A,-,H,A,B,A,H,H,A,A,A
M05_008,B,H,A,-,H,B,H,B,H,B,A,A,B,B,H,H,H,A,A,A,H,H,A,B,A,H,B,A,A,H,H,H,H,-,A,B,A,H,A,H,B,A,H,H,A,B,B,B,H,H,H,H,H,B,B,B,H,H,B,H,H,H,B,H,H,B,H,H,H,H,A,H,H,H,B,H,-,H,H,A,-,B,A,B,A,B,H,H,A,H,A,H,H,H,B,H,A,H,B,A,H,A,A,-,H,H,H,A,H,H,H,A,H,H,A,H,H,A,H,H,B,H,H,A,B,B,A,A,H,H,A,H,H,H,H,H,B,H,H,B,A,B,B,H,A,B,H,A,B,H,H,H,H,H,A,H,H,B,H,H,A,B,H,H,B,B,H,H,-,B,H,H,A,H,H,H,H,A,A,H,H,H,B,H,H,A,H,H,H,A,A,H,H,B,B,H,-,B,H,-
M05_009,B,H,A,B,H,-,B,H,H,H,A,A,-,A,H,A,H,B,H,H,B,A,H,H,H,A,H,H,H,H,H,H,-,B,H,A,A,B,H,H,H,H,H,B,H,H,A,A,H,A,-,H,H,H,H,H,B,H,H,-,H,B,H,H,H,H,A,B,H,H,H,H,H,H,H,A,B,B,A,H,H,B,A,A,A,H,B,-,A,H,A,A,B,B,B,H,H,B,A,A,H,B,H,A,A,B,B,H,A,H,H,B,A,H,A,H,A,B,H,H,H,B,B,-,A,H,H,H,B,A,B,A,A,H,H,A,H,H,A,B,B,H,B,A,H,H,B,H,A,H,A,A,H,H,A,A,H,H,H,H,A,A,-,H,H,-,H,A,B,A,H,H,H,H,H,B,B,A,B,A,A,B,H,A,H,H,H,H,B,A,A,A,A,B,B,H,H,B,A,A
M05_010,H,B,H,H,A,H,B,H,H,H,B,H,H,H,A,B,B,H,A,H,H,H,A,B,B,B,H,B,H,H,B,B,B,B,H,H,B,H,A,B,B,H,B,H,B,H,H,B,B,B,B,A,A,B,B,H,A,H,H,B,A,A,B,A,B,-,H,A,H,H,B,H,A,B,A,B,A,H,A,H,H,H,A,B,B,H,H,H,A,B,H,H,H,H,B,H,H,H,A,H,B,H,H,H,H,B,A,H,H,-,B,A,A,H,H,-,B,H,A,A,A,H,B,B,A,B,A,H,A,A,B,H,H,H,A,H,B,A,H,H,H,H,H,B,H,H,H,H,H,H,H,H,A,H,B,B,B,H,A,H,A,B,H,B,B,B,B,H,H,H,A,A,A,B,-,H,A,B,H,H,H,B,A,B,H,A,-,B,A,B,A,H,H,H,H,B,B,H,H,H
M05_011,B,B,A,H,B,A,B,H,A,H,H,B,H,H,B,A,H,H,A,A,H,A,H,H,H,H,H,A,A,H,B,A,H,H,H,B,A,A,H,-,H,B,H,A,A,B,H,B,H,B,B,H,B,H,A,A,H,A,A,H,B,H,H,A,A,H,B,H,H,H,A,H,H,H,A,A,H,H,B,A,A,H,B,B,B,H,B,B,H,B,B,B,B,B,B,H,B,A,H,B,H,B,H,H,A,A,H,H,A,A,H,H,H,A,B,H,H,-,B,A,H,H,A,A,H,B,A,H,H,H,A,B,H,A,H,A,H,A,B,H,B,-,H,B,H,H,A,B,A,B,H,A,A,B,H,H,H,A,H,H,H,H,B,-,A,B,H,H,B,H,A,H,A,A,A,H,A,B,H,H,H,B,H,A,A,B,A,A,H,A,B,B,H,B,H,B,H,A,B,B
M05_012,B,H,H,A,A,A,A,H,H,H,H,H,H,B,H,A,H,B,H,B,A,H,A,B,H,A,H,H,B,H,A,H,H,H,H,H,B,A,B,B,H,A,B,H,A,H,H,-,H,H,B,H,H,H,H,B,H,B,B,H,A,B,H,B,H,A,B,B,B,A,B,H,H,B,H,A,H,H,B,H,B,B,A,A,H,B,H,B,H,H,A,A,H,B,H,H,H,A,H,H,H,H,B,H,H,H,B,H,A,B,H,A,H,H,H,H,A,H,A,H,H,H,H,H,H,A,H,A,H,B,H,H,H,H,H,A,B,A,H,H,B,-,B,H,H,A,H,B,H,A,A,H,A,H,H,H,A,B,H,H,H,H,B,B,A,A,H,A,B,H,H,H,H,A,B,A,B,A,H,A,H,H,A,H,H,H,H,B,A,A,H,B,B,H,B,B,H,A,H,A
M05_013,H,H,H,A,B,H,H,B,H,H,H,B,A,H,B,H,H,H,A,H,B,H,A,H,H,H,H,B,H,B,B,A,H,H,A,H,H,A,A,A,A,H,H,B,A,B,A,H,A,B,-,B,A,A,H,B,B,H,B,H,H,H,A,H,B,H,B,B,B,A,A,A,-,A,H,H,A,H,A,H,B,H,H,H,B,B,B,A,B,A,H,H,H,H,A,B,H,A,H,H,A,A,B,B,A,H,H,H,H,A,H,A,H,B,B,B,B,A,H,H,B,B,H,H,H,H,B,B,A,H,A,B,B,H,H,H,A,B,H,A,H,H,H,H,B,B,H,H,H,H,H,B,B,A,B,-,B,H,H,H,A,A,A,H,H,H,H,B,H,B,H,H,H,H,A,B,H,B,B,H,H,B,B,B,B,A,B,H,H,H,H,H,B,B,H,H,B,H,H,H
M05_014,B,H,B,H,A,A,H,H,H,H,H,B,B,H,B,H,A,H,H,H,B,B,A,H,H,B,A,H,B,B,H,A,H,B,H,B,H,H,H,H,H,H,B,-,H,H,H,B,H,H,H,H,A,B,A,H,H,A,A,A,-,B,B,A,H,B,A,B,H,H,H,A,-,H,H,H,A,H,H,-,A,H,H,B,B,A,H,A,A,H,A,A,A,H,A,H,H,A,A,A,H,B,A,H,H,H,B,B,A,H,H,B,B,A,H,B,H,H,H,A,B,B,H,H,H,A,A,A,B,H,A,H,A,A,H,H,H,H,H,H,H,H,H,H,H,A,A,H,H,H,B,H,B,H,A,B,B,H,A,A,B,A,H,-,A,H,H,H,H,B,H,H,H,A,B,H,H,H,H,A,B,A,H,H,H,B,H,B,H,B,H,H,B,A,-,B,B,B,H,H
M05_015,H,H,H,A,H,H,-,H,B,H,H,H,A,H,H,H,B,H,A,H,B,H,B,-,A,A,H,A,H,B,H,H,H,A,H,H,H,H,B,H,A,B,B,H,H,B,B,H,H,H,A,H,H,H,A,B,H,H,H,H,H,H,H,H,H,-,B,A,B,H,H,H,H,B,A,H,A,A,H,A,B,H,H,H,A,B,H,H,A,H,A,B,H,H,B,A,H,H,A,H,H,H,H,H,H,A,A,H,A,B,B,H,-,H,A,H,H,A,H,A,H,H,H,A,A,H,B,H,H,H,B,H,A,A,A,H,A,H,H,H,H,H,B,B,B,B,A,B,H,H,H,H,B,A,B,H,H,H,A,B,B,H,B,A,H,H,H,A,H,H,A,A,A,B,H,A,B,A,H,H,H,H,A,A,H,A,B,H,H,H,B,H,H,H,H,H,H,H,H,A
M05_016,A,A,H,B,H,B,H,H,H,H,H,H,H,B,H,B,B,H,A,A,A,A,H,A,H,A,H,A,B,B,H,B,A,B,H,H,A,A,B,H,A,H,A,A,B,H,H,B,-,H,H,H,H,A,H,B,H,B,H,A,H,A,A,A,B,A,H,A,B,H,A,B,B,H,H,H,B,A,H,H,H,H,A,A,B,B,B,-,H,A,-,H,H,H,B,A,A,H,B,B,H,A,H,B,H,H,H,A,H,B,B,B,H,H,B,A,B,H,B,B,A,A,H,H,H,H,H,A,B,H,B,-,B,A,H,H,B,H,A,B,H,A,H,A,H,H,H,H,H,B,B,A,-,B,H,B,H,B,H,H,H,H,A,A,H,H,H,H,A,H,B,B,H,B,B,A,H,A,H,B,A,B,H,H,A,A,H,B,B,H,A,A,B,A,H,H,H,H,B,B
M05_017,B,H,A,B,A,H,H,H,H,B,B,-,A,H,H,B,A,A,H,B,H,H,H,H,A,B,A,H,H,A,B,H,A,B,H,H,B,B,H,A,H,B,B,A,A,B,H,H,A,H,B,B,H,B,H,B,A,B,H,-,B,A,B,A,A,B,H,H,A,H,H,H,H,H,B,H,H,H,H,H,H,B,B,H,H,H,H,B,H,-,H,H,A,A,B,H,B,A,A,A,H,H,B,H,B,A,A,A,H,H,H,A,A,H,H,B,B,A,B,H,H,A,H,A,H,-,H,H,B,H,B,B,H,H,H,H,H,H,A,H,A,A,H,H,A,-,H,A,H,A,B,H,H,B,B,B,A,A,H,H,B,H,H,H,B,H,B,H,B,H,B,A,B,H,H,A,H,A,A,A,A,H,H,A,H,H,H,H,H,H,B,A,B,A,H,H,H,H,B,H
M05_018,H,A,B,B,H,B,H,H,H,H,A,B,B,B,H,H,H,B,B,H,H,H,A,H,A,H,B,B,H,H,H,B,H,H,B,B,B,B,H,B,H,A,H,H,H,B,A,B,A,H,H,H,A,B,H,B,A,H,B,H,A,H,B,H,-,H,B,A,A,A,A,H,A,-,H,H,B,A,H,H,H,H,B,H,B,B,A,-,H,B,H,A,B,A,H,A,A,H,H,A,B,A,H,H,B,B,A,A,B,H,-,A,B,B,A,H,B,H,H,H,A,B,H,H,H,B,B,H,B,A,B,H,A,A,H,B,B,H,A,B,H,H,B,A,H,A,A,H,A,H,A,H,A,B,A,B,H,H,B,A,H,A,H,B,A,B,H,A,B,B,B,H,A,H,H,H,H,B,A,H,B,A,H,A,H,H,A,A,H,H,A,B,H,A,B,H,A,B,A,B
M05_019,B,H,A,A,A,B,H,A,H,A,A,A,B,A,H,A,H,H,A,H,H,A,B,H,H,H,B,H,A,-,B,B,A,H,H,H,B,H,H,H,H,H,A,H,A,-,H,B,H,H,A,B,A,B,H,A,H,A,A,H,H,A,H,B,H,H,A,A,H,H,H,A,A,B,H,B,B,B,H,A,H,B,H,H,B,B,H,A,A,H,B,B,A,H,H,-,A,H,-,B,H,H,A,H,A,A,A,H,B,B,H,H,H,H,H,H,A,H,A,-,H,A,H,H,H,B,B,A,H,H,B,B,A,H,B,H,A,A,A,A,H,H,A,H,B,B,H,B,B,B,B,B,H,A,H,A,B,H,B,B,H,A,A,H,B,B,A,A,A,H,B,A,H,H,H,H,H,H,H,H,H,B,H,H,H,B,H,H,H,B,H,B,H,H,H,H,A,A,H,H
M05_020,H,A,H,A,A,A,H,A,H,H,A,H,H,B,B,B,H,H,B,H,H,H,H,A,B,B,A,-,A,A,H,A,H,A,H,H,B,H,A,H,B,H,-,H,H,H,B,A,B,-,H,A,H,H,A,B,H,H,H,A,H,H,H,B,A,H,A,H,H,A,H,H,B,H,A,A,A,A,H,B,A,H,H,H,A,B,H,B,H,H,H,H,A,B,B,A,H,H,B,H,A,A,H,A,A,H,H,H,H,A,H,H,H,H,A,H,B,H,A,B,A,H,H,B,H,H,H,H,A,H,H,H,A,A,H,H,A,-,H,A,H,H,H,B,A,B,H,H,B,H,B,H,H,H,A,B,-,H,B,B,A,H,H,H,B,B,H,H,H,H,A,H,A,H,H,A,B,A,H,H,B,B,H,A,H,H,H,A,A,H,H,H,H,H,B,H,H,A,H,H
M05_021,H,B,B,B,A,H,H,H,H,B,H,A,H,A,-,A,A,H,H,A,H,B,H,B,H,B,A,H,H,B,B,H,A,H,A,H,H,H,B,A,H,H,H,H,A,B,H,A,H,-,A,H,A,H,B,H,-,H,A,H,H,A,-,H,B,A,A,A,B,B,B,H,H,H,B,B,H,H,H,A,B,H,H,H,H,H,B,B,H,H,H,H,B,A,A,B,A,H,-,B,B,B,B,A,H,H,B,A,B,A,B,H,H,H,A,H,H,H,H,H,H,B,B,A,B,B,B,B,H,H,H,H,H,H,H,H,H,H,B,H,B,H,A,A,H,H,B,H,-,H,H,-,H,H,H,B,H,B,H,H,H,A,H,H,A,H,H,A,B,H,H,H,B,A,H,H,B,H,A,H,H,A,B,A,A,A,H,H,A,B,-,H,A,B,B,H,A,H,H,-
M05_022,H,B,A,H,H,H,A,A,H,B,B,-,A,H,H,B,H,H,H,A,H,H,B,A,H,B,H,B,H,B,H,A,B,B,H,H,B,A,H,A,A,H,B,H,B,A,H,A,A,H,A,H,A,H,B,H,B,B,H,H,B,A,B,-,A,H,H,H,A,H,H,B,B,B,A,H,H,H,A,H,H,H,A,H,B,H,B,H,B,A,H,H,B,-,H,A,H,H,B,H,H,A,A,H,H,H,H,A,H,B,H,H,-,H,A,A,A,B,H,B,B,H,H,A,H,B,-,H,A,H,A,H,H,A,B,A,A,H,B,B,A,A,B,H,A,H,B,A,A,H,H,A,B,B,H,A,B,H,H,B,B,H,H,A,-,B,H,B,B,A,H,H,B,A,H,H,A,A,H,A,H,H,H,H,H,A,-,H,H,A,H,A,A,H,H,H,B,A,-,B
M05_023,A,H,A,H,H,H,H,H,A,B,A,A,B,B,B,A,-,H,H,B,A,H,B,H,A,A,H,H,A,H,A,A,A,B,A,B,B,H,A,B,H,A,H,A,H,H,H,H,B,H,H,H,H,H,B,B,H,A,H,H,H,H,H,H,A,-,B,B,H,H,H,H,H,A,H,B,A,H,H,H,A,B,A,B,A,A,B,B,B,A,H,-,A,A,A,B,A,H,H,A,B,H,B,B,B,B,H,A,H,H,B,H,H,A,A,H,A,H,H,A,H,H,H,B,A,H,B,H,H,H,H,A,H,H,H,H,H,H,H,A,H,A,H,H,A,B,H,A,A,H,H,-,H,B,A,H,B,H,A,H,B,-,H,H,A,H,A,H,B,H,B,A,H,B,A,A,H,H,B,H,B,B,A,H,H,A,B,H,H,-,A,-,H,H,B,H,-,A,H,H
M05_024,B,H,A,A,H,H,A,H,B,H,H,B,A,A,A,A,B,A,H,H,H,H,H,H,B,A,A,H,H,H,B,B,B,H,A,B,B,H,B,B,H,A,H,B,H,H,H,A,H,H,B,H,B,A,A,B,H,-,A,H,A,H,H,H,B,A,H,A,B,B,H,H,H,B,H,B,A,H,H,B,H,H,B,A,H,H,A,H,H,H,H,B,B,B,B,B,B,B,H,H,H,B,H,B,A,B,H,A,B,H,A,-,A,A,H,B,H,H,B,H,H,H,H,A,B,-,H,H,H,H,H,H,A,B,A,B,H,A,A,B,H,A,H,B,H,H,H,A,H,B,H,H,H,H,H,H,A,B,A,H,H,-,B,A,H,A,A,B,A,A,A,H,-,H,H,H,H,H,H,H,B,A,A,B,H,B,H,H,H,A,B,H,B,H,A,H,A,H,H,H
M05_025,B,B,B,A,H,B,H,A,B,B,H,H,A,H,H,H,A,A,H,H,H,H,H,B,A,B,B,H,B,H,H,A,H,H,H,A,A,H,A,B,H,H,A,A,H,B,H,B,B,A,B,H,B,H,A,B,A,B,A,H,H,B,A,H,H,B,H,H,H,H,B,A,H,H,A,H,B,H,A,A,B,H,-,H,H,H,H,B,H,A,H,H,B,B,H,H,H,B,B,B,A,H,H,H,A,A,H,H,H,A,H,H,H,H,B,A,A,H,B,A,A,B,A,H,B,B,H,B,H,A,H,H,H,B,A,H,H,H,H,H,B,B,H,H,H,H,H,H,H,H,B,H,-,-,H,A,H,H,B,B,H,A,A,A,A,A,H,H,H,H,B,B,H,A,A,A,H,H,H,A,B,A,A,H,A,H,B,B,A,H,H,B,B,A,B,A,H,H,H,B
M05_026,H,B,B,B,H,-,H,B,A,H,B,B,B,A,H,H,H,H,A,B,-,A,A,A,H,B,A,H,A,B,B,B,A,H,A,H,A,B,H,H,B,H,H,H,B,H,H,B,H,B,A,H,A,H,-,A,A,H,A,B,A,H,A,A,B,B,B,H,A,A,H,B,B,H,-,A,B,H,H,B,B,A,A,B,H,H,A,B,B,B,H,H,A,B,A,A,A,B,B,B,H,B,A,B,H,H,A,A,H,A,H,A,A,B,B,B,H,B,B,H,H,A,A,B,H,H,A,H,H,H,H,H,H,B,B,A,H,H,H,H,A,B,H,B,A,A,H,H,H,B,H,-,B,H,H,H,H,H,H,H,A,B,A,A,H,H,H,H,B,H,H,B,A,B,H,-,A,B,H,H,H,B,H,H,B,H,H,-,A,B,H,H,A,B,B,H,H,A,B,H
M05_027,A,B,B,A,B,B,B,A,H,B,A,H,H,H,H,B,H,H,H,H,A,B,H,H,-,A,H,A,H,A,B,H,H,H,A,B,A,H,A,B,-,A,H,B,H,H,H,A,A,H,B,B,B,A,B,H,H,H,A,A,H,A,H,H,B,B,B,B,B,H,B,H,B,A,H,B,H,A,H,H,B,H,A,-,B,H,-,H,H,B,-,-,A,A,B,B,H,H,H,B,H,H,H,A,H,H,H,B,H,A,H,A,A,H,B,B,B,H,B,B,H,H,A,H,B,H,A,H,H,B,A,H,H,B,H,B,A,A,H,H,H,A,H,H,H,A,B,H,H,H,H,H,H,B,B,A,A,A,H,A,B,H,H,H,B,A,H,H,H,H,A,H,B,A,H,A,-,B,H,H,A,B,H,A,H,A,B,A,H,H,H,H,B,H,A,A,B,H,H,B
M05_028,A,H,H,H,A,B,H,A,A,A,B,H,B,B,B,H,H,H,H,H,A,B,A,A,H,A,A,A,A,H,-,H,H,H,H,A,A,B,H,A,B,H,A,B,H,B,A,A,H,A,A,B,A,B,H,B,H,H,H,H,H,A,A,A,H,H,A,H,B,H,B,B,A,B,A,B,H,H,H,B,H,H,A,B,A,H,H,H,H,B,B,H,B,B,B,B,-,A,H,H,B,H,B,H,H,A,B,A,A,H,B,H,B,A,H,H,-,H,A,H,B,H,A,H,A,H,A,A,H,A,A,B,A,H,B,A,A,H,H,H,B,A,H,B,A,A,H,B,A,H,A,H,A,H,H,B,B,B,A,A,H,H,H,A,H,A,H,A,B,A,B,B,B,B,A,H,B,-,H,H,H,B,H,A,B,A,B,B,B,H,H,H,H,H,H,H,H,H,H,B
M05_029,H,A,H,H,H,A,B,A,H,B,A,H,B,H,H,B,A,H,H,A,A,H,B,B,-,H,H,B,H,H,H,H,H,H,A,A,B,A,A,H,H,H,H,B,A,H,H,A,H,B,H,B,H,B,B,H,H,H,H,H,A,B,H,H,A,H,B,B,H,-,H,A,H,H,B,H,H,B,H,H,H,H,H,H,H,B,H,A,H,H,H,H,H,B,H,-,B,A,A,B,A,A,H,A,H,H,H,H,B,H,H,B,H,A,-,B,B,B,H,H,A,B,H,H,-,A,H,H,A,A,H,H,A,A,B,A,A,H,A,H,B,H,B,B,A,H,H,H,H,H,H,A,A,H,A,B,H,-,H,B,B,B,H,A,H,H,B,H,H,B,H,H,A,A,H,B,H,H,H,H,A,B,H,H,A,H,A,H,H,H,A,B,H,H,H,H,H,B,B,H
M05_030,H,A,A,H,B,H,H,A,H,H,B,A,H,B,B,B,H,B,B,B,B,B,A,A,H,H,H,H,A,A,H,A,H,B,H,H,A,H,B,H,A,B,B,H,A,-,A,B,B,H,B,H,H,H,B,B,A,H,H,B,H,H,H,H,H,B,A,A,A,A,H,H,H,A,A,H,H,H,A,-,A,A,H,H,A,H,H,H,A,B,-,H,H,A,B,H,-,H,B,H,H,H,A,H,H,B,H,H,B,B,H,A,B,A,A,H,H,B,H,A,H,H,B,H,A,H,A,A,B,H,-,H,H,A,H,A,B,H,H,A,A,B,B,A,B,H,A,A,B,H,B,-,H,A,A,A,B,H,A,H,B,H,B,B,H,H,H,H,H,A,B,H,A,H,H,B,H,H,A,H,H,A,H,H,B,H,H,B,B,H,H,B,H,H,A,H,H,A,B,H
M05_031,H,H,A,A,H,A,H,B,A,A,B,H,A,A,H,H,H,H,B,H,A,H,H,A,A,A,H,H,A,H,H,B,B,B,B,H,H,H,H,A,H,A,A,-,B,A,B,A,H,H,H,B,A,A,H,H,B,H,H,H,H,H,A,H,A,H,H,H,H,A,A,A,A,A,B,H,H,H,H,A,B,B,A,H,A,A,H,B,H,H,H,H,H,B,H,-,H,B,H,A,H,H,B,H,A,H,H,H,A,A,A,H,H,B,H,A,B,B,H,H,B,A,B,B,H,H,A,B,B,H,A,H,B,H,A,H,A,B,H,H,A,A,H,B,A,H,H,B,H,A,H,B,B,H,B,A,H,B,A,-,H,-,A,H,H,H,A,B,A,B,H,H,H,H,B,B,H,H,H,B,B,H,H,A,B,B,B,H,H,H,H,H,H,A,A,H,B,H,H,B
M05_032,H,A,B,B,H,A,B,H,A,A,B,A,H,H,A,A,H,H,B,H,H,H,A,A,H,A,H,B,H,H,B,B,B,H,B,B,H,H,A,H,H,H,A,H,H,H,H,B,H,H,H,B,H,B,A,H,A,A,H,B,H,H,H,A,H,H,H,H,A,H,B,B,H,H,A,H,B,H,B,H,H,A,H,B,H,A,B,H,H,A,A,A,H,H,H,H,H,-,B,H,A,H,A,B,A,H,A,H,A,B,B,H,H,H,H,A,B,A,A,H,A,H,-,B,H,H,A,-,H,H,H,H,A,B,B,H,B,B,A,A,H,H,H,H,H,H,A,H,B,B,A,A,H,B,B,-,A,H,B,B,H,H,H,B,H,H,H,B,H,-,H,H,A,H,H,B,B,H,B,H,H,A,A,B,B,H,H,H,B,A,H,B,B,A,B,H,A,B,H,A
M05_033,H,B,A,H,A,H,A,H,A,H,H,H,H,A,B,H,H,H,A,B,A,H,H,B,H,H,H,A,A,A,A,A,H,B,B,H,H,B,B,H,H,B,A,A,B,H,A,H,B,B,H,A,H,B,A,H,H,A,B,A,B,H,H,B,H,H,B,-,H,H,B,H,A,B,H,H,A,B,B,H,H,H,H,H,A,B,A,H,H,A,H,B,H,A,H,B,H,H,H,B,H,H,H,A,H,A,H,H,B,A,H,H,A,A,H,-,B,B,B,A,H,H,H,B,H,H,A,-,-,H,H,A,A,H,A,B,B,H,H,H,A,A,H,B,B,B,H,B,-,A,H,B,A,H,H,A,A,H,B,B,B,A,-,A,B,A,H,A,A,A,H,A,A,H,H,H,B,H,A,H,H,B,B,B,H,A,B,H,-,B,H,H,H,A,H,H,A,H,H,B
M05_034,B,A,B,H,H,B,H,H,H,B,H,B,H,H,H,H,H,H,A,-,A,B,B,B,B,A,H,B,B,A,H,A,H,H,B,H,H,H,B,H,H,H,H,A,-,A,A,H,H,H,-,A,B,H,-,H,B,H,H,B,A,H,H,H,H,H,A,A,B,B,A,A,A,A,H,A,B,H,A,H,H,A,H,A,A,A,B,H,H,B,A,B,H,H,B,H,B,B,A,A,A,A,H,A,H,B,B,A,A,A,B,H,B,B,B,A,H,B,A,H,H,H,B,H,B,H,H,B,B,B,B,H,A,A,A,H,A,A,A,H,A,H,H,H,B,A,B,H,A,H,B,H,H,B,B,H,B,B,H,H,B,A,A,A,A,A,B,B,A,H,H,H,A,H,H,H,H,A,B,B,H,B,H,H,H,H,B,B,H,A,H,B,A,H,-,A,B,A,-,B
M05_035,H,A,B,A,H,H,H,H,H,-,H,A,A,H,H,H,H,-,H,H,B,H,B,A,B,H,H,B,A,H,A,H,B,H,H,H,A,H,H,H,H,A,H,B,A,H,H,B,H,H,B,H,H,H,H,A,H,-,H,B,A,A,B,H,B,A,B,B,A,A,H,A,B,H,B,B,H,H,A,H,B,A,H,B,H,H,B,A,B,B,A,H,H,A,H,H,B,H,B,A,A,B,B,A,H,H,H,B,H,A,H,H,B,H,B,B,A,B,H,H,H,B,H,H,H,H,B,B,A,H,H,H,B,A,B,H,H,H,A,H,H,H,H,H,A,-,B,H,H,A,A,H,H,B,H,A,H,H,H,B,A,B,H,H,B,B,A,H,H,H,H,H,A,H,A,H,H,-,H,A,B,H,H,B,B,A,H,H,A,A,H,H,B,A,B,B,H,H,H,H
M05_036,H,H,B,A,H,B,H,A,H,H,H,A,A,B,A,B,H,B,A,B,A,A,A,A,H,B,H,H,B,B,A,A,A,H,H,H,H,H,H,H,A,-,H,B,B,-,A,A,B,B,B,H,H,B,A,H,H,H,H,H,H,H,A,H,B,H,H,H,A,H,A,H,H,A,H,B,H,B,B,B,B,H,H,B,H,-,A,H,H,A,B,H,-,A,A,A,H,B,H,H,B,A,A,B,A,H,A,A,H,A,A,H,H,B,B,H,H,H,H,A,H,B,H,H,A,B,A,B,A,B,H,H,B,A,H,B,H,H,A,H,A,H,H,H,A,H,H,H,H,A,B,H,H,A,H,A,B,H,A,A,B,B,A,B,A,H,H,B,H,H,H,H,A,H,H,H,H,H,H,H,B,B,B,H,A,B,A,B,B,H,H,H,H,B,A,B,-,A,H,H
M05_037,A,A,A,B,A,H,A,H,H,B,H,H,H,H,A,H,A,B,H,H,H,B,H,H,H,A,A,A,B,B,A,A,H,H,B,H,B,A,H,B,A,H,H,H,H,B,B,B,H,B,H,H,A,H,H,A,H,B,H,H,B,A,B,B,H,A,-,H,-,H,H,H,H,B,H,B,A,H,-,B,H,H,H,A,A,H,B,A,H,B,H,B,H,H,A,B,B,B,A,B,B,H,H,B,H,A,B,H,B,H,A,H,H,A,H,A,H,B,H,H,H,H,H,B,B,H,B,B,A,H,B,B,H,H,H,A,B,B,H,A,B,H,A,A,A,H,H,A,B,B,A,A,H,A,A,H,B,B,B,H,H,H,H,H,H,A,A,B,H,H,H,H,-,A,H,A,-,A,A,B,B,H,A,A,B,A,B,-,H,H,H,H,H,B,A,H,H,H,A,B
M05_038,H,B,B,A,A,B,H,A,B,H,H,H,B,A,H,H,B,B,H,H,H,H,B,H,B,H,A,B,A,H,H,B,A,B,B,A,B,H,A,B,H,H,H,A,H,A,A,B,-,H,A,H,B,A,A,B,H,A,A,B,H,A,B,B,A,H,A,H,H,H,H,H,H,A,B,A,H,A,H,A,A,H,H,H,A,A,H,A,A,A,A,A,H,A,B,A,B,B,A,A,A,H,H,H,H,-,B,H,B,H,H,B,H,H,H,B,B,-,A,H,B,H,B,H,B,A,H,H,H,H,B,B,B,A,A,H,B,A,H,H,H,H,H,A,A,B,H,B,A,H,H,B,B,A,H,H,B,H,B,A,H,H,A,B,B,B,A,H,H,A,B,A,B,H,H,A,A,H,H,B,A,A,H,B,A,A,A,A,A,H,B,A,B,H,B,B,B,H,B,H
M05_039,A,B,H,A,B,H,H,H,H,-,H,B,B,A,H,A,B,B,H,B,H,H,H,H,H,H,A,A,A,H,-,B,H,B,H,H,H,A,H,A,-,A,A,B,A,H,A,A,H,H,A,B,H,H,A,B,H,A,H,A,H,H,B,B,B,H,A,-,H,H,A,A,B,H,A,B,B,H,A,B,H,B,A,H,A,H,B,H,A,H,B,B,A,B,H,A,H,H,B,H,B,B,H,H,B,H,B,A,B,B,B,A,H,A,A,H,B,H,H,B,H,B,B,B,A,B,H,H,B,A,H,H,A,-,B,A,B,H,H,B,H,H,A,H,H,H,H,H,B,H,B,H,B,H,H,H,H,B,A,A,B,H,H,H,H,H,B,H,H,B,B,H,H,H,B,B,-,B,H,B,B,B,B,H,A,H,B,B,-,A,H,H,A,B,H,H,A,B,H,H
M05_040,H,A,B,B,B,A,A,H,A,B,H,H,A,B,-,A,H,H,H,B,H,B,B,B,H,B,H,A,H,H,B,H,A,H,B,B,H,A,A,H,B,B,B,H,B,H,A,B,A,H,H,A,A,H,B,A,H,H,A,A,H,H,H,B,A,B,-,H,B,H,A,A,B,A,H,H,H,B,H,H,H,-,H,B,H,B,A,B,H,B,H,-,B,B,H,H,H,B,-,H,B,H,H,A,H,H,A,H,H,H,H,H,H,A,H,A,H,B,H,H,A,A,A,H,A,B,B,H,A,B,A,A,H,H,H,A,A,B,H,A,H,A,H,A,H,H,B,A,H,B,H,B,B,H,H,B,H,H,H,H,H,H,A,B,B,H,H,A,A,A,H,A,H,H,B,A,H,B,B,H,H,A,A,H,H,H,A,H,H,-,H,H,A,H,A,H,A,H,A,H
M05_041,H,H,H,H,H,H,H,H,B,A,H,B,H,H,H,A,H,H,A,A,H,B,H,A,H,H,H,H,-,A,A,H,H,-,B,B,A,H,H,B,A,A,B,-,B,A,B,H,H,H,B,H,A,H,H,A,A,H,H,A,B,A,H,H,H,H,B,-,H,H,H,A,B,A,H,B,B,A,H,A,B,H,A,H,H,A,H,A,B,H,H,B,H,H,-,B,B,A,H,B,H,H,H,B,B,B,B,B,A,A,B,A,B,B,H,H,A,A,H,A,B,H,B,A,H,H,A,H,B,A,H,H,B,A,A,-,A,A,H,H,H,A,H,A,A,H,A,B,A,B,H,H,H,A,A,-,H,H,H,-,B,A,A,B,A,B,A,A,A,H,H,A,A,A,H,B,H,B,A,A,H,B,B,H,H,A,H,H,B,H,B,H,B,H,H,A,H,H,B,H
M05_042,H,A,B,A,B,H,B,-,H,H,H,H,H,A,H,H,H,B,B,H,B,A,H,H,H,H,H,H,H,H,A,-,A,B,H,B,H,A,A,H,B,A,A,H,H,B,-,A,B,H,H,H,A,A,A,B,B,A,H,H,A,H,H,A,B,-,A,B,A,B,H,H,B,H,H,H,H,H,B,H,H,H,H,B,H,A,A,B,H,A,H,H,A,H,A,H,H,H,H,H,A,H,A,H,H,H,H,H,A,H,B,A,A,H,H,H,B,H,A,B,A,A,A,A,B,H,H,B,A,H,H,B,A,H,B,A,A,H,H,-,B,H,H,H,B,H,A,H,B,H,H,H,A,H,B,H,H,A,A,A,A,H,H,H,B,H,B,A,A,H,A,A,A,A,H,H,H,A,B,A,H,B,A,A,-,H,H,H,A,B,A,H,H,H,H,B,B,H,H,A
M05_043,H,A,H,A,H,H,B,H,B,H,B,H,H,H,H,H,A,H,A,H,H,A,A,H,A,H,A,B,B,H,H,A,B,H,H,B,B,-,B,B,B,H,B,H,H,H,H,H,B,A,B,H,A,B,A,B,H,B,A,A,B,A,B,B,A,H,A,H,H,H,-,A,H,H,A,H,H,B,H,H,H,B,B,H,H,H,H,H,B,A,H,A,A,H,B,B,H,H,B,A,A,H,H,B,B,H,H,A,H,B,H,A,H,-,H,H,B,H,H,B,B,A,H,H,A,B,A,B,A,H,A,H,A,H,B,A,H,H,A,A,A,H,B,B,B,H,B,H,H,H,A,B,A,H,H,A,H,H,B,H,H,A,H,A,B,A,H,H,H,H,B,A,H,H,H,A,H,B,H,A,A,A,A,H,H,B,B,H,B,H,H,A,A,A,H,B,A,A,B,H
M05_044,H,-,B,A,H,H,H,-,A,B,H,H,B,H,B,A,B,B,B,B,A,H,B,-,H,A,H,H,B,H,A,H,B,H,B,H,B,B,B,B,H,B,H,A,A,H,B,H,H,A,H,A,H,B,B,H,H,H,A,B,H,H,H,A,A,A,H,-,B,H,B,B,H,A,H,A,A,H,H,A,H,A,H,B,H,B,H,-,H,H,H,H,B,H,B,H,A,H,B,H,H,H,H,H,A,H,H,B,B,A,H,H,H,H,H,B,B,A,H,A,A,B,H,H,H,B,B,A,B,B,H,H,A,A,H,-,B,H,B,B,H,A,H,A,A,A,B,A,H,B,B,B,H,H,H,H,H,H,B,H,A,H,H,A,B,H,-,H,B,B,A,H,A,B,H,B,B,H,-,H,A,B,A,H,A,A,H,H,A,H,H,B,B,H,B,H,H,H,H,H
M05_045,H,H,H,B,A,H,B,A,B,B,-,H,B,H,A,B,A,H,-,H,H,H,B,A,H,H,A,H,H,B,H,H,H,B,H,H,H,H,A,H,H,H,A,H,-,A,A,H,H,H,H,H,H,H,A,H,A,H,B,-,A,A,A,H,H,A,B,H,H,H,H,B,A,A,H,H,B,A,A,H,H,H,B,A,H,H,H,A,A,A,B,H,B,A,A,H,H,H,H,H,A,B,A,H,H,-,B,B,A,H,H,A,H,H,H,B,H,H,H,A,B,H,H,B,H,A,H,A,H,H,H,H,A,H,H,B,A,H,B,H,B,H,A,H,B,B,H,H,-,H,H,B,A,H,H,H,A,-,H,-,H,H,H,H,A,A,B,H,A,-,B,H,B,H,A,H,H,H,A,H,B,H,A,H,H,B,B,A,B,A,A,A,A,B,H,H,B,H,A,H
M05_046,B,B,H,-,B,A,H,A,H,B,B,H,B,A,A,A,B,B,H,B,H,H,H,B,A,A,H,B,B,H,B,H,H,B,H,H,A,A,H,A,H,H,H,H,B,A,H,B,A,A,H,H,A,H,H,H,H,B,H,H,H,H,B,H,H,A,B,-,H,H,A,H,A,H,H,A,A,H,B,H,H,H,-,H,A,B,B,H,H,H,A,B,A,H,H,H,H,H,A,A,B,H,B,H,H,H,A,H,B,B,H,H,-,B,B,H,B,A,H,A,H,H,A,H,A,A,-,H,A,A,H,A,H,H,H,B,A,B,H,H,H,A,H,B,B,B,B,H,H,B,H,A,H,H,H,B,H,B,B,A,A,H,B,A,H,-,H,A,A,A,H,H,B,H,H,B,H,A,B,A,H,H,A,H,H,H,H,H,H,A,H,H,H,H,B,H,H,A,H,H
M05_047,H,A,H,B,B,A,H,A,A,A,H,B,H,B,B,H,H,B,H,H,B,A,H,A,B,B,H,H,B,H,B,H,B,H,H,A,H,B,H,H,H,-,H,H,B,H,B,H,A,B,A,H,A,H,H,H,B,H,H,H,-,H,A,A,H,H,H,H,H,H,H,A,-,H,B,-,H,A,B,H,A,A,A,H,H,H,B,A,A,-,H,H,H,A,H,B,A,A,H,A,H,B,A,B,H,A,H,H,A,A,H,H,H,A,B,H,-,H,H,B,A,H,H,B,H,H,B,B,A,A,H,B,H,A,H,A,H,-,H,B,H,A,H,H,B,H,H,B,-,B,A,H,A,A,H,A,A,H,H,A,H,H,H,A,H,H,H,H,A,H,A,H,A,B,H,B,B,B,A,H,H,H,H,A,H,B,H,H,B,H,B,B,H,H,H,H,A,-,A,H
M05_048,H,H,B,H,H,A,H,A,H,H,A,-,H,H,H,B,A,H,B,-,H,H,A,H,B,H,H,B,H,H,H,H,H,H,H,H,H,B,B,H,H,A,H,H,H,B,A,H,H,A,H,H,B,A,H,B,H,H,H,A,B,A,B,A,A,H,H,B,B,H,A,H,H,H,A,H,H,-,H,A,B,A,H,H,H,H,B,-,A,H,H,B,B,H,H,B,H,H,H,B,H,H,H,B,H,B,A,H,H,H,H,A,H,B,B,H,B,B,H,H,H,A,B,A,H,H,B,A,H,H,B,B,A,H,A,B,A,B,A,B,H,H,-,A,H,A,A,A,H,H,B,A,H,B,H,A,H,-,A,B,H,B,B,H,-,H,H,H,B,A,H,H,B,H,H,B,A,A,H,H,A,A,A,B,H,B,H,H,H,H,H,A,B,B,H,B,H,H,B,H
M05_049,H,H,H,A,A,B,H,A,B,H,A,B,B,A,B,B,H,H,A,A,H,B,H,-,H,H,H,A,H,H,A,A,H,B,H,H,H,H,A,H,H,-,A,H,H,A,H,B,A,-,H,A,B,B,B,H,B,H,H,A,B,H,B,A,B,A,A,B,A,H,B,B,H,H,H,A,H,H,-,H,H,-,H,H,A,B,B,A,A,H,B,A,A,A,H,B,B,H,H,A,H,H,A,A,H,B,H,A,A,A,H,H,A,H,H,H,H,A,H,B,H,A,B,H,H,H,A,H,H,B,A,H,B,A,B,A,A,H,B,A,H,A,A,H,H,A,H,-,A,-,H,H,B,B,A,H,H,B,B,H,B,B,H,H,H,H,H,H,A,B,B,A,B,H,H,H,H,H,B,-,H,H,B,A,H,B,H,B,A,B,B,-,H,A,-,H,H,H,H,H
M05_050,H,A,A,H,B,B,-,B,A,B,B,H,A,H,A,H,A,H,A,A,A,A,H,H,H,H,A,H,H,B,H,H,B,B,B,H,A,B,A,H,H,H,H,A,B,A,A,H,B,H,H,H,A,H,H,B,A,H,H,H,H,H,A,B,H,-,H,H,H,H,H,H,A,H,H,A,H,H,B,H,B,H,A,A,A,A,H,H,A,H,H,H,A,B,H,H,A,H,H,B,B,H,B,H,A,H,A,H,A,H,H,H,H,H,B,H,H,B,H,B,H,A,A,H,A,A,H,H,H,A,A,H,H,B,H,B,A,H,H,H,B,H,H,B,A,A,H,A,H,B,H,H,H,H,A,H,A,H,H,H,A,A,H,B,H,H,B,A,H,H,H,B,H,A,A,H,H,B,H,H,A,A,-,B,H,H,H,H,A,H,H,H,H,A,H,H,A,H,H,B
M06_001,B,H,A,H,H,H,A,H,H,H,B,H,H,H,A,H,H,B,H,H,H,H,H,-,A,B,H,H,A,H,H,H,B,H,B,H,A,H,H,H,H,H,A,B,H,H,H,H,H,B,H,H,H,B,H,B,H,A,H,H,H,A,B,A,B,A,B,-,H,B,B,A,B,A,A,H,A,A,B,B,B,H,B,A,B,H,B,H,B,B,B,H,B,B,A,H,A,B,A,B,H,A,B,A,H,B,H,H,H,B,A,A,H,H,H,H,H,B,A,A,H,A,H,H,H,H,H,B,B,H,H,A,H,H,A,A,-,A,H,B,B,H,H,H,H,H,A,H,H,A,A,H,H,H,A,A,A,B,H,A,H,A,H,A,B,B,H,H,H,B,H,A,A,A,H,-,H,H,B,H,H,H,B,A,A,H,B,H,H,H,A,B,H,H,B,A,A,H,H,H
M06_002,-,H,A,A,H,A,H,H,H,H,B,A,A,B,B,A,A,B,A,B,B,A,B,H,B,H,A,H,A,B,H,A,A,B,H,B,A,H,B,A,H,B,H,H,B,H,B,H,H,A,B,B,H,H,H,H,B,A,B,A,H,H,-,H,B,H,A,H,B,B,A,B,H,A,B,A,H,B,H,H,H,A,B,B,H,B,H,H,H,A,B,B,B,H,-,H,H,B,H,H,A,B,A,A,A,H,H,H,H,H,-,A,B,H,A,B,A,A,-,A,A,B,A,A,B,H,A,H,A,H,H,B,H,B,A,H,A,H,H,B,B,H,A,H,B,A,H,A,A,-,B,A,A,B,H,B,H,H,A,H,H,H,H,B,H,H,A,B,H,H,H,B,B,A,B,A,A,B,A,A,-,B,A,A,A,A,A,B,A,H,B,H,A,H,B,H,H,A,H,A
M06_003,H,H,H,H,A,H,H,H,A,H,H,H,H,A,H,H,H,H,H,H,H,H,H,-,B,A,H,H,H,B,H,H,B,A,A,H,A,A,B,B,H,B,A,H,A,H,H,H,A,A,H,H,H,A,B,A,H,A,H,H,B,H,A,B,H,B,B,H,B,H,H,H,-,H,B,H,H,H,A,A,A,H,B,H,B,A,H,H,A,B,A,A,H,B,H,H,A,A,A,B,B,-,B,B,B,B,B,H,H,H,H,H,H,H,A,H,B,H,-,B,A,H,H,B,H,H,B,B,H,B,H,H,H,H,A,B,A,H,A,H,H,B,B,B,H,B,H,H,H,B,A,H,B,H,A,H,B,A,H,B,B,H,A,H,H,B,B,B,H,H,A,-,B,H,H,A,A,H,B,A,A,H,H,A,A,H,H,B,H,H,A,H,H,-,H,A,H,-,H,B
M06_004,B,B,B,-,-,A,A,H,B,H,H,H,-,B,H,B,A,B,A,H,B,H,H,H,H,A,H,A,B,B,H,B,A,-,B,H,A,H,B,H,H,H,H,H,B,B,B,H,H,H,H,A,H,A,B,H,B,H,B,A,B,A,H,A,H,B,B,A,H,B,H,A,H,H,A,H,H,A,H,B,H,A,H,A,B,B,B,H,-,B,A,A,H,B,H,H,H,H,A,H,H,H,H,H,B,H,H,B,B,H,A,H,A,H,H,B,H,A,H,H,H,B,B,B,H,H,A,A,A,A,A,B,H,B,B,B,B,H,H,H,B,B,B,H,H,B,B,H,H,B,H,B,-,H,H,H,A,A,B,H,H,B,H,B,H,B,H,B,H,H,B,H,B,H,H,H,H,H,B,A,A,A,B,H,H,B,H,H,A,A,A,H,H,A,A,A,H,A,A,B
M06_005,H,B,B,H,H,-,H,B,A,H,A,B,H,B,H,H,H,H,B,H,H,A,-,H,B,B,H,A,B,A,H,A,H,H,H,-,H,H,H,A,H,H,H,H,H,H,H,H,B,H,A,H,H,A,H,H,H,B,B,A,H,H,H,A,A,A,B,A,H,A,H,A,A,H,H,H,B,A,A,H,B,A,B,B,H,H,-,H,H,H,A,H,H,H,B,A,B,H,H,B,B,H,H,A,H,B,H,A,H,H,H,H,H,H,H,B,B,H,A,H,B,H,B,H,B,A,H,H,B,H,A,B,H,A,H,H,H,B,H,H,A,H,-,A,H,A,A,H,A,A,B,H,H,H,H,H,H,H,H,B,B,A,H,A,H,H,H,H,H,H,A,H,B,A,H,B,H,H,H,B,B,H,H,H,A,H,B,B,B,A,B,H,A,H,B,H,B,H,H,H
M06_006,A,H,H,H,H,B,H,H,H,A,B,H,A,B,B,B,H,B,A,H,A,H,B,B,B,H,B,H,A,H,H,A,B,H,B,H,A,A,B,A,H,H,H,H,A,H,H,H,B,H,H,H,B,H,H,B,B,H,B,A,B,A,H,B,A,A,H,H,A,H,H,H,H,A,H,H,B,H,A,H,B,H,H,B,H,B,H,A,H,H,H,H,A,B,B,H,H,A,H,H,H,H,H,H,A,B,A,H,H,H,H,H,H,A,A,H,B,A,H,B,H,H,H,H,B,H,A,H,A,H,B,H,H,H,H,A,B,B,H,A,B,B,B,H,H,H,A,H,H,H,H,H,H,A,-,H,H,H,B,H,H,B,B,H,A,B,B,A,H,H,A,A,H,B,A,-,B,B,H,H,H,B,H,A,H,H,B,H,H,A,B,H,B,H,H,H,A,H,A,H
M06_007,H,A,H,H,H,A,H,H,H,H,A,B,B,H,H,H,H,H,H,A,A,H,B,H,A,A,H,A,H,A,H,H,-,H,A,B,A,H,A,A,H,A,H,H,B,H,H,B,A,B,B,B,H,H,H,A,A,H,H,A,H,H,H,H,A,-,A,A,H,B,H,B,B,H,A,B,H,B,H,B,B,-,H,H,B,B,H,H,H,A,A,H,B,H,H,B,H,A,B,H,A,B,B,B,H,H,H,H,A,A,H,H,A,B,H,H,H,H,H,A,A,H,B,H,H,-,H,A,B,H,A,H,A,A,A,B,-,B,A,A,B,H,H,H,H,H,H,A,B,H,A,H,B,H,H,B,H,H,A,H,H,B,A,H,A,H,A,B,B,H,A,H,B,A,H,H,B,H,A,H,H,H,A,H,H,H,B,B,B,B,H,A,H,A,A,H,H,H,B,B
M06_008,H,H,H,B,H,B,B,H,B,H,B,H,H,A,H,B,B,B,A,H,H,H,H,H,H,H,H,H,A,B,A,H,-,H,B,A,B,A,A,-,H,A,B,H,-,B,H,H,B,H,H,B,B,A,B,H,H,B,B,H,H,H,A,B,B,B,H,A,B,H,A,B,B,H,A,A,H,H,H,B,H,H,B,H,B,B,A,B,A,B,H,H,H,A,A,B,H,H,B,H,B,H,A,B,H,A,H,B,A,H,B,B,B,H,-,H,A,H,H,B,A,H,H,H,H,H,A,H,B,B,H,B,H,H,A,B,H,H,A,H,A,H,B,A,H,A,B,H,A,B,B,B,A,H,B,B,B,H,H,B,A,H,B,A,H,H,B,B,H,B,-,B,A,-,A,A,H,H,B,H,A,B,H,B,B,H,A,H,B,H,A,-,H,A,B,B,H,A,H,-
M06_009,A,B,B,H,H,A,H,A,A,H,B,H,H,-,H,H,A,A,A,H,A,B,B,A,H,H,B,A,H,H,H,A,A,A,A,H,H,H,H,A,A,B,H,B,B,A,B,H,H,B,H,H,H,B,H,A,H,B,A,H,H,A,A,-,H,B,H,H,H,B,H,A,H,B,H,B,A,B,H,A,H,A,H,B,B,H,H,B,H,-,B,H,A,H,B,B,H,A,A,B,H,H,B,B,H,H,H,H,H,A,B,B,B,H,H,A,H,H,H,A,H,H,A,A,H,H,H,H,A,A,A,A,B,A,-,A,H,H,A,A,B,B,B,H,H,H,H,H,H,H,-,H,B,H,H,H,B,B,H,H,B,H,B,-,B,H,A,H,A,H,H,H,A,H,A,B,B,B,A,A,B,A,H,-,H,H,A,B,H,-,H,-,H,H,A,A,-,A,H,B
M06_010,A,A,-,H,B,B,H,A,A,H,B,H,A,B,B,B,H,A,A,H,H,B,H,H,B,H,H,H,H,B,B,B,H,A,B,B,H,H,H,B,A,H,B,B,H,B,A,A,H,A,H,A,H,H,H,H,A,A,A,A,A,H,H,H,A,B,A,H,H,B,H,H,-,H,A,H,B,H,H,A,-,A,A,H,H,B,A,H,A,H,H,H,H,H,H,H,H,H,B,H,B,A,A,H,A,H,A,B,H,H,B,A,B,H,A,B,H,H,B,B,B,H,H,A,B,H,H,B,B,B,H,A,B,H,B,H,B,H,B,A,B,A,A,H,H,H,-,B,B,H,H,H,B,B,A,A,A,H,H,H,H,H,A,H,A,B,H,H,H,H,H,A,H,A,H,H,H,H,H,A,A,H,H,H,B,B,H,H,H,H,H,H,B,H,A,B,H,B,B,H
M06_011,A,B,H,A,H,H,A,A,H,-,A,A,A,A,B,H,H,H,A,B,H,H,B,H,H,B,B,B,A,B,H,H,A,A,A,H,A,A,B,H,H,H,H,A,H,H,A,H,H,H,A,H,H,H,B,B,H,A,H,H,B,B,H,H,H,H,H,H,H,B,H,B,H,B,H,H,H,H,H,H,H,B,A,H,H,H,B,B,H,H,H,A,-,H,B,B,H,B,B,H,A,B,H,H,A,H,H,H,A,H,B,-,H,A,H,H,H,H,A,A,B,H,B,B,B,H,A,B,A,H,B,H,A,H,B,B,H,B,A,H,H,A,H,A,H,A,H,B,A,A,A,B,H,H,A,H,H,H,H,B,A,B,-,H,A,B,A,H,A,H,H,A,B,B,H,H,H,B,H,A,B,A,A,H,A,A,H,B,A,H,H,H,H,H,B,H,H,H,H,H
M06_012,B,B,H,B,H,A,H,A,H,H,H,H,H,H,A,B,H,B,B,B,H,H,A,H,H,H,B,H,H,A,H,H,H,H,H,-,H,H,A,A,H,B,A,H,B,A,H,B,A,H,H,A,A,H,H,A,H,H,H,H,A,H,H,H,H,H,H,H,B,B,H,H,B,A,H,H,B,B,B,H,H,H,B,H,B,A,H,H,A,H,A,B,B,H,A,H,A,H,B,A,A,A,H,B,B,H,A,B,A,H,H,H,H,B,A,-,B,H,A,H,B,H,B,-,B,B,A,H,A,A,H,B,B,H,A,H,A,H,B,B,B,H,H,B,A,B,A,B,B,H,H,A,H,H,H,B,A,-,B,H,B,H,B,B,B,B,A,H,A,A,H,B,H,B,B,A,A,H,H,A,B,A,A,H,H,B,B,B,A,H,H,A,H,H,H,A,B,H,H,B
M06_013,B,B,H,H,H,H,B,B,H,H,H,B,A,H,H,A,H,H,H,A,B,B,H,H,A,H,A,H,B,A,-,A,H,-,H,H,A,B,B,B,A,A,H,-,H,H,B,A,B,B,B,A,H,H,A,H,H,H,H,A,B,B,B,A,H,A,H,H,B,H,A,B,B,H,A,H,H,B,H,A,H,A,A,H,A,B,H,H,H,B,B,B,H,A,H,H,A,A,H,H,H,B,H,H,H,B,A,H,H,A,H,H,H,-,H,A,H,H,B,A,H,H,H,B,H,B,A,B,-,A,H,H,A,B,H,H,H,A,B,H,H,H,B,H,A,H,H,B,H,H,A,H,H,A,H,B,A,H,A,A,A,H,B,B,H,A,H,-,-,A,H,H,B,H,H,H,H,B,H,A,H,A,-,A,B,H,B,B,B,H,B,H,A,B,H,A,B,H,B,B
M06_014,H,H,H,H,A,A,A,H,A,A,H,A,A,B,H,H,B,H,H,H,B,H,A,H,H,H,H,H,B,H,A,B,B,B,H,H,B,A,B,H,A,A,H,A,A,H,H,B,H,H,A,H,H,H,H,B,A,H,A,A,H,H,H,B,B,H,H,B,B,B,A,B,B,H,B,B,H,B,B,B,B,H,A,A,B,H,H,H,H,H,B,H,H,H,H,H,B,H,H,H,B,H,H,H,A,A,A,A,H,A,B,B,H,H,H,H,H,H,H,H,H,H,B,B,H,B,H,B,B,A,A,H,A,-,H,H,H,H,A,H,H,H,H,H,A,B,H,H,H,A,B,H,H,H,H,A,H,A,H,B,H,B,H,B,H,H,H,H,H,A,A,B,B,A,H,A,H,H,H,A,B,A,B,H,H,H,A,A,A,H,A,H,A,A,B,B,A,H,H,A
M06_015,H,B,H,B,H,H,H,H,H,A,H,H,A,H,B,B,B,-,H,A,-,B,B,-,A,A,B,B,H,H,H,H,H,H,H,A,B,H,H,H,H,A,H,A,H,A,A,B,H,A,B,A,A,A,H,H,A,A,H,H,B,H,H,H,H,H,A,H,B,A,H,H,A,A,A,H,H,H,A,H,A,H,H,H,B,-,H,H,H,H,H,H,B,B,B,H,B,A,A,H,B,H,H,H,A,H,A,A,-,H,H,A,H,B,B,B,A,A,A,H,H,A,B,B,H,H,H,-,B,A,H,A,H,H,A,A,A,H,H,B,-,A,H,A,A,H,B,B,A,A,H,H,H,H,A,H,B,H,B,H,H,A,H,B,A,A,H,H,H,H,H,H,H,A,A,H,H,B,H,H,H,H,A,H,-,A,H,A,H,H,B,A,A,B,H,B,A,H,A,H
M06_016,B,H,H,A,B,H,A,A,A,A,B,H,H,H,H,A,A,A,H,H,B,H,H,B,H,H,H,H,-,H,H,H,B,H,A,H,B,H,H,B,H,B,A,B,A,H,H,H,B,H,A,H,H,H,A,H,-,-,B,A,-,B,A,H,-,H,-,H,H,A,A,H,A,B,H,H,B,A,A,B,H,A,A,B,H,A,B,H,B,H,H,A,H,A,H,H,H,B,A,H,H,H,-,B,B,B,B,H,H,H,-,H,H,H,H,A,H,B,H,A,H,B,B,B,H,H,B,H,A,H,B,H,B,A,B,A,A,H,H,H,B,A,A,H,B,B,H,H,A,A,H,B,H,H,H,-,B,H,A,B,-,H,B,H,H,H,H,B,H,H,B,H,H,B,B,H,H,A,B,H,-,A,H,A,-,B,A,H,H,B,B,B,H,A,H,B,H,A,B,B
M06_017,A,B,A,A,H,B,H,H,A,H,H,B,B,A,H,H,B,A,A,H,A,H,H,H,H,B,H,B,A,H,H,H,H,B,H,H,B,A,H,A,A,A,B,A,H,A,H,H,H,H,B,H,A,B,B,H,H,A,H,H,-,A,H,H,H,H,B,H,B,-,A,B,A,H,H,H,H,H,B,H,H,H,H,A,H,A,H,H,A,H,H,A,H,B,B,H,A,A,B,H,H,H,B,H,B,H,H,H,H,H,H,H,H,B,B,H,A,A,B,-,A,H,H,H,H,H,A,A,A,B,H,H,H,B,A,A,H,B,H,B,-,H,A,H,H,H,B,B,H,H,B,A,H,H,H,A,H,H,A,H,H,H,A,H,B,H,H,A,H,H,B,H,H,H,A,A,B,H,A,H,H,B,H,B,H,A,B,A,H,B,A,H,B,H,H,H,B,H,H,B
M06_018,B,H,A,H,H,-,H,H,H,B,A,A,B,H,-,B,H,H,A,H,H,H,B,H,B,B,H,H,H,A,A,A,B,H,H,H,H,H,H,B,B,H,B,A,A,H,B,H,H,A,B,B,H,B,A,H,A,H,A,H,B,H,H,H,H,B,H,B,H,A,H,H,H,H,-,B,B,H,H,H,H,B,A,H,A,H,A,B,H,-,B,B,H,A,B,B,H,H,A,H,A,H,H,H,B,B,H,B,-,H,A,H,B,H,H,B,A,A,B,A,H,B,H,H,H,H,H,H,H,B,H,A,A,H,B,H,A,A,H,A,A,H,B,B,B,H,H,H,A,H,A,A,A,B,B,H,A,A,H,H,B,A,-,B,A,H,H,A,B,H,H,H,B,A,A,-,B,B,H,H,B,H,H,H,A,H,A,A,A,A,A,A,A,A,H,H,H,A,B,H
M06_019,H,H,H,H,-,H,H,-,H,A,H,A,A,H,A,B,H,H,A,A,B,H,-,B,H,H,B,A,H,B,A,B,H,B,H,B,H,H,B,H,H,H,H,H,B,H,H,B,H,H,A,A,H,A,A,H,-,H,B,H,H,H,H,A,H,A,A,H,H,H,H,H,B,A,H,A,H,H,A,H,B,H,B,H,B,A,H,H,B,H,A,B,A,A,H,H,B,H,H,A,H,H,A,B,A,H,B,A,-,H,H,B,H,B,B,B,A,A,A,H,A,B,H,H,H,H,A,H,H,H,H,B,B,H,H,H,A,B,B,H,B,H,H,H,A,A,H,H,H,H,A,H,H,A,B,H,A,H,H,H,B,H,B,B,A,A,H,-,B,B,H,H,H,H,A,H,H,H,A,H,H,B,B,-,B,A,B,H,B,A,B,H,A,H,A,H,H,H,B,B
M06_020,H,A,H,A,B,H,H,A,H,B,H,B,A,A,B,H,A,H,H,H,B,A,H,H,H,H,H,A,H,A,A,H,A,H,A,H,B,A,H,H,A,H,H,A,B,A,H,A,H,H,H,H,H,H,H,B,B,H,B,H,B,H,B,H,H,H,B,B,A,H,A,A,B,H,H,H,H,H,A,H,A,A,H,B,A,-,H,A,H,H,B,B,H,B,H,H,A,H,H,H,B,B,B,A,H,B,A,B,A,H,H,B,H,B,A,H,H,H,H,B,A,H,B,H,H,-,H,A,A,H,B,B,H,H,H,-,B,H,B,A,A,H,A,H,B,A,A,A,H,H,H,H,H,H,B,H,A,A,A,H,H,A,-,H,A,B,H,A,B,A,B,B,H,H,B,H,H,H,B,H,B,A,B,B,H,B,A,B,B,A,H,H,A,A,A,H,H,B,H,H
M06_021,A,H,B,H,H,H,H,H,H,H,H,B,H,A,H,B,B,A,B,B,H,H,H,-,A,H,B,-,H,H,H,H,B,H,A,H,H,H,H,H,B,H,B,A,B,A,H,H,H,B,H,H,B,A,B,H,B,H,H,H,B,A,H,A,H,A,B,H,H,B,H,A,H,B,A,H,H,H,B,H,A,B,H,H,-,B,H,H,A,B,B,H,H,B,B,B,B,H,H,B,B,B,A,H,H,B,A,B,-,H,H,H,H,B,H,H,H,B,H,H,B,H,H,B,H,H,H,B,A,A,H,-,H,H,A,B,-,A,H,B,B,B,H,B,H,A,H,H,A,B,B,A,B,H,H,B,H,H,H,H,H,H,H,H,H,H,H,A,H,A,A,A,-,H,H,A,A,A,H,B,H,H,A,A,H,H,A,H,A,B,H,A,B,A,H,H,H,A,B,B
M06_022,H,H,H,H,B,H,A,A,B,A,B,H,H,A,H,H,H,H,H,H,B,B,B,H,A,A,H,H,H,H,B,-,B,H,A,B,B,B,B,B,H,H,H,-,H,H,H,H,B,H,B,B,H,A,H,H,H,H,B,H,H,B,H,A,A,-,B,H,H,H,-,H,B,H,B,B,A,H,B,B,A,-,H,A,H,H,A,H,B,A,H,H,B,H,A,-,B,H,A,A,A,A,A,H,H,B,H,A,B,B,A,A,-,H,A,A,H,H,H,H,A,H,H,H,H,A,A,H,A,H,A,H,A,B,B,H,-,B,H,B,B,B,H,A,A,H,H,H,A,H,H,H,H,H,A,B,A,B,B,H,H,H,B,H,H,A,B,B,H,H,A,H,B,-,H,B,H,B,H,A,H,B,H,H,B,B,B,H,-,B,H,H,H,H,A,A,H,H,B,A
M06_023,H,B,H,H,B,H,H,B,A,H,B,H,B,A,H,H,H,A,-,B,B,H,-,H,B,H,B,B,H,H,H,B,H,B,B,H,H,H,A,H,A,B,B,A,H,H,B,H,A,H,A,B,H,B,H,H,B,B,A,H,A,B,B,A,H,H,H,H,B,B,A,H,H,H,B,H,H,H,H,H,B,B,A,H,H,-,H,B,A,-,B,B,H,H,A,B,H,A,H,H,H,B,A,-,H,B,A,H,-,B,A,H,H,A,A,H,B,H,B,A,A,B,H,B,B,B,A,A,-,B,H,-,B,H,A,H,A,H,A,A,-,B,B,H,B,H,B,B,B,A,B,H,H,H,A,B,B,H,H,A,B,A,H,B,H,H,A,H,H,A,H,H,H,H,H,H,A,A,B,H,H,H,A,A,H,H,H,A,-,H,H,B,A,B,B,H,H,B,H,H
M06_024,A,H,A,B,H,B,A,H,H,-,B,H,A,B,H,A,H,H,H,H,H,A,H,H,H,A,H,B,B,H,A,H,A,H,H,H,A,H,B,H,H,A,H,H,H,H,H,H,A,H,B,H,A,B,A,H,H,B,H,H,H,A,H,H,B,B,B,H,H,H,H,H,B,B,A,B,H,H,H,B,H,A,H,B,B,-,H,H,H,H,H,A,B,B,H,A,A,A,A,B,H,A,H,B,H,H,H,-,B,A,H,A,H,B,B,H,H,A,B,H,H,H,A,B,H,H,B,A,H,H,H,H,H,A,-,-,A,A,A,H,B,A,H,A,-,B,H,A,H,B,H,H,B,H,B,A,H,H,H,A,H,H,H,-,H,H,A,H,A,B,H,-,B,A,H,H,B,B,B,A,A,A,H,H,H,H,B,A,B,-,A,B,H,B,H,B,A,H,B,H
M06_025,A,A,B,-,H,B,B,H,B,H,H,A,A,B,H,H,H,H,A,B,H,B,H,H,H,A,A,A,B,B,H,A,A,H,B,H,B,-,H,H,A,H,B,H,H,H,H,H,A,-,A,H,A,A,H,B,H,H,H,A,H,A,B,A,A,B,B,A,H,H,H,B,H,A,A,H,B,B,B,A,H,B,B,H,H,H,H,H,H,H,A,H,H,H,H,H,H,H,A,A,A,H,B,H,B,H,A,A,H,H,A,H,B,A,B,A,H,H,H,H,H,H,H,H,B,B,A,H,H,H,H,H,H,B,B,H,H,B,H,H,B,A,A,B,B,A,B,H,H,A,-,B,H,B,B,H,B,B,A,A,H,H,A,A,B,H,B,B,H,H,A,H,A,A,A,H,B,A,-,H,H,B,A,A,H,H,H,A,B,A,H,B,H,H,H,H,H,B,H,B
M06_026,A,A,H,H,B,H,H,B,H,H,H,H,B,B,H,B,B,H,H,H,A,A,B,H,A,H,H,B,H,H,A,B,B,B,H,B,A,A,H,A,H,H,H,B,A,B,H,H,A,H,B,H,A,H,H,A,B,H,H,H,A,B,A,H,H,H,H,H,B,B,B,H,-,H,B,H,H,B,A,H,B,H,H,H,A,H,H,B,A,B,H,-,H,H,H,B,H,B,H,B,A,B,B,B,B,H,H,H,H,H,H,H,H,A,H,H,A,H,H,H,A,H,A,A,H,B,A,A,A,H,H,H,-,A,H,B,A,H,H,B,B,H,A,H,B,H,B,B,H,B,A,H,H,H,H,H,H,H,B,B,H,H,A,A,H,H,H,B,H,H,B,H,H,B,H,B,B,-,A,B,B,A,H,H,B,H,H,H,H,B,B,A,H,A,H,H,H,A,A,-
M06_027,H,H,H,A,B,-,H,H,A,A,B,H,H,B,H,H,H,A,B,A,A,-,A,H,-,B,H,A,H,A,A,H,B,H,B,H,H,B,H,H,H,A,B,A,H,H,H,A,A,H,H,A,B,B,H,H,A,B,B,H,H,H,H,H,H,H,H,H,H,B,-,H,A,H,B,H,H,-,H,H,A,H,H,H,H,H,A,A,H,A,H,B,A,B,H,B,A,B,B,B,B,A,A,B,A,H,A,H,H,B,B,H,H,H,A,B,H,H,A,H,H,H,B,A,H,B,B,B,B,A,B,A,H,A,B,H,H,A,A,H,A,H,B,H,B,H,A,H,B,H,B,-,A,H,A,H,A,A,B,A,A,B,H,H,B,H,A,H,B,B,H,H,H,H,H,B,B,H,B,H,B,H,H,H,H,B,B,H,H,H,H,H,A,B,H,B,H,B,A,H
M06_028,A,A,H,H,B,H,H,B,B,A,A,A,A,H,H,A,H,H,H,B,B,H,H,H,H,H,H,H,B,A,H,H,B,A,H,H,H,H,H,B,H,-,H,A,H,A,H,H,B,A,H,A,B,H,H,H,H,B,H,H,H,B,A,H,B,A,H,H,-,-,B,H,A,H,B,A,A,B,B,H,A,A,A,H,H,-,H,B,B,H,A,B,H,H,B,A,H,B,A,H,B,A,H,H,H,H,A,A,B,B,H,-,H,H,-,A,B,H,B,H,B,B,H,H,H,H,H,H,H,H,A,B,H,H,A,H,A,H,A,H,H,-,A,A,A,H,H,A,H,H,H,B,H,H,H,H,H,B,H,H,B,-,H,A,B,-,H,B,B,H,H,H,H,H,B,H,B,H,B,B,H,B,B,B,H,B,A,A,A,A,A,A,B,H,H,B,A,H,A,A
M06_029,B,B,B,-,A,B,H,B,A,H,H,H,H,A,H,H,A,H,B,B,H,B,A,A,A,H,H,A,A,B,H,B,A,H,B,B,H,A,A,H,H,H,A,H,H,B,B,H,H,A,H,A,H,H,H,H,A,H,B,H,H,H,H,H,A,H,H,B,A,A,B,H,B,H,H,-,A,H,A,H,B,H,-,B,A,H,B,H,B,H,H,B,H,H,H,H,H,A,A,H,A,A,H,H,A,H,H,B,-,B,H,A,H,H,H,H,H,H,B,H,H,B,B,H,B,H,H,B,A,H,H,-,A,H,H,A,B,A,H,A,H,B,B,H,H,H,H,H,B,A,A,H,H,H,H,H,H,H,H,A,B,B,H,H,A,-,A,A,H,B,A,A,B,H,H,B,H,H,H,A,H,A,H,A,H,H,H,A,B,H,B,B,A,H,H,H,B,H,H,B
M06_030,A,H,A,H,A,-,B,A,B,A,A,B,A,A,A,H,H,A,H,H,H,B,H,H,H,A,B,-,A,A,H,B,B,H,A,H,B,H,A,A,H,A,H,H,B,-,H,-,H,A,B,H,A,H,A,H,A,A,H,B,H,H,A,A,H,B,A,H,B,H,A,H,B,A,H,H,H,A,H,A,H,H,H,H,B,B,-,H,H,H,H,B,H,B,A,B,B,H,B,H,H,B,A,B,A,H,A,-,H,A,B,H,H,B,B,H,A,B,H,B,H,B,H,H,H,H,A,H,H,H,H,H,B,-,A,A,A,A,A,H,A,A,B,B,H,A,B,H,A,H,A,B,B,H,H,H,B,H,-,A,A,B,B,H,-,H,B,H,H,A,H,B,H,H,B,B,A,H,B,H,H,H,A,A,H,H,B,H,H,H,H,B,B,H,A,B,H,H,B,H
M06_031,-,B,H,-,H,B,H,H,A,H,H,H,H,A,H,H,B,H,H,H,H,B,H,H,A,B,B,H,A,B,B,H,H,B,H,H,H,H,H,H,H,B,B,B,H,B,H,H,H,-,H,B,B,A,H,H,-,B,H,B,H,A,H,H,B,A,A,B,H,B,H,A,H,H,H,A,A,A,H,B,A,H,B,H,B,A,A,H,H,H,B,H,H,B,A,B,H,A,A,B,-,A,H,H,A,A,B,B,B,A,B,H,H,A,B,B,B,A,B,H,A,H,H,B,B,H,H,H,B,-,H,H,H,A,H,A,B,H,B,A,H,B,H,A,H,H,H,B,B,H,A,-,H,H,H,A,B,H,A,H,A,H,H,B,-,A,A,A,B,H,B,H,B,A,B,A,B,H,A,H,B,B,H,H,A,B,A,B,H,H,B,H,H,H,A,H,A,H,A,B
M06_032,-,B,A,B,B,A,B,H,A,H,A,B,H,H,H,B,H,H,A,H,B,A,A,H,A,A,A,H,A,H,H,H,B,H,H,H,H,B,B,A,B,H,A,H,H,H,H,A,B,B,A,A,H,B,A,B,B,H,A,H,A,H,B,A,H,H,B,A,B,H,H,B,A,H,H,B,A,H,A,B,B,H,A,A,H,B,B,B,H,B,B,H,H,H,H,B,A,B,H,B,A,H,-,A,H,H,B,A,A,A,H,A,B,H,B,B,H,B,B,A,B,H,H,H,H,H,B,A,A,B,H,H,B,B,A,H,B,A,-,H,H,A,H,A,H,A,A,-,B,B,H,A,H,H,B,H,B,B,B,H,H,H,H,B,A,H,H,B,A,B,H,B,H,A,H,B,H,H,A,B,A,A,H,A,H,H,H,A,A,B,B,H,H,A,B,B,H,B,H,A
M06_033,H,-,B,H,B,H,-,H,H,H,B,A,B,H,B,B,H,A,B,B,A,A,A,H,B,A,B,B,B,A,H,B,A,A,B,H,H,B,B,H,H,A,H,H,H,B,A,H,B,H,H,H,-,H,B,B,A,B,B,H,H,B,A,H,B,B,A,A,B,H,A,A,H,H,B,A,B,B,H,A,B,A,H,H,B,H,H,B,B,H,H,B,B,H,H,A,H,B,A,H,H,B,H,H,A,H,H,H,H,H,-,B,B,A,H,H,H,H,H,B,A,H,A,H,B,H,H,A,H,H,A,B,H,H,-,B,-,A,B,A,H,H,H,H,H,-,B,H,H,H,B,B,H,B,H,B,A,H,H,H,A,H,H,A,A,B,B,H,H,A,B,A,H,A,H,H,B,A,B,H,H,H,B,H,A,B,H,B,B,H,A,H,H,-,-,H,A,H,A,B
M06_034,H,B,H,B,H,H,H,B,A,A,A,H,H,H,H,-,H,A,A,H,H,H,H,B,B,-,B,H,H,B,H,H,A,A,A,H,H,A,H,H,H,B,H,H,H,A,H,H,H,H,A,H,H,B,B,H,B,B,H,H,A,H,A,B,H,A,B,B,B,B,H,H,A,H,H,H,H,A,A,H,A,A,-,A,B,H,H,A,H,H,B,H,H,A,H,A,A,H,A,H,B,H,H,A,H,H,H,H,H,A,H,B,A,-,H,H,H,B,H,H,H,B,B,B,H,-,H,-,H,A,H,H,H,A,B,B,H,H,H,H,A,B,H,H,H,B,A,H,B,-,H,H,H,-,H,H,B,H,H,H,B,B,H,A,H,H,B,H,H,B,B,B,A,A,A,H,H,A,H,A,H,H,H,B,H,H,A,H,B,B,-,H,H,H,H,A,A,H,A,B
M06_035,-,-,A,H,H,H,H,B,B,H,H,H,B,B,A,B,-,H,B,H,H,H,H,B,B,B,H,B,A,A,H,H,A,A,H,H,A,H,H,H,B,H,B,A,A,H,H,H,H,B,B,B,H,H,B,B,B,B,H,H,H,B,H,A,H,B,B,A,A,-,-,A,B,H,-,B,H,-,H,-,A,B,H,B,B,A,H,A,H,B,A,H,B,B,H,B,H,H,A,H,H,H,A,A,A,B,B,A,A,B,A,B,H,H,B,A,A,B,B,H,B,B,A,H,A,A,H,-,A,H,A,A,A,-,B,B,B,B,A,B,H,A,H,H,A,A,H,B,H,B,A,H,A,B,-,H,B,B,A,H,B,H,H,H,H,A,H,B,B,H,H,A,B,H,H,A,A,A,B,H,H,B,A,A,A,H,B,B,H,H,B,H,-,H,B,H,H,H,H,A
M06_036,-,A,H,A,B,A,H,A,A,H,A,H,A,H,H,B,H,B,B,H,B,H,A,B,A,H,H,H,H,A,H,A,A,B,B,H,A,H,H,B,A,H,H,B,A,A,B,H,H,B,H,A,H,-,B,H,H,H,H,B,B,H,H,B,H,H,H,A,A,A,A,H,A,H,A,H,H,B,H,A,H,B,H,H,B,H,B,B,H,H,A,H,H,H,A,H,H,H,H,H,H,H,H,H,B,H,B,H,H,H,A,B,H,H,H,A,H,B,B,H,H,B,H,A,A,B,H,B,H,A,B,H,H,A,H,H,H,H,A,B,H,B,A,H,A,H,-,B,B,H,H,H,A,B,H,H,B,B,H,H,B,H,B,A,H,H,H,B,H,B,H,A,A,A,H,A,H,B,A,A,H,H,B,-,B,A,H,B,B,H,H,A,H,A,A,B,A,H,B,H
M06_037,A,-,B,H,B,H,H,A,H,H,H,H,B,A,H,A,H,H,A,A,B,H,H,H,A,A,-,A,B,B,H,A,H,A,H,A,H,H,H,A,H,A,B,H,A,H,A,H,A,H,H,B,H,B,B,B,H,B,H,H,B,A,H,H,A,B,H,H,B,H,B,A,H,H,H,A,H,A,A,H,H,B,H,H,A,A,H,A,H,A,H,B,B,H,A,B,B,B,A,H,A,A,A,H,B,H,H,B,A,A,A,B,H,H,B,A,A,H,B,H,A,H,A,H,H,H,B,H,A,H,H,B,H,H,B,H,B,A,A,B,A,H,H,H,B,H,B,H,H,H,B,A,H,A,A,B,A,H,H,B,-,A,H,A,H,H,A,-,A,A,A,H,H,A,B,B,H,H,B,B,A,B,A,H,H,H,A,A,B,B,H,-,H,H,H,H,B,B,H,A
M06_038,B,H,H,A,B,H,H,H,H,H,H,A,H,A,H,H,H,H,H,A,H,H,H,H,A,H,B,H,H,B,H,B,A,A,H,A,H,A,B,B,B,B,B,H,-,A,H,B,H,H,H,A,H,H,B,B,A,B,B,H,B,A,B,H,B,H,B,H,H,B,H,B,H,B,H,A,B,A,B,H,-,H,H,-,B,H,H,A,H,A,H,H,B,H,H,H,A,A,B,H,A,A,H,H,H,A,H,B,H,H,H,B,A,H,B,A,B,H,H,B,A,H,B,H,A,H,A,H,H,H,H,A,A,B,A,H,B,H,H,A,H,H,H,B,H,A,H,A,H,H,H,H,B,H,H,H,B,B,H,H,B,B,A,B,B,H,H,H,H,A,B,H,H,A,H,H,A,H,A,H,B,A,A,H,H,H,H,A,H,A,A,H,H,A,A,H,H,A,A,H
M06_039,A,-,H,B,B,H,H,H,H,H,B,B,H,B,H,H,H,H,B,H,H,B,H,-,A,B,B,-,A,H,H,H,H,A,A,A,H,H,B,A,H,B,H,A,H,H,A,B,H,H,H,B,H,H,B,B,A,H,A,A,B,H,H,A,B,B,H,B,B,H,A,H,H,H,H,B,H,H,B,H,H,H,H,A,H,B,H,H,H,B,B,H,H,H,A,A,A,H,H,H,H,A,B,A,H,H,A,H,-,H,H,A,H,B,H,A,H,A,B,-,H,B,A,A,H,B,H,H,A,B,A,H,A,A,A,H,H,H,H,B,A,A,-,H,A,H,H,H,H,H,B,H,H,A,H,B,A,H,B,H,H,B,A,A,B,H,-,H,B,H,H,H,A,A,H,B,H,B,B,B,B,A,H,B,-,B,A,H,A,-,H,H,B,B,H,A,H,B,H,H
M06_040,A,H,B,B,A,H,H,H,H,H,B,B,B,H,A,H,H,B,B,H,H,H,H,H,B,H,B,A,A,H,B,H,-,H,B,H,H,H,A,H,H,B,H,H,B,B,B,H,H,H,A,H,H,H,H,A,H,H,H,H,A,B,A,H,B,A,H,H,A,H,H,A,H,A,B,H,A,B,H,A,H,H,A,A,H,B,H,H,B,A,A,B,H,A,H,B,H,H,A,H,H,A,H,H,A,H,H,H,B,H,A,H,H,B,A,H,H,B,H,B,A,H,A,B,A,H,A,B,H,B,A,A,H,H,H,H,A,H,H,H,H,A,B,B,H,H,A,H,H,H,B,A,A,H,H,A,H,H,B,H,B,H,B,H,-,B,H,H,B,H,A,B,H,A,H,B,B,H,A,H,H,A,B,A,H,A,B,A,H,B,H,A,A,H,H,H,A,-,B,B
M06_041,H,B,B,-,H,B,B,A,B,H,H,H,H,H,H,H,H,H,A,B,H,-,H,B,A,A,B,H,H,H,-,H,H,B,B,B,H,H,H,H,H,H,H,B,A,-,H,A,H,A,H,A,B,A,B,B,H,A,H,A,A,H,H,H,H,B,A,A,H,B,B,H,H,H,A,H,H,H,B,B,A,B,A,A,B,H,B,H,B,B,H,H,B,H,H,H,H,B,A,H,H,H,H,H,B,H,H,H,H,H,H,A,H,H,H,A,-,B,H,A,A,A,H,H,A,H,A,A,B,H,B,A,H,H,H,H,H,A,H,B,H,A,H,B,A,H,B,H,A,H,A,A,A,A,B,H,H,B,H,H,A,H,H,H,H,A,H,A,H,A,H,H,H,A,H,A,H,A,H,A,B,H,A,A,H,B,A,B,H,B,B,B,A,B,A,H,-,H,-,B
M06_042,B,H,H,A,H,-,H,B,H,B,H,A,H,H,-,A,H,A,B,B,H,A,H,H,B,A,H,H,A,A,H,H,B,B,H,H,A,B,H,H,B,A,-,H,A,A,H,H,H,B,H,H,A,A,H,-,B,H,H,H,-,A,B,H,A,H,B,B,H,H,B,H,H,H,A,A,B,B,B,H,A,H,H,H,B,H,H,B,B,H,A,B,A,H,B,A,H,H,H,B,B,H,A,B,H,A,H,A,A,H,-,H,H,B,H,H,H,H,B,H,A,H,A,H,A,H,H,B,H,A,B,H,A,H,A,H,B,H,H,A,H,B,H,H,H,A,B,A,H,B,H,B,H,H,B,B,H,H,H,H,A,H,B,H,B,H,H,A,H,B,B,B,B,H,A,H,H,H,B,H,A,B,H,H,B,H,H,B,A,B,H,A,H,B,B,B,A,A,H,H
M06_043,B,H,H,A,A,A,H,A,B,H,B,H,H,H,B,B,H,H,A,H,B,A,H,H,B,A,A,A,A,H,A,H,B,A,A,B,H,A,H,B,A,B,A,H,B,A,H,H,H,A,H,H,A,H,B,H,H,H,A,H,H,H,H,B,A,-,A,A,A,H,-,H,A,H,H,A,H,H,A,B,H,B,A,H,A,H,H,A,H,A,B,H,H,B,A,H,A,A,A,H,H,A,H,A,H,H,H,H,B,H,H,A,A,H,B,H,-,A,H,H,A,B,H,B,H,H,A,H,B,B,A,H,B,H,A,B,H,A,H,A,A,H,H,B,H,B,H,H,H,H,H,H,H,H,A,B,H,B,A,H,B,A,H,H,H,H,H,H,H,A,B,A,H,A,B,B,H,A,B,H,H,B,H,B,A,B,A,A,B,H,B,B,H,A,H,A,A,H,B,B
M06_044,H,B,B,H,A,A,H,A,-,H,H,B,H,A,H,B,A,A,H,H,B,H,B,H,A,H,H,B,H,B,H,H,A,A,H,B,H,H,B,H,H,B,H,B,H,A,B,-,H,H,H,B,B,A,B,H,A,H,A,B,-,B,B,A,H,H,B,B,H,B,A,H,B,A,B,H,H,H,A,A,H,B,H,H,H,A,B,A,H,B,H,H,B,H,H,B,A,H,B,B,H,A,H,B,H,H,H,H,B,H,A,H,H,H,A,-,B,H,B,H,H,H,H,H,B,A,A,A,H,B,A,H,A,H,A,H,H,A,H,H,H,H,H,H,B,-,H,B,B,H,B,H,A,B,-,H,B,A,H,H,B,B,B,A,H,H,H,H,-,H,B,B,A,H,H,B,B,H,A,A,H,B,A,B,A,H,B,H,B,B,H,H,B,A,H,B,B,B,A,B
M06_045,B,H,H,H,B,B,H,H,H,H,H,H,H,A,A,H,A,B,B,H,B,A,H,H,B,H,H,A,B,H,H,B,B,A,H,H,-,A,H,H,B,B,H,H,B,H,B,B,B,A,H,H,H,H,H,H,B,H,A,A,A,B,B,H,-,B,A,H,H,B,H,H,B,H,B,H,A,A,B,A,H,H,H,H,A,A,A,A,A,H,A,H,H,A,B,H,B,A,A,H,H,H,H,H,B,A,H,H,H,A,H,H,B,B,A,H,B,H,H,H,H,A,H,H,H,H,H,A,H,B,H,B,H,A,-,H,B,H,H,H,B,B,A,H,B,-,H,A,H,H,B,A,H,A,H,B,A,A,H,H,B,A,B,H,A,A,B,B,H,B,A,H,H,B,H,B,B,A,H,A,B,H,A,H,H,H,B,A,H,A,B,-,H,A,H,B,H,B,A,H
M06_046,H,H,H,H,H,H,A,B,H,H,B,A,H,-,H,H,B,H,A,H,H,A,A,B,H,H,B,B,H,B,H,H,H,A,H,A,H,H,A,B,H,H,B,B,A,H,B,A,A,H,H,B,B,A,B,A,H,H,H,H,B,H,B,A,H,B,A,H,H,H,A,H,H,H,H,B,H,H,B,A,H,A,B,H,H,H,-,H,H,B,B,H,B,B,H,B,B,H,H,A,A,H,H,B,B,H,A,H,A,H,H,H,H,A,A,H,-,H,H,B,B,-,H,A,H,H,H,A,B,A,B,A,H,H,B,H,A,B,H,A,H,H,H,H,B,B,H,A,H,B,H,H,B,H,B,H,H,A,B,H,B,A,H,H,H,H,H,H,B,B,H,H,H,H,A,-,B,A,H,A,B,B,A,B,H,H,H,H,B,H,A,A,B,A,H,H,A,B,B,A
M06_047,A,B,H,H,H,H,H,H,A,H,H,B,B,B,H,H,H,H,H,A,B,A,H,H,H,H,A,B,B,H,A,A,A,H,H,H,H,B,A,H,H,B,H,H,B,B,B,A,H,B,H,H,H,H,H,H,B,H,H,B,H,H,A,H,B,B,H,H,A,H,A,B,H,H,A,H,H,H,H,H,H,H,B,A,H,H,H,H,-,B,-,A,H,B,H,H,H,H,H,H,H,A,B,A,H,B,A,A,H,B,H,B,H,B,-,B,H,A,H,A,A,H,A,H,A,H,B,H,A,H,-,-,H,B,H,H,A,A,A,H,B,H,H,H,H,H,B,A,H,B,H,H,H,H,A,A,A,B,H,B,H,B,H,A,H,B,H,H,H,H,A,H,H,H,A,H,H,H,H,H,H,H,B,B,A,B,H,H,B,B,H,H,B,H,H,B,A,H,H,H
M06_048,A,H,A,H,H,B,H,A,B,A,H,H,A,A,B,H,H,B,B,A,A,H,A,H,H,H,H,B,H,H,H,H,A,H,B,B,A,H,H,B,B,H,A,H,A,H,H,A,H,B,H,H,A,H,H,B,A,A,A,B,H,B,H,B,A,A,H,-,H,H,H,B,B,A,H,H,H,A,H,B,A,B,A,H,H,H,B,B,H,H,H,A,A,B,H,H,B,A,H,B,H,H,A,B,A,A,-,H,B,H,A,H,B,A,H,H,B,H,A,H,A,H,A,A,H,B,H,A,H,A,H,H,B,B,B,H,B,H,H,B,B,B,A,A,B,H,B,H,B,A,H,B,H,H,B,A,A,H,A,H,B,H,B,H,H,H,A,B,A,A,B,B,B,A,A,H,H,A,A,H,H,A,B,H,B,B,H,H,H,B,A,H,H,A,B,B,A,H,H,B
M06_049,H,B,A,A,H,A,B,A,-,B,-,H,H,H,B,A,H,B,H,H,H,B,H,B,H,B,H,A,B,H,H,H,H,H,A,H,A,H,B,H,H,H,A,B,H,H,H,H,H,A,H,H,H,H,H,A,H,H,A,B,H,H,B,B,H,H,H,-,B,H,A,H,H,A,B,B,A,A,A,B,H,H,H,-,H,A,B,H,H,H,A,H,A,B,H,H,B,H,H,A,B,A,H,B,H,A,A,H,H,H,H,-,H,H,A,H,A,H,B,B,H,A,H,H,A,A,A,A,A,H,H,B,H,H,-,A,H,A,B,H,H,H,H,H,H,H,A,A,H,A,B,H,A,H,B,H,H,H,H,B,B,H,A,A,B,H,H,H,H,H,A,A,H,A,H,H,B,B,B,H,B,H,B,A,A,H,B,H,B,A,A,B,H,H,B,B,H,B,H,H
M06_050,A,H,H,H,A,H,H,A,A,A,A,H,A,B,A,A,H,-,A,B,H,A,H,A,H,H,B,H,B,A,H,A,B,H,A,H,H,B,A,H,B,H,B,A,H,H,A,B,H,H,H,B,H,H,B,A,B,H,B,A,B,A,H,A,A,B,H,H,A,H,H,H,H,B,H,H,H,A,B,B,H,A,H,A,B,-,H,B,H,B,H,H,A,B,B,A,A,B,B,B,H,B,H,A,H,B,B,A,H,A,B,H,B,A,H,H,H,H,H,H,H,H,A,H,H,A,H,B,B,A,H,B,H,H,H,H,H,A,H,H,A,H,B,A,H,H,A,B,H,A,H,A,B,A,B,A,H,B,H,A,H,A,H,H,H,H,A,B,H,B,H,H,A,H,A,H,H,H,-,A,B,H,H,A,H,H,B,B,A,A,H,H,H,B,B,B,H,H,H,H
M07_001,H,B,H,H,H,H,H,H,A,B,B,A,H,H,H,H,H,A,H,H,A,H,A,H,H,B,H,H,H,H,A,A,A,H,H,H,B,A,B,H,A,B,H,H,A,H,B,H,B,H,A,A,H,A,H,A,B,B,H,B,B,H,H,H,B,H,H,A,H,A,H,H,H,A,H,B,H,A,H,B,-,A,H,A,A,H,A,H,H,H,H,H,H,H,A,H,B,H,H,-,B,B,B,A,B,A,H,H,B,B,B,B,H,B,A,-,A,B,B,A,H,H,-,H,A,A,H,A,H,H,B,H,H,A,H,B,H,H,B,A,H,A,H,A,A,H,B,B,H,H,B,H,H,A,B,H,B,B,H,H,H,A,H,B,B,H,H,A,H,B,H,H,B,H,H,H,H,B,H,B,B,B,A,A,H,B,B,-,H,B,A,B,H,B,H,H,H,B,H,H
M07_002,H,B,A,H,A,H,H,A,B,H,H,H,H,A,B,H,H,A,H,B,H,A,A,B,A,B,A,H,H,A,H,H,H,H,B,B,A,H,A,-,H,H,H,H,H,H,H,A,B,H,H,B,H,A,A,A,B,H,A,H,H,H,H,H,H,H,B,A,A,H,A,H,H,H,H,A,-,H,B,H,H,B,A,H,H,H,A,H,H,H,H,H,H,A,A,B,H,-,B,-,H,H,H,B,H,A,A,B,H,A,H,B,H,B,B,B,H,H,H,A,H,A,H,A,A,B,H,H,H,H,H,H,H,A,H,H,H,B,B,H,H,B,B,A,H,A,H,H,H,B,B,H,A,B,H,B,A,B,H,A,H,B,H,A,H,B,A,A,A,A,A,H,H,H,-,H,H,H,B,H,A,H,A,B,H,B,H,A,H,H,A,H,B,H,A,B,A,H,H,H
M07_003,B,H,B,H,H,A,H,B,-,A,H,H,A,B,H,H,B,A,B,A,A,H,H,H,A,H,H,B,H,H,H,H,A,H,H,H,H,H,B,H,H,A,H,A,A,A,H,H,B,H,H,A,H,A,H,A,B,H,H,A,H,H,A,H,A,H,A,H,A,H,A,B,A,A,H,B,B,A,H,H,A,H,H,H,B,H,H,H,H,H,B,B,H,H,H,B,A,H,H,H,A,H,H,A,H,H,B,A,-,A,B,B,H,A,H,H,B,H,B,A,H,B,H,B,-,H,A,H,H,B,H,B,B,-,H,H,H,B,H,B,H,H,H,H,H,H,A,H,A,H,B,B,H,A,H,H,H,A,A,H,A,A,B,B,A,H,H,A,H,H,H,H,H,B,B,B,H,H,H,H,B,A,H,A,B,H,B,A,B,A,H,A,-,A,H,B,B,H,-,A
M07_004,H,B,H,H,A,H,H,H,A,A,B,H,H,H,H,H,H,H,H,H,H,H,H,A,B,H,B,H,H,B,-,H,A,H,B,H,H,B,A,H,B,H,H,H,H,A,H,H,H,H,H,A,A,H,H,H,H,H,A,B,A,B,B,H,H,B,B,H,A,A,A,A,A,H,H,H,A,A,H,H,H,H,B,H,H,A,B,H,A,B,-,A,B,H,B,B,A,H,H,H,A,H,B,B,H,A,H,A,H,B,A,H,H,A,H,B,H,H,A,H,H,A,A,A,B,H,B,B,A,B,H,-,B,A,H,A,B,A,B,A,H,H,B,H,H,B,B,A,H,A,H,B,B,H,A,H,B,B,H,A,A,-,H,H,A,A,-,B,H,H,B,A,B,A,B,H,H,H,A,A,H,H,A,H,H,H,B,A,A,H,H,H,H,H,H,H,H,B,H,H
M07_005,A,B,H,A,B,H,H,B,H,H,H,B,A,B,H,H,H,A,-,B,H,H,B,B,H,A,H,B,H,H,H,H,B,H,B,H,B,H,B,B,H,H,B,H,H,B,H,B,H,H,A,H,B,H,H,B,H,A,H,H,B,H,H,H,B,H,H,H,H,B,-,H,A,A,H,H,H,B,B,H,H,B,H,A,-,H,-,B,H,A,A,H,H,H,H,B,-,B,H,H,H,H,H,B,-,A,B,H,A,H,A,A,A,H,H,A,H,H,H,A,H,A,H,B,H,H,A,H,B,H,H,H,A,B,H,A,H,H,H,H,H,H,H,B,H,A,H,H,B,H,A,B,A,B,H,H,H,B,H,H,H,-,H,A,A,H,H,A,A,A,H,H,A,B,A,A,B,H,A,B,A,B,A,B,A,B,H,A,B,H,H,H,H,H,B,H,A,-,H,B
M07_006,H,H,A,H,A,H,H,H,H,H,H,H,B,H,A,B,H,B,B,H,B,H,H,A,H,H,B,H,H,B,H,A,B,H,B,H,A,A,H,H,B,H,A,H,H,H,A,H,H,B,B,H,H,H,H,H,A,A,A,H,A,A,H,H,A,B,H,H,B,A,H,A,H,A,H,H,B,H,B,A,H,H,B,A,B,A,B,H,H,B,B,B,H,B,H,B,H,B,H,H,H,H,H,H,H,B,H,H,H,B,A,B,H,A,B,H,A,H,B,B,B,H,A,H,H,H,H,H,A,H,A,B,B,B,A,-,H,H,B,B,A,B,A,B,H,H,H,B,H,B,A,B,B,H,B,A,B,A,H,-,H,H,H,B,A,H,B,B,H,H,H,H,H,H,H,H,H,H,A,B,B,H,B,H,A,H,A,B,A,A,A,A,H,H,A,H,H,H,A,H
M07_007,H,H,H,A,H,H,H,A,H,H,H,A,B,A,B,B,B,B,-,B,A,H,A,H,H,B,B,H,H,H,H,H,B,B,A,H,B,H,H,B,H,H,B,H,H,A,A,H,H,H,B,A,A,A,H,B,B,H,A,H,B,H,A,H,A,H,B,A,H,A,B,A,H,H,B,A,H,A,B,H,A,H,B,H,H,H,H,H,H,B,A,H,H,B,B,B,A,H,A,B,H,H,H,H,H,H,H,H,H,B,A,A,H,H,H,A,H,H,H,B,B,B,A,H,A,B,H,A,H,H,H,A,A,H,H,H,H,H,H,A,H,A,H,H,H,B,H,H,A,H,A,A,B,A,H,A,A,B,H,H,A,H,A,B,H,B,H,H,A,B,A,H,H,H,H,H,A,H,H,H,H,B,B,H,B,B,A,H,B,H,H,H,A,A,B,A,B,H,H,H
M07_008,B,B,B,H,H,H,A,A,-,H,A,A,H,A,H,H,A,A,H,H,B,A,H,H,A,H,H,H,B,B,A,A,H,H,B,B,A,B,H,H,H,A,H,H,B,H,H,B,H,A,H,H,B,H,-,A,H,H,H,H,A,A,H,A,B,A,H,A,A,B,H,H,H,A,H,H,H,H,H,H,A,H,B,H,A,H,B,H,H,A,B,H,A,H,A,B,H,H,H,H,A,H,A,A,B,H,H,B,H,H,A,H,H,H,A,H,B,A,A,A,H,-,A,B,H,H,H,H,B,-,H,H,A,B,B,H,B,A,A,B,H,H,H,A,H,H,A,H,H,B,A,H,-,A,B,A,B,H,B,A,H,H,H,A,H,H,H,H,A,H,H,A,A,A,H,H,H,B,H,B,H,A,B,B,H,H,B,H,B,A,H,A,H,B,H,H,H,A,B,H
M07_009,B,H,H,B,A,H,H,H,H,A,B,H,H,H,B,H,H,A,H,H,H,H,-,A,B,H,B,B,A,H,A,-,B,H,H,A,H,H,A,H,B,H,H,H,B,B,A,B,B,B,B,A,H,H,B,A,H,H,H,H,H,B,B,H,H,B,A,A,B,H,A,B,B,B,A,H,H,H,-,B,B,A,B,B,H,A,H,A,B,A,H,B,B,B,B,B,B,H,H,H,H,B,H,B,A,H,H,H,H,B,A,A,B,B,A,H,A,B,H,H,H,H,A,B,B,B,B,H,A,-,H,A,H,A,B,H,A,B,H,A,B,A,B,H,A,B,H,H,B,H,H,B,H,H,H,H,H,H,A,H,A,H,H,A,H,H,B,B,-,H,B,B,H,H,A,A,H,H,H,A,B,H,H,H,H,A,H,H,B,A,H,H,H,H,H,H,A,B,A,B
M07_010,B,B,-,A,H,A,A,A,H,H,B,H,H,H,B,B,H,A,A,H,H,B,H,H,B,B,H,A,H,H,B,-,H,H,A,H,A,A,H,H,B,B,H,A,H,H,H,H,-,H,H,H,H,A,A,H,A,A,A,H,H,H,-,H,H,H,H,H,A,H,H,H,H,B,B,-,H,H,H,H,B,A,H,A,A,A,H,H,A,H,H,A,A,A,H,H,H,A,B,H,B,A,H,-,B,-,H,H,B,H,A,H,H,A,H,H,H,B,H,H,H,H,A,B,B,A,-,H,H,-,A,H,B,H,H,H,A,A,B,A,H,H,B,B,-,H,B,B,H,A,H,-,B,H,A,A,B,H,H,H,B,H,-,B,H,A,A,A,B,A,B,A,A,B,B,A,A,H,A,B,H,H,A,A,H,A,H,B,A,H,B,H,B,A,H,A,B,H,H,B
M07_011,B,B,H,H,H,H,H,H,H,B,A,-,H,H,A,A,B,B,A,H,H,H,H,B,B,A,H,A,-,-,-,H,B,H,A,H,B,A,A,B,A,H,H,B,B,B,A,H,H,B,H,A,A,H,H,H,A,B,H,H,H,B,H,B,A,B,H,H,A,B,H,H,B,A,B,H,H,B,-,H,H,H,A,A,A,A,H,A,H,H,B,H,B,H,A,A,H,A,H,H,H,A,H,A,H,H,H,B,H,A,B,H,H,H,H,H,A,B,H,A,H,B,B,H,H,H,-,H,H,H,B,H,A,A,A,B,B,B,H,H,A,H,B,A,H,A,H,B,H,H,B,B,B,H,H,A,H,A,B,H,B,H,B,B,A,H,A,B,B,A,B,H,H,H,B,B,H,H,H,H,A,H,H,B,A,H,A,H,H,H,H,H,H,A,H,H,A,A,A,-
M07_012,A,H,H,B,H,H,H,B,H,H,H,H,B,A,H,A,B,A,H,A,H,H,B,A,H,H,B,B,B,H,H,H,H,H,H,A,A,H,B,B,-,B,H,H,A,H,H,B,H,B,H,A,H,H,H,H,B,H,A,H,B,H,H,H,A,H,H,-,H,A,H,A,B,H,H,H,A,A,B,H,H,H,A,B,A,A,H,H,B,A,H,H,B,H,B,H,H,H,B,H,H,H,H,H,B,H,A,H,H,A,B,A,H,B,A,A,B,A,B,A,B,A,B,B,H,B,A,A,H,H,B,H,H,H,B,B,B,A,A,B,B,H,B,B,A,-,B,A,H,-,H,B,A,H,A,A,H,B,H,B,H,A,B,A,B,A,B,H,H,-,A,H,A,B,B,B,H,A,A,H,H,B,H,B,H,H,A,H,H,H,H,-,H,A,H,H,H,H,H,H
M07_013,H,H,B,H,H,B,A,H,H,B,H,H,A,B,H,A,H,A,A,H,H,B,H,B,B,-,B,B,B,A,B,A,H,H,B,H,H,H,A,H,H,H,A,A,A,B,H,H,H,H,H,A,H,H,B,A,B,A,H,A,B,H,H,H,H,A,A,B,A,H,A,A,B,B,H,H,-,H,-,B,B,H,B,A,A,H,A,H,H,H,A,B,A,B,A,H,B,B,B,B,H,H,H,B,B,B,H,H,B,A,A,B,H,H,B,B,A,A,B,B,A,B,H,H,B,H,A,H,H,B,H,H,H,H,H,A,A,B,H,H,B,H,H,B,H,H,H,B,A,A,H,H,B,B,A,B,B,H,H,B,B,B,A,H,B,A,A,B,H,-,H,A,B,B,H,A,H,H,A,B,B,B,B,H,H,B,-,H,B,A,B,A,H,A,B,B,H,B,-,A
M07_014,H,H,H,-,A,A,A,H,H,A,H,B,A,B,H,H,B,H,B,A,H,H,H,H,B,H,H,B,-,H,B,B,B,H,H,A,B,B,H,A,A,-,H,H,H,B,H,H,H,A,H,B,B,A,B,H,B,H,A,H,B,A,A,B,H,B,A,B,H,B,A,B,H,H,A,H,H,H,H,H,A,B,B,A,H,A,B,A,B,H,A,B,H,H,H,H,B,H,A,H,-,A,A,A,H,H,H,A,H,B,B,H,B,H,H,H,A,H,H,B,H,H,H,H,A,A,A,B,A,H,B,-,H,H,H,H,H,H,H,B,B,H,H,H,B,H,H,A,H,B,H,A,A,H,A,H,H,B,A,B,A,H,B,A,A,H,B,A,A,H,A,A,A,H,H,H,A,H,H,A,H,H,B,H,B,B,B,H,A,H,B,H,H,H,B,H,H,H,A,A
M07_015,B,B,B,H,H,-,B,B,H,H,B,H,H,B,B,A,H,B,H,B,B,B,H,A,A,H,H,H,A,H,H,H,A,B,H,A,A,A,H,H,B,H,B,B,H,H,H,B,A,H,B,H,H,-,H,H,H,H,H,-,A,A,H,B,H,H,B,B,H,H,B,H,H,B,H,A,A,B,A,B,H,H,H,H,A,A,H,H,H,A,H,H,A,A,H,H,H,-,B,B,H,H,-,B,H,-,H,H,H,H,H,A,-,B,A,-,A,H,B,-,H,B,H,H,B,B,H,-,H,H,A,A,H,A,H,A,H,A,-,H,A,-,H,H,B,H,B,H,H,A,B,A,H,B,A,H,H,B,H,A,H,H,B,H,H,H,H,H,A,A,H,H,H,A,B,A,B,B,H,A,A,B,B,B,B,A,H,B,H,H,-,A,A,A,H,H,H,B,B,A
M07_016,A,H,H,H,H,-,H,B,H,H,A,A,H,H,H,A,H,A,H,B,H,A,B,H,-,H,H,H,A,H,H,H,H,H,A,A,A,B,A,A,H,H,H,A,H,H,B,A,-,A,H,H,H,-,B,A,B,B,H,B,A,B,B,H,H,H,B,H,H,B,B,H,H,B,H,B,-,H,H,B,B,-,B,H,A,B,H,B,A,H,H,H,A,H,H,A,A,H,B,B,H,H,B,B,A,H,B,B,H,H,H,B,A,H,-,B,H,H,H,B,B,B,A,H,A,H,H,B,A,H,A,H,H,H,H,A,H,B,H,B,B,H,H,H,B,H,B,A,H,H,H,A,H,H,H,H,A,A,B,H,H,A,A,H,H,H,H,H,H,B,B,H,A,H,H,A,A,B,H,A,H,A,A,H,H,-,B,A,H,H,A,B,A,H,H,A,H,B,H,B
M07_017,H,H,H,H,H,H,A,H,H,A,B,B,A,H,B,H,B,A,A,A,B,A,B,H,A,A,H,A,B,B,A,H,H,B,A,H,H,H,A,H,B,H,H,H,H,H,H,B,A,H,A,H,A,B,H,B,H,A,A,H,A,B,B,H,B,H,H,H,A,H,H,B,H,A,H,B,B,A,H,H,A,H,A,B,H,H,A,B,B,B,H,H,A,A,A,H,H,H,H,B,B,H,B,A,A,H,H,B,H,B,B,A,H,B,H,H,H,H,H,A,-,B,B,B,A,H,A,B,B,H,H,H,H,H,B,A,A,A,A,H,A,H,H,H,B,B,H,A,B,H,H,B,A,H,H,B,B,H,B,-,H,A,A,H,A,H,H,A,H,H,H,B,-,B,A,H,B,A,H,H,B,H,B,A,B,H,H,H,H,H,H,B,B,H,H,B,B,H,H,H
M07_018,A,H,H,B,B,A,H,H,H,A,H,H,B,H,A,A,H,A,A,B,H,H,A,H,H,-,H,B,H,H,H,H,A,H,A,H,H,H,H,A,H,A,A,B,B,H,H,B,-,H,A,B,H,-,B,H,H,A,H,H,A,B,B,H,H,A,H,-,B,H,B,B,H,H,H,H,B,A,H,B,-,H,A,H,H,H,B,B,B,A,H,H,H,B,H,H,-,H,B,A,B,A,A,A,A,H,H,A,H,A,H,H,A,B,B,A,H,H,B,A,B,A,H,A,B,H,H,A,H,H,B,B,B,B,B,A,A,A,H,B,H,H,B,B,H,B,A,H,H,H,A,B,H,H,H,B,H,A,H,B,B,H,H,-,H,B,H,B,H,H,A,H,B,H,H,H,B,H,A,A,B,H,A,H,B,B,A,A,A,B,A,A,A,B,H,H,B,H,H,A
M07_019,H,B,H,-,A,B,H,H,H,A,A,H,H,B,A,H,A,H,H,H,H,A,H,H,H,A,H,B,A,B,H,A,-,A,H,H,B,H,H,H,H,H,A,H,A,H,H,H,A,A,A,A,H,H,A,A,H,A,-,H,A,B,H,H,A,A,A,A,H,A,B,B,H,B,H,H,A,B,H,H,B,A,H,B,H,H,H,H,H,B,A,H,H,H,H,B,B,H,A,-,H,B,H,H,H,A,A,H,B,B,H,H,H,H,H,H,A,A,H,H,A,B,B,H,H,A,B,H,A,H,H,B,H,A,B,H,H,H,B,H,A,H,B,H,-,H,B,H,B,A,H,H,H,A,H,A,H,H,H,H,H,B,H,H,A,A,A,H,H,B,H,B,A,B,H,A,H,H,H,A,H,A,A,B,H,H,H,B,H,H,B,A,H,H,H,B,B,B,A,A
M07_020,H,H,H,B,A,H,A,H,H,A,-,H,H,A,B,B,A,A,H,H,H,H,H,B,H,A,H,A,H,H,B,A,B,H,A,A,A,B,A,A,A,H,H,A,B,B,H,H,H,B,H,H,H,B,H,B,A,B,B,B,A,H,B,B,-,H,A,H,A,A,H,A,B,H,H,B,H,A,H,H,B,H,H,H,H,H,A,B,H,H,H,A,H,H,H,H,H,B,B,B,A,H,B,H,B,B,A,H,H,H,B,A,H,B,A,H,H,B,H,A,B,H,H,H,A,B,A,H,B,H,H,A,H,A,B,H,H,A,H,B,B,A,B,A,H,B,B,H,A,A,H,A,H,A,H,B,H,A,H,B,H,H,B,H,H,H,B,-,B,H,H,H,B,H,A,A,H,A,H,H,H,A,A,H,H,A,H,A,B,H,H,B,H,B,H,A,H,A,H,H
M07_021,A,A,H,B,A,A,B,H,B,H,B,H,A,B,B,-,B,A,B,H,H,H,H,H,H,-,A,H,A,-,A,A,A,A,H,A,B,A,H,-,H,A,A,B,H,H,H,H,B,H,H,B,H,H,B,H,B,H,H,B,A,H,A,A,H,H,-,B,H,H,H,A,H,H,H,A,H,B,A,A,A,B,H,B,B,B,H,H,B,H,A,H,H,A,B,B,A,A,A,H,H,H,B,A,H,H,-,H,H,A,A,H,H,A,B,B,H,A,H,A,H,H,A,H,H,H,A,H,A,H,H,B,H,B,A,H,H,A,B,B,A,B,A,A,-,H,B,A,B,A,B,B,H,H,A,A,H,H,H,A,H,H,H,B,H,A,A,H,A,H,B,B,H,B,B,H,B,B,B,H,H,H,B,A,B,A,A,B,B,H,B,B,B,H,B,B,B,H,H,B
M07_022,-,B,B,B,H,A,H,H,A,A,H,B,A,A,H,A,A,-,H,A,B,A,B,B,B,A,H,B,H,H,A,H,A,B,-,A,H,H,-,H,A,H,H,H,H,B,H,H,B,A,A,B,H,B,A,B,A,B,B,H,H,H,A,H,H,-,B,H,H,-,H,H,B,H,A,A,H,H,B,H,H,B,H,H,H,H,B,B,H,B,A,B,A,A,B,H,H,H,A,A,A,H,H,H,H,B,H,A,B,H,B,H,B,A,B,A,A,A,H,H,B,B,B,B,B,B,B,B,H,A,H,A,A,B,H,H,B,H,H,H,H,H,A,H,B,H,H,-,H,H,A,B,H,A,A,B,A,B,H,H,H,H,H,H,H,H,H,H,H,H,A,B,H,H,H,B,A,B,H,H,H,H,A,B,H,H,H,H,B,A,B,A,H,H,H,A,H,B,H,-
M07_023,A,H,A,A,H,A,A,H,H,A,H,-,A,H,H,A,H,B,B,H,A,H,A,H,B,H,H,A,A,B,H,H,H,H,H,H,H,H,A,H,A,B,H,B,H,A,H,H,H,H,A,B,B,H,B,A,A,H,H,H,H,A,A,A,B,H,B,H,A,H,H,H,H,H,H,A,B,H,H,H,A,B,H,H,B,H,B,H,H,A,H,A,B,H,H,A,B,B,H,B,B,H,A,H,H,H,B,H,B,B,B,H,H,B,A,H,H,H,B,H,B,H,H,H,A,H,H,A,H,B,H,H,A,H,B,H,A,A,H,H,A,H,H,A,H,H,H,H,H,H,B,B,B,H,B,A,A,B,B,B,B,H,B,A,B,-,A,H,H,A,A,A,B,H,B,H,B,B,A,A,H,B,B,H,A,B,H,A,B,B,A,H,B,H,B,B,A,H,H,A
M07_024,A,H,H,H,A,H,H,B,H,B,H,H,H,B,B,B,H,H,H,B,H,B,H,B,H,B,H,H,H,B,H,B,A,A,H,B,A,H,H,H,H,A,H,H,H,B,B,H,H,A,H,B,B,A,A,B,A,H,A,B,A,H,A,A,H,A,A,A,A,B,H,B,H,A,H,A,H,A,H,B,B,H,H,A,B,B,H,B,B,B,B,A,B,A,H,A,B,B,H,A,B,B,H,B,A,H,H,A,H,B,A,B,A,H,B,A,H,H,H,H,H,H,B,A,A,A,A,A,A,A,H,A,A,H,H,H,H,H,H,B,H,A,H,H,H,H,H,A,H,B,H,A,B,B,B,H,H,H,H,H,A,B,B,H,A,H,H,-,H,H,B,H,A,H,-,A,-,H,B,-,H,H,B,H,A,B,A,B,A,H,H,H,B,H,H,H,-,H,H,H
M07_025,B,H,B,B,B,A,B,A,H,B,H,H,H,H,H,B,H,A,A,A,H,-,H,A,H,A,B,H,A,-,H,B,-,H,H,H,H,H,-,H,-,H,H,H,A,B,B,H,H,H,H,B,A,A,B,H,H,B,H,H,H,H,H,B,A,H,H,H,-,A,A,B,H,H,H,A,H,B,H,B,H,H,B,A,H,B,H,A,H,A,B,A,H,B,A,B,A,B,H,A,H,H,A,H,H,B,B,-,A,H,A,-,H,B,B,B,-,B,H,B,A,A,H,A,A,A,B,B,H,B,B,A,H,B,B,H,H,B,H,A,H,H,A,H,H,H,H,B,H,B,H,A,H,B,A,A,H,-,B,A,H,B,H,H,H,A,B,A,A,H,H,A,A,A,H,A,H,A,H,H,-,A,H,B,B,H,H,H,H,A,H,B,H,H,B,H,H,H,H,H
M07_026,H,H,H,A,B,A,H,H,B,H,B,H,B,A,H,B,H,B,H,B,A,H,H,B,H,H,H,B,-,-,H,H,H,A,B,H,-,H,A,H,B,H,H,B,H,H,A,A,H,A,H,B,H,H,H,A,A,-,H,A,H,H,B,H,H,H,H,B,A,B,A,H,H,A,H,-,H,H,H,H,A,H,H,H,A,H,H,A,B,-,H,A,B,H,A,H,H,A,A,H,A,A,A,B,B,H,H,H,H,A,H,A,H,B,A,H,A,B,H,B,H,A,B,H,H,H,H,H,H,B,A,H,B,A,H,A,H,H,-,H,H,B,A,H,H,A,B,H,B,B,H,B,H,B,A,A,A,A,H,A,A,A,H,H,H,A,H,A,A,H,B,B,B,H,H,B,H,A,B,A,H,A,A,H,A,B,H,H,H,H,B,H,B,B,A,B,H,B,H,H
M07_027,A,B,H,-,H,H,B,B,B,H,B,H,H,A,-,H,A,H,H,B,H,H,B,H,A,B,B,A,B,H,H,A,A,H,A,A,H,H,B,A,A,H,H,B,-,B,A,H,H,A,H,A,H,A,B,A,-,A,-,H,B,H,H,B,H,A,B,-,H,A,A,-,B,A,H,A,B,H,B,B,H,A,H,A,B,A,B,H,A,H,H,H,A,A,H,H,B,H,A,A,A,H,B,B,B,H,B,A,B,A,H,H,A,H,H,H,H,A,A,B,H,H,B,H,A,H,B,-,H,H,H,A,A,H,H,B,A,A,A,H,H,H,A,H,B,H,H,A,B,H,B,H,A,H,H,H,B,A,A,A,B,A,H,H,H,B,A,A,H,H,H,H,B,B,B,B,A,A,H,H,H,H,B,H,H,-,-,H,H,A,B,H,A,A,B,B,H,H,B,A
M07_028,H,A,H,H,B,H,B,B,A,B,H,H,A,H,A,A,A,H,-,H,A,B,H,A,A,B,H,A,A,H,B,B,H,A,H,B,B,B,-,H,-,B,A,B,B,B,H,H,B,H,H,H,H,H,H,H,H,H,B,H,B,A,A,A,B,H,H,B,A,A,H,A,H,B,H,H,H,H,B,B,B,A,B,A,H,H,A,B,B,B,A,H,B,-,H,H,A,B,A,H,H,H,A,H,B,B,H,B,B,H,H,B,H,-,B,A,B,B,B,A,B,H,B,-,H,H,A,H,A,H,H,H,A,H,B,H,H,H,H,A,A,H,H,H,H,H,H,B,H,B,B,B,H,H,H,B,H,H,H,A,B,H,H,A,H,H,H,B,B,H,B,H,H,H,H,H,A,H,A,A,A,H,A,B,B,H,H,A,B,H,A,-,H,H,B,B,H,B,H,H
M07_029,H,A,H,H,B,H,A,H,H,H,A,H,A,H,B,A,H,H,H,H,H,-,B,H,A,B,A,B,H,H,H,A,-,H,H,B,H,H,A,B,B,H,H,B,A,H,H,A,H,A,H,H,H,A,H,H,A,-,A,A,B,A,B,H,A,H,B,H,H,H,H,A,A,H,B,H,H,B,H,H,H,A,H,A,A,H,B,B,B,B,A,A,A,H,A,H,H,A,H,A,H,H,B,B,A,B,H,H,H,H,H,A,H,H,H,B,A,B,B,A,H,H,H,H,H,H,H,H,H,B,H,A,H,H,H,H,H,B,A,B,H,B,B,H,H,H,-,H,B,A,A,H,B,H,A,H,A,B,B,A,H,B,H,H,A,A,B,H,B,H,A,-,B,A,A,H,H,A,B,A,B,H,H,H,-,H,H,B,A,H,H,A,H,H,H,A,H,B,H,H
M07_030,B,B,B,A,H,A,H,H,H,H,B,H,B,B,H,H,A,H,H,H,A,B,B,H,H,-,H,A,B,H,A,A,H,B,B,A,B,H,-,H,A,H,B,H,B,H,B,H,A,A,B,H,A,B,B,B,H,A,A,H,H,A,H,H,-,H,A,H,B,A,B,A,H,H,H,H,H,H,B,-,B,H,H,A,A,A,H,H,H,B,H,A,A,-,A,B,B,A,A,H,B,H,H,B,B,B,H,H,A,H,H,H,A,H,H,B,H,H,B,H,H,H,H,B,H,A,H,A,H,A,H,B,A,H,A,B,B,H,B,H,H,A,B,H,B,B,A,H,H,B,H,H,H,H,B,A,A,H,A,H,A,H,H,A,H,B,H,-,H,B,H,H,B,A,H,H,B,A,B,B,H,B,B,A,B,H,A,A,B,B,-,H,B,H,A,H,B,H,H,-
M07_031,H,A,A,A,-,H,A,H,-,H,A,H,H,H,H,H,A,B,A,H,B,H,-,B,H,H,-,-,H,-,B,H,H,A,H,H,B,A,A,H,H,A,H,B,H,A,A,A,H,B,B,H,B,B,H,H,A,H,H,B,H,A,A,H,H,B,B,-,H,B,H,A,H,H,H,H,H,A,H,H,A,H,A,-,H,A,H,H,A,B,H,A,B,A,B,H,H,H,A,B,-,H,H,A,H,B,H,A,H,H,H,H,H,H,A,B,H,H,A,H,A,H,H,A,B,A,B,A,H,A,H,A,B,H,A,H,H,B,H,H,H,B,H,H,H,B,B,B,H,A,A,B,B,H,A,H,H,A,H,H,H,B,H,B,H,A,B,-,B,H,H,B,A,A,A,B,H,A,A,H,B,B,B,B,A,H,H,H,H,H,-,B,H,H,A,H,B,A,A,H
M07_032,H,H,A,H,B,A,H,H,H,H,A,B,A,H,H,B,H,B,B,H,B,H,A,A,B,H,H,B,B,A,H,B,B,H,A,H,H,A,B,H,H,H,A,H,H,A,-,H,A,A,B,A,H,A,B,H,A,B,B,B,H,A,H,H,H,H,H,A,H,H,B,A,B,A,A,H,H,H,H,B,A,H,H,H,H,A,B,B,H,H,H,A,H,B,H,H,B,B,H,H,A,B,B,H,A,H,H,A,B,A,H,H,B,H,A,H,H,H,H,H,H,A,A,H,H,H,B,-,B,B,B,B,H,H,B,A,H,A,A,B,B,H,B,H,B,H,B,B,B,B,H,A,-,H,B,H,A,A,H,A,H,H,H,B,H,H,H,B,H,H,-,H,B,B,B,B,H,A,A,H,A,A,-,A,A,A,H,B,B,B,H,A,H,B,H,B,A,H,H,B
M07_033,A,A,H,B,A,H,A,A,H,H,B,H,H,H,H,B,A,A,H,B,A,H,A,A,B,H,A,B,H,H,H,A,H,H,H,H,A,H,H,H,H,B,-,B,B,H,A,H,H,H,H,H,B,H,H,H,A,B,H,H,H,H,B,A,H,H,B,B,B,H,B,H,H,A,B,H,B,B,H,-,B,A,A,A,-,A,-,H,H,H,A,H,H,A,H,B,A,B,B,B,A,H,H,A,B,A,H,B,A,H,B,A,H,A,H,H,H,H,H,H,A,B,B,H,H,B,H,H,B,H,A,A,B,H,H,A,H,A,A,B,B,H,A,H,H,H,B,H,B,H,H,A,H,H,H,H,A,A,A,H,H,H,H,H,B,B,H,H,A,H,H,B,H,H,H,B,H,A,H,H,B,H,B,A,B,A,H,A,A,B,A,A,B,H,H,A,B,H,H,H
M07_034,H,H,B,B,B,H,B,H,B,H,H,H,A,B,B,H,H,A,B,-,H,A,B,H,H,H,H,A,-,B,H,H,H,B,B,H,B,H,H,H,B,H,H,A,A,H,A,A,B,B,H,B,B,H,A,A,A,B,H,H,H,H,A,H,B,B,A,A,B,H,H,H,H,A,B,A,A,A,B,A,B,A,A,B,B,B,A,B,A,H,H,A,H,H,B,H,H,B,H,H,A,H,H,H,A,B,B,H,B,A,H,B,H,A,H,B,A,A,B,H,-,A,-,H,H,H,H,H,H,B,B,-,A,H,B,-,B,A,A,B,A,H,H,A,H,B,H,H,H,A,H,H,H,H,-,H,B,A,H,-,B,H,H,H,H,H,A,H,H,H,A,H,H,A,-,A,B,H,B,A,H,A,A,H,H,A,H,A,H,H,H,H,H,H,-,H,H,B,A,B
M07_035,H,H,B,B,H,H,H,A,B,H,B,H,H,A,H,H,H,B,B,H,H,H,H,A,H,H,B,H,B,A,H,B,H,H,H,B,B,H,B,B,H,H,B,H,H,H,A,B,-,H,H,H,-,H,H,H,A,B,H,A,B,A,H,H,A,A,A,B,B,H,H,H,H,H,A,B,B,A,A,A,H,H,A,-,A,A,H,H,B,H,A,H,B,A,H,A,B,B,H,-,B,H,H,B,H,B,B,H,-,H,H,H,H,H,H,B,A,H,B,A,B,H,B,B,B,A,H,A,B,H,A,H,A,H,H,A,H,A,H,A,B,H,H,H,H,H,A,A,A,H,A,H,A,H,B,A,A,H,-,A,A,B,H,B,H,B,B,B,A,H,H,H,H,B,B,B,B,H,H,H,H,B,B,H,B,H,H,B,H,A,H,H,-,H,-,B,H,H,A,B
M07_036,H,H,H,A,B,H,-,A,H,H,B,B,A,H,A,B,A,A,H,H,H,H,H,H,H,A,B,A,B,H,H,H,A,H,H,H,H,H,H,B,H,B,-,A,H,B,-,H,A,B,H,A,H,A,H,H,H,H,H,H,H,H,A,H,B,B,H,H,H,A,B,A,B,H,B,H,H,A,A,B,B,B,A,B,B,H,H,H,H,B,H,H,A,H,A,-,H,H,A,B,B,H,B,H,H,B,A,B,H,H,H,H,H,A,H,H,B,H,H,H,H,B,H,A,H,H,B,A,H,A,H,B,B,B,H,H,H,H,B,A,H,H,B,B,A,A,-,H,A,A,B,H,H,H,H,H,H,B,H,A,A,H,H,H,H,B,H,H,H,-,H,A,H,H,A,A,A,B,H,B,H,A,B,B,A,A,H,B,B,A,H,H,H,H,H,H,-,H,H,A
M07_037,H,A,A,B,H,H,B,H,H,H,H,H,B,A,H,H,-,H,A,H,A,A,H,H,B,H,B,B,A,A,A,H,H,A,H,H,H,H,B,H,B,H,H,A,A,A,A,A,H,H,H,A,H,H,B,H,A,A,H,A,B,A,A,H,A,B,B,H,H,A,H,H,A,A,H,A,H,H,-,B,A,H,H,-,H,A,H,-,B,B,H,B,H,H,H,H,H,H,B,H,H,H,A,A,H,B,H,H,H,H,H,A,B,A,H,H,H,B,A,B,A,B,A,B,A,H,H,H,H,H,H,H,H,H,A,B,B,A,H,H,H,A,B,B,A,B,-,H,H,A,H,H,H,B,B,B,B,H,A,A,H,H,H,A,-,B,A,A,H,H,B,H,A,H,H,B,H,B,A,A,H,B,H,B,H,A,A,-,B,H,A,H,A,H,A,B,B,H,A,H
M07_038,A,H,A,B,B,A,-,H,H,A,A,H,A,H,B,H,B,H,H,B,H,B,H,B,A,A,A,A,H,H,H,H,H,B,A,A,A,A,H,B,H,H,B,B,B,B,H,A,H,A,A,B,H,H,H,H,H,B,B,A,H,H,H,B,H,H,B,B,A,B,H,B,B,-,B,H,B,H,A,H,H,H,A,H,H,B,H,H,H,H,B,H,H,H,H,A,H,H,H,H,B,H,A,A,A,B,B,A,H,H,A,H,-,B,H,A,H,B,A,H,H,A,H,A,B,A,H,B,B,H,H,A,H,B,A,B,A,H,H,H,H,H,A,H,A,H,H,B,A,H,H,H,H,H,H,A,B,B,A,B,A,B,H,H,H,H,H,H,B,A,H,H,H,A,A,A,H,H,H,H,H,B,H,H,H,B,A,H,A,A,A,H,H,H,A,H,A,H,A,H
M07_039,H,B,B,H,H,H,B,B,B,A,H,A,H,H,A,H,H,H,A,B,A,B,H,H,H,H,A,H,B,B,A,H,A,H,H,H,H,H,H,B,B,H,A,H,B,B,H,H,H,A,B,A,H,H,H,A,H,A,A,H,B,A,H,H,H,B,H,B,B,H,B,B,B,H,B,H,B,H,H,H,H,B,B,A,A,H,H,H,B,B,H,H,H,H,B,H,H,H,A,A,A,B,H,H,B,A,B,H,H,-,B,H,B,A,H,H,H,B,B,H,H,B,B,H,H,B,-,-,A,H,H,H,H,H,H,A,H,H,H,B,H,A,H,H,B,A,H,A,H,H,H,H,H,H,H,B,H,A,H,H,A,H,H,B,H,H,A,A,A,A,H,H,H,A,A,B,H,A,B,H,A,H,H,H,B,H,H,H,H,A,H,H,B,H,H,H,B,H,H,B
M07_040,B,H,H,B,H,H,A,H,H,A,A,A,A,A,B,A,H,A,H,H,H,B,A,H,B,H,B,-,B,H,A,H,B,A,H,A,B,H,A,A,B,A,H,H,A,A,B,H,A,H,B,B,H,H,B,B,H,B,H,B,B,H,B,H,H,A,B,A,B,A,H,A,B,H,B,H,B,A,A,B,A,B,A,H,B,B,A,-,B,A,A,H,A,H,H,B,B,H,H,H,A,B,A,A,H,H,H,A,H,B,H,A,A,H,-,H,B,A,H,B,-,A,A,H,H,H,B,B,A,H,A,B,A,B,H,H,H,H,A,H,H,B,H,H,B,B,A,H,A,H,B,B,B,H,A,A,H,A,A,H,A,H,B,A,B,B,H,B,H,B,B,B,A,B,B,B,A,A,H,H,A,B,H,H,H,H,H,H,H,H,H,H,H,H,H,H,H,H,H,H
M07_041,H,H,A,A,A,B,H,H,B,A,H,H,B,B,H,H,B,B,B,A,H,B,A,B,A,H,B,H,H,H,H,H,H,B,A,H,A,H,B,A,H,B,H,H,A,A,H,B,H,B,-,B,B,A,H,A,H,H,H,H,H,A,A,A,H,H,A,B,H,H,B,B,A,H,B,A,A,H,H,A,H,H,B,H,B,H,H,H,A,A,A,A,H,B,A,H,B,A,B,B,A,-,-,A,B,H,B,H,H,H,H,B,B,H,B,-,B,-,H,-,H,B,A,H,A,B,A,H,H,A,H,B,A,B,A,H,B,H,H,A,H,A,B,H,H,B,B,H,B,A,H,A,H,A,B,H,A,H,H,H,H,H,H,B,H,B,A,A,A,A,B,H,H,H,H,A,H,H,B,H,B,H,A,H,B,H,A,A,A,H,B,H,H,H,H,A,B,H,H,H
M07_042,A,H,H,H,H,H,H,B,H,A,B,A,H,H,A,B,H,H,H,H,B,H,H,H,H,H,B,B,A,B,B,H,A,A,A,B,H,H,H,A,H,H,H,A,B,B,H,H,A,H,H,B,H,H,H,A,B,H,H,A,B,H,B,A,H,H,H,H,A,H,H,A,H,H,B,A,H,H,A,H,H,B,H,A,H,B,B,B,B,A,A,-,H,A,A,B,B,A,A,B,H,B,H,H,H,B,H,H,H,H,H,H,A,B,A,B,H,H,H,B,A,H,A,B,H,B,B,H,A,A,A,A,H,B,A,A,H,B,H,H,H,H,H,H,B,B,B,H,A,A,H,B,H,B,H,A,B,B,H,A,A,A,H,A,H,H,H,H,H,H,H,H,A,H,A,H,H,B,B,B,H,-,B,H,H,H,A,H,H,H,B,B,H,B,B,A,H,H,A,H
M07_043,H,H,B,H,A,H,H,H,B,A,H,B,H,A,B,B,H,B,H,H,H,H,B,B,A,H,B,H,H,B,B,H,-,H,B,H,H,B,H,-,H,H,A,A,B,-,A,H,H,H,H,A,A,A,B,H,H,H,H,H,B,-,H,B,H,H,H,H,A,A,A,B,B,A,A,H,H,H,H,B,A,A,B,H,B,H,H,H,A,H,B,A,A,H,H,A,H,H,B,B,B,B,B,-,A,H,H,B,H,A,B,B,H,B,H,A,H,B,H,B,H,B,H,H,A,A,B,A,H,H,B,A,H,H,A,H,H,A,H,A,B,H,A,H,H,B,A,A,B,H,A,A,-,B,H,A,H,H,H,H,B,H,H,H,H,H,H,H,A,H,H,H,H,H,H,B,A,A,A,H,H,A,H,H,H,H,B,B,A,B,-,A,A,B,H,H,H,B,H,B
M07_044,A,H,H,A,H,A,B,H,H,H,H,H,B,B,H,H,H,A,B,B,B,A,A,A,A,-,B,A,H,A,A,H,H,A,H,H,A,H,B,A,B,H,H,A,H,H,A,H,H,H,H,H,H,H,H,H,-,B,B,A,H,H,B,B,B,H,A,H,H,A,A,B,B,A,B,B,H,H,B,A,B,H,H,H,H,B,A,H,B,B,B,-,B,H,-,-,H,A,H,H,A,A,H,B,H,H,A,H,H,A,B,B,B,H,B,H,H,B,A,A,A,B,H,H,B,B,B,A,H,B,H,H,B,H,H,H,B,A,H,B,H,H,H,H,H,B,H,H,A,H,H,H,B,H,H,A,H,H,H,A,B,B,H,H,H,B,B,-,B,H,H,H,H,B,A,H,A,B,A,A,A,H,H,A,A,A,H,H,H,A,B,H,B,B,B,-,H,A,A,B
M07_045,H,H,H,B,H,A,B,H,B,B,B,A,A,B,H,A,H,A,H,B,H,-,B,H,H,A,A,H,B,H,H,B,B,H,H,H,H,A,H,H,B,H,H,B,A,H,H,A,-,A,-,H,-,H,H,H,A,H,B,B,H,H,H,A,B,H,A,H,H,H,H,B,H,H,B,A,A,B,A,A,B,H,H,A,B,B,H,H,A,B,H,H,B,B,H,B,A,H,A,H,B,H,B,A,H,A,A,H,H,H,H,H,H,A,H,-,H,B,H,B,B,B,H,A,B,A,A,B,H,H,B,H,H,H,H,H,H,A,H,H,B,H,A,H,H,H,A,H,A,H,A,B,H,B,B,H,H,B,H,A,H,A,H,A,A,H,H,H,A,H,A,H,B,A,A,H,H,H,A,H,B,B,H,B,A,A,H,H,B,A,A,B,-,H,H,A,H,H,H,B
M07_046,A,H,-,A,A,A,H,H,B,A,H,A,A,H,-,A,H,A,H,B,H,H,H,B,H,A,A,H,H,H,H,H,H,H,B,A,B,A,A,B,H,-,H,A,H,H,H,A,H,H,B,-,H,B,H,H,H,B,H,A,H,H,H,H,H,H,H,H,B,B,H,B,A,H,A,B,B,H,A,H,H,B,A,A,B,H,H,H,-,H,H,A,H,B,B,B,H,B,H,H,B,B,A,B,B,H,B,H,B,H,H,A,B,B,B,A,H,H,B,B,H,H,A,H,A,A,B,H,A,H,A,H,A,A,A,H,A,H,H,B,B,B,H,H,H,H,H,H,H,B,B,B,A,B,H,H,A,H,H,H,A,H,H,A,H,A,H,H,B,-,-,A,H,A,B,A,H,H,-,H,A,H,B,B,H,H,A,H,H,A,H,A,A,A,B,B,H,A,H,H
M07_047,A,B,H,B,H,H,H,A,B,H,H,H,H,H,H,B,B,H,H,H,A,B,H,A,B,H,A,A,B,H,B,H,A,H,A,B,H,B,H,A,H,H,B,H,H,A,A,H,H,H,H,H,H,A,H,-,H,A,B,H,H,B,A,H,B,H,H,H,-,H,A,H,H,B,H,B,H,H,A,A,B,H,B,B,H,B,H,H,A,B,H,H,A,B,B,H,H,H,H,B,B,H,H,H,B,H,A,-,H,H,A,H,B,H,H,B,A,H,B,A,-,H,A,B,H,H,H,H,A,H,H,H,B,B,A,B,A,B,B,H,H,B,B,A,H,H,B,A,H,H,B,H,B,A,A,H,H,H,B,H,B,H,B,A,B,A,H,H,B,H,H,B,B,A,B,H,B,A,A,H,H,H,-,H,H,H,H,A,B,B,A,B,A,H,H,H,A,B,B,B
M07_048,A,B,H,H,-,H,H,H,H,B,B,H,A,H,H,H,H,B,H,B,H,H,H,-,-,H,A,A,B,H,H,B,B,A,B,H,H,H,B,H,B,A,H,A,H,A,H,A,B,A,H,H,A,H,H,H,B,A,B,-,A,H,H,H,H,H,H,H,H,B,A,H,H,H,H,-,H,H,H,A,A,H,A,H,B,A,H,H,A,H,H,H,-,A,A,B,A,H,H,H,H,H,B,H,A,-,B,H,B,H,H,B,H,B,H,B,H,H,H,H,B,A,B,H,H,H,H,H,B,B,H,H,B,B,B,B,H,H,B,B,H,B,B,A,A,A,A,B,A,H,B,B,H,H,H,A,A,A,H,A,H,B,H,H,B,A,B,A,H,H,A,A,-,H,H,B,B,A,H,B,H,H,B,H,B,H,B,H,H,B,B,A,B,A,A,A,B,B,A,-
M07_049,A,B,H,A,B,H,B,H,H,H,A,H,B,B,B,H,B,H,-,A,B,H,H,A,A,A,H,A,B,B,B,H,H,B,H,A,H,H,-,A,B,H,A,H,B,A,H,H,B,B,A,H,H,H,H,H,A,A,A,B,A,A,B,A,A,H,A,H,H,A,-,H,H,B,B,H,B,H,H,H,H,H,H,H,B,H,B,A,A,B,H,B,B,H,A,A,B,B,H,A,A,A,-,A,A,B,H,H,H,-,H,H,A,B,A,H,H,H,H,H,B,H,H,H,H,B,H,H,B,H,H,H,H,H,A,B,B,H,A,H,B,A,-,H,B,H,H,H,H,H,H,B,A,H,H,H,H,H,H,B,A,B,H,H,A,-,H,H,H,H,B,B,H,H,H,H,H,B,B,H,A,B,H,B,H,A,H,B,A,B,H,A,H,A,A,B,H,H,A,A
M07_050,B,H,A,H,B,B,H,B,H,A,B,B,-,H,A,B,H,H,A,-,B,H,B,B,B,B,H,B,H,H,B,B,H,H,H,H,H,B,B,H,H,A,B,A,B,H,A,B,A,H,H,H,A,H,A,H,-,-,H,B,A,B,A,B,-,-,B,A,A,H,H,H,H,H,H,A,A,H,H,H,B,A,H,A,B,H,H,H,H,A,H,B,A,H,H,H,H,H,H,H,H,H,A,A,B,A,H,H,A,H,B,B,B,A,H,H,B,-,H,H,H,H,A,H,H,H,A,B,B,B,H,H,A,-,H,H,H,H,A,B,H,A,H,A,A,H,H,H,A,H,B,H,B,H,H,H,B,H,B,H,A,A,A,A,H,H,H,B,B,A,A,H,A,A,H,H,B,B,H,B,A,B,H,B,A,H,-,H,A,H,A,H,A,H,A,H,B,B,A,A
M08_001,A,B,A,H,A,B,B,B,B,H,H,H,A,A,H,H,H,B,H,B,H,H,A,A,A,A,H,H,H,H,B,A,B,A,B,H,B,A,B,B,H,H,A,H,H,H,A,H,H,H,A,H,A,H,H,H,H,B,B,B,A,H,H,-,A,B,H,B,A,H,H,H,H,B,B,A,H,H,B,H,H,H,H,A,H,B,A,H,B,A,A,H,B,H,H,A,-,H,H,H,H,H,H,B,A,H,H,A,B,A,A,A,A,A,H,H,A,-,H,H,A,H,A,A,H,H,A,H,A,A,H,H,B,H,H,-,B,A,H,B,B,H,H,H,A,B,H,H,H,A,B,H,B,B,B,A,B,H,A,A,H,A,A,B,B,H,A,A,H,H,B,B,B,A,A,A,A,B,-,H,B,A,H,H,-,B,A,H,H,H,B,B,A,H,H,H,H,A,B,H
M08_002,A,H,H,B,H,H,B,H,B,H,A,H,H,H,H,H,A,H,B,A,H,A,A,H,H,H,H,H,B,B,A,H,H,B,A,H,-,H,A,H,B,H,H,A,H,H,A,H,H,A,H,H,H,B,A,H,H,A,B,H,H,H,-,H,H,H,H,H,B,A,B,A,H,H,B,A,H,-,H,A,H,A,A,-,H,B,A,H,A,H,H,H,H,H,H,H,B,A,H,H,B,H,A,B,H,H,H,H,B,H,A,B,H,A,H,A,H,B,H,H,B,B,H,H,B,A,H,H,A,H,H,A,H,H,A,B,H,B,H,A,A,B,H,B,B,A,-,A,H,H,A,A,H,H,H,H,H,H,H,B,B,B,A,H,H,B,H,H,H,A,H,A,A,H,A,A,H,B,H,H,H,H,B,A,H,H,B,H,B,A,H,H,H,B,H,H,H,H,B,B
M08_003,A,H,A,H,A,B,B,A,B,A,-,H,H,A,B,H,B,B,B,H,B,B,H,B,B,H,A,A,H,-,A,H,B,-,H,B,H,A,H,B,H,H,B,A,H,H,H,H,A,H,A,B,H,H,H,A,H,H,A,H,A,A,H,H,A,H,H,H,A,B,A,H,H,H,B,B,-,A,-,B,A,H,A,A,A,B,B,B,B,A,-,A,A,H,H,A,H,H,H,H,B,B,H,B,H,H,A,A,A,H,H,H,A,H,H,H,H,H,H,A,H,A,A,H,A,H,H,H,H,H,H,H,H,A,H,H,H,B,H,H,H,B,H,B,A,A,A,H,H,H,H,H,B,A,A,H,H,H,B,B,A,A,H,A,A,A,H,H,H,A,B,A,H,H,H,H,B,A,H,A,H,A,H,A,H,A,A,A,H,B,H,H,B,H,H,B,B,A,H,H
M08_004,H,B,H,H,B,H,H,H,B,B,H,H,H,H,-,H,H,H,A,H,B,B,H,B,H,A,A,H,-,H,H,B,H,B,B,B,B,A,B,H,H,B,A,B,B,B,B,H,H,-,A,B,A,H,A,A,H,H,H,A,H,B,A,H,H,B,A,A,A,B,B,B,H,A,A,-,H,H,H,A,B,H,H,H,B,H,A,A,A,H,H,B,B,H,B,B,H,A,-,H,B,H,B,B,H,A,A,B,H,H,A,A,A,H,H,B,B,H,B,B,B,H,H,H,B,B,A,H,H,H,A,B,A,H,B,B,H,B,B,A,A,H,B,B,A,H,H,H,H,H,H,H,B,B,B,B,A,B,A,B,H,A,H,H,H,H,B,H,H,B,A,H,B,H,H,A,A,A,A,H,-,A,B,-,H,A,H,H,A,B,H,H,A,H,H,-,H,A,H,B
M08_005,A,H,H,A,B,H,H,H,H,H,H,B,H,H,B,H,B,H,H,H,H,H,A,H,B,H,H,B,A,B,H,H,A,A,A,B,B,H,H,B,B,H,A,H,H,H,H,B,H,H,H,H,A,H,A,H,A,H,A,A,B,H,H,H,H,H,B,A,B,B,A,H,H,B,A,H,B,A,A,B,B,H,H,B,B,H,H,H,A,A,B,A,A,H,A,H,H,H,H,-,H,A,B,H,H,H,A,A,B,H,H,B,A,B,H,H,B,H,A,H,B,H,H,H,H,-,H,B,B,A,H,H,H,A,H,A,B,-,H,H,B,H,A,H,H,H,B,B,B,H,A,B,H,H,H,B,A,-,-,B,H,H,H,H,H,H,A,B,B,H,B,H,H,H,H,H,H,H,A,H,H,B,A,A,H,A,H,A,H,H,H,-,B,B,H,B,H,H,A,H
M08_006,A,H,B,B,B,H,A,H,A,H,H,H,H,H,A,H,H,B,H,H,B,H,B,-,B,A,H,B,H,A,A,-,H,-,A,A,A,H,-,-,H,A,A,A,A,A,B,H,H,H,A,A,A,A,B,A,H,-,H,H,A,H,B,H,B,H,H,H,B,H,B,H,B,H,B,A,H,B,H,H,B,A,H,A,A,H,-,H,-,H,B,H,H,H,A,H,H,H,H,H,A,H,A,H,H,B,B,H,B,H,H,H,B,H,B,A,B,A,H,B,B,H,B,A,A,B,B,H,B,A,A,B,H,B,B,H,H,H,A,H,B,H,A,A,A,H,H,H,H,H,B,H,H,H,A,H,B,A,A,H,B,H,H,H,B,B,H,B,A,H,H,H,A,B,A,A,B,A,H,A,-,H,H,-,B,H,H,A,B,B,H,-,H,H,B,H,H,A,A,H
M08_007,H,H,H,A,A,B,B,B,H,B,H,-,A,B,H,H,B,H,B,H,H,H,H,H,H,B,H,H,A,H,H,H,A,B,B,H,H,H,H,H,H,B,H,H,B,H,B,B,B,B,H,H,A,H,H,H,H,H,H,A,H,H,H,H,H,H,H,B,H,H,H,B,A,H,A,A,B,H,H,B,B,A,A,B,H,B,H,H,A,H,B,A,H,A,H,A,H,H,H,H,-,H,B,B,H,H,H,H,H,H,B,H,H,A,B,H,A,B,H,H,B,H,A,H,B,A,B,B,B,A,H,A,H,H,H,A,H,A,H,H,H,H,A,A,B,H,A,B,-,A,B,B,H,B,A,B,A,H,H,A,B,A,B,H,H,H,H,B,H,H,A,A,B,H,H,A,H,H,A,H,A,H,H,H,A,A,A,H,A,H,H,B,A,A,A,H,H,H,A,A
M08_008,H,A,B,A,B,A,B,H,H,H,H,A,B,H,B,H,H,H,H,H,B,B,A,B,A,A,H,-,B,H,A,H,H,H,H,H,B,H,H,B,H,H,H,B,H,H,H,B,B,B,H,H,B,B,B,H,H,H,A,H,A,H,B,A,A,B,H,H,H,A,A,B,H,A,A,H,H,H,A,A,H,B,H,A,A,B,H,H,B,H,H,B,H,H,H,B,B,B,H,B,H,H,A,H,H,B,H,H,H,H,H,B,A,H,B,B,B,B,H,A,A,A,A,B,H,A,B,H,A,A,H,B,H,H,A,H,A,A,H,H,A,A,B,A,B,H,H,A,A,H,H,H,B,H,B,H,A,H,B,A,H,A,B,H,A,B,A,H,H,B,H,-,A,A,A,H,A,A,B,A,H,H,A,H,H,H,-,H,B,H,H,A,H,H,B,H,H,H,B,H
M08_009,A,B,B,H,B,H,A,H,B,H,A,A,H,B,H,H,B,H,A,B,H,H,A,H,B,H,H,H,H,H,A,A,B,H,A,A,H,A,-,B,B,A,H,A,A,A,B,H,H,H,H,B,B,A,H,H,H,B,A,B,A,H,B,B,H,H,B,H,A,B,H,H,B,A,H,H,B,H,H,H,A,H,H,A,B,H,H,A,A,B,B,B,H,B,B,H,H,B,H,H,H,H,H,H,H,-,B,H,B,A,A,H,H,A,-,H,A,B,B,H,B,H,H,H,H,-,A,B,-,A,A,B,H,B,-,H,B,H,H,A,H,H,H,H,H,A,H,A,B,A,B,H,H,H,A,B,H,H,B,H,A,H,H,B,B,H,H,H,B,A,H,A,H,A,B,H,H,B,H,H,A,H,A,B,B,H,B,H,H,H,H,B,B,H,H,A,H,H,A,H
M08_010,H,H,H,B,H,H,H,H,H,A,H,H,B,H,H,B,A,B,H,-,A,H,A,H,A,B,H,H,H,H,B,B,A,H,H,H,H,B,A,H,H,H,H,B,H,B,H,B,H,B,H,H,H,B,A,A,H,A,H,H,A,B,A,A,H,A,B,H,B,H,B,H,A,A,H,H,A,A,H,H,B,A,-,H,A,H,H,H,H,H,H,A,H,H,H,A,A,A,A,H,A,B,H,H,A,H,H,H,H,B,B,H,B,H,A,H,H,H,B,H,A,H,H,B,A,H,A,B,H,H,H,H,A,B,A,H,H,B,A,H,H,H,H,H,A,B,H,A,H,A,H,H,H,H,B,H,H,A,H,H,H,B,A,A,H,H,H,H,B,B,B,H,H,H,A,B,H,B,B,H,A,B,H,H,B,B,H,A,A,H,H,H,H,H,H,B,H,B,B,H
M08_011,H,B,B,B,H,H,B,B,H,H,A,H,H,H,-,A,B,A,B,A,B,B,B,B,H,B,H,B,H,A,B,B,A,B,A,A,B,H,A,B,H,H,H,H,B,H,H,A,H,H,H,H,B,A,A,A,B,A,B,B,A,H,A,H,H,B,A,B,B,H,H,H,A,H,H,H,H,H,H,H,H,H,B,H,H,H,A,A,H,B,-,B,A,H,A,H,H,H,H,H,A,H,-,H,A,H,H,H,H,A,-,H,H,B,B,H,A,H,A,B,H,B,H,B,H,H,H,B,B,H,H,A,H,H,H,B,H,H,H,B,A,B,A,H,H,H,B,A,H,H,B,H,H,A,B,A,A,H,B,B,A,H,B,A,H,H,H,H,H,H,H,-,H,H,B,B,B,H,-,B,H,B,H,A,H,B,H,H,H,A,H,A,B,H,H,H,B,H,H,B
M08_012,A,A,H,H,H,H,H,B,H,H,A,H,H,H,B,B,B,H,H,A,B,H,-,H,A,B,H,H,H,H,B,H,H,H,A,H,H,H,-,A,H,H,A,A,H,H,H,H,A,H,B,A,H,H,H,H,A,A,H,H,H,H,H,H,H,H,H,H,H,H,H,H,B,H,H,A,H,H,H,A,H,H,B,-,H,H,A,A,A,H,A,B,H,B,B,B,H,B,H,A,H,B,B,H,H,H,H,B,H,H,A,B,-,H,H,B,H,H,-,A,H,H,B,H,A,H,H,A,H,H,H,H,H,H,H,H,A,A,-,A,A,A,-,H,A,A,A,H,H,A,H,B,H,A,H,H,B,H,B,A,H,A,H,B,H,B,H,H,H,H,H,A,A,A,H,H,H,A,H,H,H,H,H,A,H,H,B,H,H,B,A,H,H,B,H,H,H,H,A,H
M08_013,A,A,A,H,H,A,A,B,H,H,A,B,H,B,H,B,H,H,H,B,A,A,H,B,A,-,H,H,A,B,A,H,A,B,H,H,H,B,H,B,A,H,A,H,H,B,H,H,B,H,A,H,H,H,A,A,H,B,A,H,H,B,H,B,A,-,B,B,B,B,B,B,H,B,H,H,H,B,H,A,H,A,H,B,B,B,H,A,H,H,H,H,B,H,H,H,H,A,B,H,H,H,B,A,B,B,B,H,B,H,H,B,H,A,H,H,B,B,B,H,H,H,H,A,A,A,H,H,H,H,H,B,A,A,H,A,H,A,A,A,H,H,H,H,H,H,H,B,A,A,B,H,B,H,A,H,H,H,H,B,H,H,H,A,H,B,B,H,H,-,H,A,H,H,H,H,B,A,A,B,B,B,A,A,H,B,A,B,A,H,H,A,B,H,A,A,H,A,A,A
M08_014,A,B,H,H,H,B,A,H,H,H,H,A,H,-,B,A,H,B,A,B,H,B,A,H,A,H,H,H,H,B,B,H,H,H,H,A,B,B,H,H,B,B,H,H,H,H,H,H,B,A,A,A,B,H,H,H,B,H,H,A,H,A,B,B,A,A,H,A,H,B,H,A,H,B,B,A,H,H,H,H,H,H,A,H,B,A,H,H,H,B,-,H,H,H,H,H,B,H,B,B,B,H,H,B,A,H,A,-,H,B,A,B,-,H,-,H,A,A,B,A,A,H,B,H,H,H,B,A,A,A,A,A,H,B,H,A,H,H,B,B,H,H,H,B,A,A,H,H,A,H,H,H,H,H,H,B,A,H,H,A,A,H,H,A,H,H,H,A,-,A,A,-,A,A,H,B,H,H,B,A,H,H,H,H,H,H,B,A,B,A,H,A,B,H,H,B,H,B,H,A
M08_015,H,B,A,B,A,H,A,H,B,A,H,H,B,A,A,A,A,H,B,H,H,H,A,A,H,A,H,A,B,H,H,A,A,H,B,H,B,A,A,A,H,B,H,H,B,H,H,A,H,H,B,H,A,A,H,B,H,A,A,B,A,A,H,A,A,A,B,A,B,H,B,B,H,B,H,H,H,B,H,A,H,B,A,H,H,A,H,B,B,H,H,H,A,H,B,A,B,B,A,B,H,H,H,H,B,A,H,H,A,B,B,H,A,B,B,A,H,A,A,A,H,B,A,H,B,H,B,B,H,H,A,H,H,H,H,B,B,A,H,B,H,B,H,H,H,A,B,H,H,B,H,H,B,B,B,H,H,H,-,A,H,A,B,H,A,H,H,B,B,H,A,B,B,B,A,H,B,H,H,H,H,H,B,A,B,B,H,H,H,B,A,H,A,A,H,A,A,A,A,B
M08_016,H,H,H,A,B,A,H,H,H,H,A,H,H,B,H,H,H,H,H,H,H,B,H,B,H,H,B,B,H,A,B,A,B,H,B,H,B,H,H,H,H,H,B,H,H,H,B,H,A,B,B,H,H,H,H,B,B,-,H,A,H,B,H,H,A,B,H,H,-,H,B,A,H,A,H,H,B,H,B,B,B,H,H,H,H,H,A,H,H,A,H,H,H,B,A,H,B,A,A,H,H,A,B,H,A,B,H,H,H,B,H,H,B,A,-,B,B,B,H,H,B,A,H,A,H,B,H,B,H,H,H,B,B,B,B,B,-,A,A,-,H,B,B,A,B,B,-,H,H,H,B,B,H,-,A,B,B,H,A,B,A,A,A,B,H,A,B,H,H,A,H,A,H,H,B,H,B,H,B,B,H,H,B,H,H,H,B,A,H,A,B,A,A,B,H,B,H,H,B,B
M08_017,H,B,B,H,B,A,B,H,A,B,B,A,-,H,H,A,H,H,H,A,B,H,B,H,H,-,A,H,H,H,B,H,H,B,H,H,A,H,A,B,H,B,B,A,H,B,A,A,H,H,A,H,H,A,H,A,A,H,B,B,B,H,B,B,B,H,H,A,A,H,A,B,H,A,H,H,H,A,H,B,H,H,B,H,A,H,B,B,H,H,A,H,A,A,H,H,H,H,H,B,B,H,H,B,B,H,H,B,H,B,B,H,H,A,A,H,-,A,A,H,H,H,A,A,B,H,A,A,B,H,H,-,H,H,A,B,B,B,-,H,H,A,A,H,H,A,H,H,B,B,A,-,B,H,B,H,B,A,B,H,H,H,H,B,B,H,H,B,A,B,A,B,B,A,B,H,B,A,B,H,H,H,H,H,B,H,B,A,B,B,A,H,H,H,A,A,B,H,A,H
M08_018,B,H,A,H,B,B,H,A,B,B,B,H,H,A,B,H,A,A,-,A,H,H,B,A,H,H,B,H,H,H,B,H,B,A,H,A,A,H,H,H,H,A,H,B,B,H,H,B,A,H,B,H,-,H,H,B,H,A,H,H,H,A,-,A,H,H,H,B,B,B,B,H,H,H,A,H,A,A,H,H,H,B,A,A,A,H,A,B,H,H,A,H,B,H,H,-,B,H,H,H,H,B,H,B,H,B,H,H,B,A,H,A,A,B,A,H,H,H,B,H,H,H,B,A,H,B,A,B,H,A,H,B,A,H,H,B,H,H,B,A,B,H,H,A,A,B,H,A,B,B,H,H,A,H,H,H,H,B,H,H,H,A,B,B,H,A,B,H,H,H,B,A,A,B,A,B,A,B,B,H,H,A,A,B,B,A,B,-,-,A,H,H,H,H,H,A,A,A,B,B
M08_019,B,A,B,A,H,H,A,H,H,H,H,H,H,H,B,B,B,H,B,H,A,A,H,B,B,B,H,A,H,H,A,B,A,H,H,H,H,A,A,A,A,B,H,A,B,H,A,B,H,H,H,A,B,H,H,B,H,H,B,B,B,H,H,H,H,A,B,A,A,H,H,H,H,H,H,H,H,B,H,H,H,A,A,B,H,A,H,H,A,H,A,H,H,H,B,A,H,H,H,H,H,H,A,A,B,H,H,B,H,H,A,A,H,H,H,-,H,B,B,H,H,B,H,A,H,A,A,A,A,H,H,A,H,H,A,B,H,H,H,H,H,-,A,H,H,H,B,H,H,H,H,H,H,A,H,H,H,H,H,A,A,H,H,H,H,A,H,B,H,H,H,H,B,H,B,A,A,H,H,B,A,H,H,B,A,H,A,H,B,H,H,A,H,B,-,B,H,A,B,B
M08_020,B,B,A,A,H,A,B,H,A,A,H,-,H,A,H,A,A,H,H,B,H,A,B,H,H,B,-,H,H,H,B,A,H,B,A,A,H,H,B,A,A,B,A,H,H,A,B,H,H,A,H,B,H,H,H,H,B,H,A,A,H,H,A,A,H,H,H,H,B,B,H,B,A,B,H,A,H,B,B,H,B,A,A,H,H,H,H,H,B,H,H,B,-,B,A,H,A,H,A,B,H,A,H,B,A,H,A,B,A,H,H,A,B,H,A,H,B,B,H,H,B,A,B,A,H,B,H,H,-,H,A,B,H,A,H,B,A,A,H,A,H,B,H,H,H,A,B,A,B,A,B,B,A,A,A,A,H,H,H,A,A,H,B,H,A,H,H,H,H,B,H,A,-,H,B,B,A,A,B,A,B,H,H,A,H,-,H,H,B,H,B,A,B,H,A,A,B,-,B,H
M08_021,H,H,H,B,B,H,B,B,H,H,H,H,H,B,-,H,H,H,A,B,H,H,H,B,A,B,H,B,B,A,B,H,A,B,H,A,A,H,A,A,B,-,H,A,A,H,B,A,A,B,B,H,H,A,A,B,H,H,H,H,A,H,H,A,H,H,H,H,A,H,H,B,A,H,B,H,A,B,A,H,B,B,A,H,H,A,A,H,A,B,H,H,B,H,B,A,H,-,H,A,H,H,H,B,B,A,H,H,A,A,H,H,H,H,B,B,H,H,B,H,H,-,H,A,H,A,B,H,H,H,B,B,A,B,B,H,B,B,H,B,H,B,H,H,B,B,H,A,H,B,H,B,B,H,H,A,H,H,H,B,H,A,-,H,H,H,H,A,H,H,B,B,A,B,B,H,A,H,H,A,A,A,A,B,B,H,H,B,-,B,H,H,B,B,B,B,H,H,A,A
M08_022,H,B,H,A,B,H,B,H,A,H,H,H,A,A,H,B,A,H,B,H,A,A,H,A,H,H,A,A,B,H,B,A,A,H,H,B,B,H,H,B,B,H,H,H,B,B,H,B,B,A,H,H,H,H,A,B,A,H,A,H,H,B,B,H,H,H,H,H,A,H,A,H,B,A,H,B,B,H,A,B,H,H,H,A,A,B,A,A,A,H,A,B,H,B,B,B,A,A,H,H,A,A,A,H,A,A,A,B,A,B,H,B,H,B,H,B,A,B,A,H,H,H,H,H,B,A,A,B,A,B,-,A,A,B,B,A,A,B,H,A,H,B,H,H,A,H,H,H,H,H,A,H,H,H,A,H,H,B,H,B,B,H,A,A,A,H,H,-,A,H,H,H,H,H,H,H,H,B,H,B,B,H,H,B,H,H,B,B,A,B,B,H,H,-,A,H,H,H,H,B
M08_023,A,H,H,A,A,H,B,A,A,H,B,H,H,H,A,A,A,H,B,-,H,H,H,H,A,H,H,B,H,B,A,B,B,H,H,B,H,B,H,H,H,H,B,H,A,H,B,H,H,B,H,A,A,H,A,H,B,B,H,B,A,H,A,H,H,H,B,A,H,H,H,A,H,A,B,H,A,H,H,H,A,A,H,B,A,A,A,B,H,B,H,B,B,H,H,H,A,H,B,B,B,B,H,A,H,H,H,B,H,B,H,B,A,H,A,H,A,H,B,B,B,H,H,A,H,H,A,H,A,H,A,H,H,H,A,H,A,B,A,H,H,A,H,H,A,H,A,A,H,H,H,H,H,H,H,B,H,A,A,B,H,A,A,H,H,H,H,B,H,H,B,A,H,H,B,H,H,A,H,B,H,B,B,H,B,B,H,H,A,H,H,H,A,B,H,H,A,B,H,B
M08_024,A,A,H,B,H,H,H,H,H,A,H,H,A,B,A,H,H,B,H,H,H,H,A,A,H,H,A,A,H,H,A,H,H,A,H,B,-,A,H,H,A,A,H,H,H,H,B,H,B,A,B,H,B,H,H,B,B,H,B,H,H,B,A,H,H,B,A,H,H,A,A,A,A,B,B,B,H,H,B,B,A,A,B,H,B,H,H,H,H,H,H,A,H,-,H,A,B,H,A,A,H,H,H,B,H,H,H,H,H,B,H,B,B,A,H,H,H,H,A,H,H,H,A,B,B,A,B,H,H,B,H,H,H,B,H,H,B,H,H,H,A,A,B,A,H,H,B,B,B,B,A,H,B,H,B,A,H,B,H,B,A,A,H,A,A,H,H,H,B,B,H,H,A,H,A,H,H,H,B,H,A,A,B,H,A,A,H,A,H,H,A,A,A,H,A,B,H,H,H,A
M08_025,B,B,H,B,A,B,H,H,H,H,A,H,A,H,A,B,H,B,H,A,H,H,H,H,H,A,B,H,B,A,H,B,H,A,H,H,H,A,H,H,H,H,B,B,H,A,A,H,B,A,B,A,H,A,A,A,H,H,-,B,-,B,A,A,B,H,B,A,A,B,H,B,H,A,H,B,B,A,A,H,B,B,A,H,H,H,H,H,-,H,A,B,A,H,H,A,H,B,B,H,H,B,H,H,H,H,A,H,A,H,H,H,B,H,B,H,B,B,H,H,H,H,A,H,H,B,B,A,H,B,B,-,A,H,A,B,H,H,B,A,H,H,H,H,A,H,H,A,B,H,H,A,A,B,H,H,H,A,B,A,A,B,H,B,B,H,H,B,H,H,B,H,B,H,A,B,H,H,H,H,H,H,H,-,A,H,B,B,A,A,H,A,H,H,B,H,H,B,B,-
M08_026,A,B,H,H,B,H,H,A,B,H,A,H,H,A,A,H,H,B,A,B,H,A,H,B,H,B,A,B,H,B,B,H,H,A,H,H,H,H,B,A,H,H,B,B,-,H,B,A,H,A,B,H,H,H,B,B,-,H,H,A,H,B,H,H,B,B,H,H,H,A,H,A,H,H,H,H,B,B,A,H,H,H,H,H,A,H,H,H,A,-,H,H,H,H,B,H,H,H,H,-,H,B,A,A,H,H,H,H,-,A,H,A,B,B,B,B,H,-,H,H,H,H,H,H,H,H,A,H,H,H,H,H,A,H,H,H,A,A,H,H,A,A,A,B,H,B,H,B,H,H,H,A,A,A,H,H,H,B,B,B,H,H,H,H,H,H,A,H,H,H,-,A,H,A,H,B,H,H,H,H,H,B,H,H,H,-,H,H,H,A,H,-,B,H,A,B,H,H,B,H
M08_027,B,A,B,-,A,H,H,A,H,H,H,H,H,A,A,H,A,H,H,B,A,H,H,H,A,H,B,A,B,H,B,B,A,H,A,A,H,A,H,H,H,H,B,B,H,H,H,H,A,-,-,H,B,B,B,A,A,A,H,A,B,A,H,B,B,H,H,H,H,H,H,H,H,A,A,H,H,H,B,B,A,B,H,B,B,H,H,H,H,H,A,B,H,B,B,B,H,H,H,B,H,A,H,H,H,A,H,A,B,H,H,H,A,H,B,A,B,A,H,B,H,H,A,H,B,B,H,B,H,B,A,A,B,H,H,A,H,H,A,A,B,A,-,H,H,H,H,A,H,A,H,B,H,B,A,H,H,A,B,A,H,H,B,H,H,B,A,H,A,B,B,B,H,A,A,H,A,A,A,H,H,A,B,H,H,A,H,A,A,A,H,H,H,B,A,A,H,A,A,H
M08_028,H,A,B,H,B,H,H,B,H,B,H,H,B,A,H,A,H,B,H,H,H,H,H,A,H,H,H,H,H,H,H,H,H,H,H,H,A,B,H,H,A,H,H,A,B,B,H,A,B,A,A,H,H,H,H,H,A,H,A,H,B,H,H,A,A,A,H,A,H,H,B,H,H,B,B,B,H,H,H,H,H,A,B,B,A,A,A,B,A,H,A,-,H,H,H,B,H,B,B,A,H,H,A,H,H,A,H,A,H,H,A,H,H,-,H,-,H,H,B,A,A,H,B,H,H,H,H,H,B,A,H,H,B,B,H,H,H,H,A,A,B,A,A,-,H,H,B,H,H,H,B,A,H,H,H,H,H,-,A,A,A,H,A,H,B,A,H,H,H,H,A,B,B,H,B,-,H,H,A,A,H,B,A,B,B,H,H,H,B,A,H,A,B,A,H,H,H,B,H,A
M08_029,H,B,H,B,H,H,H,A,H,H,B,B,A,H,B,H,A,A,H,H,A,H,A,H,H,H,H,A,H,-,B,H,B,-,B,B,B,B,H,H,B,A,B,H,A,B,H,B,-,B,H,A,A,H,B,H,H,B,B,B,-,A,H,B,H,H,H,H,B,A,H,H,B,H,H,H,H,A,A,H,A,B,H,H,A,B,B,H,A,H,H,H,H,A,H,A,B,B,B,A,H,-,A,B,H,B,A,H,-,H,H,A,B,A,B,H,B,H,B,H,B,A,H,B,A,H,H,H,H,H,A,A,H,H,H,H,H,H,H,A,B,A,H,A,H,H,A,A,A,H,H,A,A,H,B,H,H,H,A,B,A,B,B,H,A,H,B,B,H,H,H,B,B,A,H,B,B,A,A,H,H,H,-,H,B,A,A,B,H,B,H,H,B,B,H,B,B,H,B,A
M08_030,A,A,H,H,H,B,A,H,H,H,H,H,H,B,B,H,A,B,H,B,A,B,H,H,A,H,A,A,H,A,-,H,B,A,B,H,B,A,A,B,H,H,H,B,A,H,H,H,H,B,H,H,H,H,H,H,H,H,H,A,B,B,H,H,A,B,A,H,B,H,H,B,B,A,A,H,H,H,H,H,H,A,A,H,H,H,H,H,B,A,H,H,B,H,H,A,A,H,H,H,B,B,A,A,B,H,B,B,A,H,A,H,B,H,A,A,A,H,H,H,H,H,H,A,B,A,A,-,H,B,H,-,B,B,A,H,B,-,H,H,A,H,A,A,H,H,A,A,A,A,B,B,H,H,H,B,A,A,A,A,A,B,A,H,B,H,A,A,B,H,H,H,A,H,A,B,H,B,H,H,H,B,A,H,H,H,H,H,A,B,B,H,B,H,B,H,A,B,B,H
M08_031,B,A,B,H,H,B,A,A,H,B,A,H,B,H,H,B,H,B,H,H,H,A,A,H,H,H,H,B,H,H,B,H,B,B,H,A,H,B,A,B,H,B,H,H,H,B,H,-,H,B,H,B,B,H,H,B,H,H,A,A,B,A,A,H,H,H,H,H,A,H,B,B,A,H,H,B,A,A,-,B,H,A,B,H,A,B,H,A,B,H,H,B,H,A,-,H,B,A,H,H,B,B,H,A,H,A,H,B,H,H,H,H,H,B,H,H,B,B,B,A,H,H,H,H,H,B,B,H,B,B,A,A,A,H,H,H,B,A,B,A,B,B,H,H,A,B,A,H,-,H,H,H,B,H,H,B,H,H,H,H,B,H,B,B,H,A,B,A,A,H,H,A,A,H,B,A,H,A,H,H,A,B,B,H,A,H,B,H,A,H,H,A,B,H,A,A,B,B,H,H
M08_032,H,H,A,A,A,B,B,H,H,A,H,H,H,A,H,B,A,B,B,H,H,A,H,H,B,H,H,B,B,A,H,A,H,H,A,A,H,H,B,H,B,H,H,H,H,H,H,H,H,H,B,A,-,B,A,A,H,A,H,H,B,A,H,B,B,A,A,B,A,H,A,H,-,H,H,A,A,H,A,A,H,A,H,B,A,A,H,A,B,A,A,H,H,H,B,H,H,H,H,H,H,H,H,B,H,H,H,B,A,H,B,B,H,H,A,B,A,H,B,B,H,A,H,H,H,A,A,H,H,B,A,H,B,H,A,H,B,A,B,A,A,B,B,A,A,B,H,A,H,H,B,A,A,H,H,H,H,A,H,A,A,B,H,B,H,B,A,A,A,H,H,B,H,H,H,H,A,H,A,B,B,H,H,H,H,-,A,H,B,H,A,A,H,B,B,B,B,H,A,H
M08_033,H,H,A,H,A,H,A,B,B,B,B,H,A,H,H,A,H,H,H,A,H,B,B,H,B,H,A,B,B,B,A,-,A,B,H,A,A,H,-,B,H,B,-,H,A,H,A,H,H,A,H,B,A,A,H,H,H,H,A,A,A,B,A,H,B,B,A,H,H,A,H,-,H,H,H,H,B,A,B,B,A,A,H,H,B,H,H,H,H,H,H,A,B,A,A,-,H,H,H,H,H,A,B,H,H,H,B,H,H,H,A,B,H,A,B,H,B,H,H,H,H,A,B,A,H,A,B,H,B,H,B,H,H,H,A,H,B,H,B,A,H,A,H,B,H,A,A,H,B,H,H,H,A,H,H,H,H,A,H,H,B,H,A,B,B,A,A,A,B,H,H,H,H,B,H,H,A,H,H,H,H,H,H,H,-,H,H,H,A,A,H,B,B,B,B,H,H,A,H,H
M08_034,A,A,H,H,A,B,H,A,H,H,A,H,H,B,B,B,A,H,H,H,B,A,B,B,B,B,H,A,H,H,H,H,A,H,B,H,-,H,A,A,B,A,B,B,H,H,H,H,A,A,H,B,A,H,B,A,H,B,H,H,H,H,H,A,H,H,B,H,H,A,B,A,A,A,B,H,B,-,H,H,H,-,H,B,H,B,B,B,H,H,A,B,A,A,H,H,H,H,-,B,B,B,H,A,H,A,B,H,B,H,H,H,H,B,H,A,H,A,H,A,H,H,B,A,H,A,A,H,H,H,A,H,H,H,B,H,H,H,H,B,B,H,A,B,A,H,A,H,H,H,B,H,B,H,B,H,A,A,H,B,A,B,H,A,A,A,H,H,H,A,H,H,A,B,A,H,A,A,H,H,A,H,H,H,B,H,B,H,B,H,A,A,H,B,A,H,H,H,A,A
M08_035,A,A,A,A,H,H,B,B,H,A,B,H,B,H,B,H,H,H,A,B,A,H,B,H,A,A,A,H,A,H,H,A,H,H,H,H,B,B,H,H,H,H,A,H,H,H,H,B,H,B,B,B,B,B,A,A,A,H,H,-,H,H,B,A,A,B,A,A,H,A,B,H,A,H,A,A,H,H,-,B,B,B,H,A,H,A,A,B,B,A,H,H,B,-,B,B,H,H,H,H,H,H,H,H,H,A,H,H,A,B,A,H,H,H,A,A,A,A,H,H,A,B,H,H,H,H,H,B,H,H,-,H,H,-,H,B,A,A,B,H,A,B,H,H,H,H,B,B,H,H,B,H,B,H,H,-,H,B,H,H,B,H,H,H,H,B,A,A,B,B,B,H,H,B,H,B,A,H,H,H,A,H,A,H,H,H,B,A,B,H,A,H,B,B,A,A,H,H,B,B
M08_036,B,A,A,B,H,H,-,H,B,B,H,A,-,A,A,A,A,H,H,B,A,H,H,H,H,A,H,H,A,H,A,H,A,A,H,H,A,B,H,A,A,H,H,B,A,H,B,B,A,B,H,H,A,H,H,H,A,A,B,A,H,B,B,H,H,H,H,A,H,A,H,H,H,H,B,H,A,H,H,A,H,H,B,H,A,H,H,A,B,H,H,B,H,H,-,H,H,B,H,H,H,A,B,B,H,A,H,H,H,A,H,H,H,B,A,A,A,B,H,B,B,A,H,H,H,-,H,B,H,H,H,A,H,H,A,B,H,A,H,A,A,H,-,A,A,H,H,-,A,A,B,H,A,H,H,H,-,B,H,H,H,A,B,A,A,H,B,H,B,H,B,H,A,B,A,H,B,B,H,H,H,H,B,A,H,H,H,A,A,B,H,H,B,A,H,H,H,H,H,H
M08_037,H,B,H,B,A,A,H,H,H,H,A,A,H,B,H,H,A,H,H,A,A,H,-,A,H,H,H,H,B,B,H,A,A,H,H,H,H,B,B,B,A,B,H,H,A,B,A,A,A,H,H,B,H,H,H,A,H,A,H,B,A,H,A,H,H,B,B,B,A,H,B,H,B,H,H,A,A,H,H,H,A,B,B,H,H,A,H,B,H,B,H,H,H,H,H,H,B,B,H,H,H,B,B,B,A,B,H,H,B,H,H,H,A,A,H,B,B,A,H,B,H,B,B,H,B,H,H,B,B,H,B,B,B,A,B,B,B,H,B,A,B,A,B,B,A,B,B,B,A,B,H,H,B,H,B,H,A,H,H,H,H,B,H,B,H,H,H,H,H,H,A,H,B,H,B,A,A,H,H,B,B,B,B,B,B,H,H,B,H,A,A,H,A,H,H,-,H,B,A,B
M08_038,H,H,B,A,H,H,H,B,-,H,B,B,H,A,H,A,H,H,A,A,H,A,H,B,A,H,B,H,A,H,B,H,A,A,H,H,A,B,H,H,A,B,B,A,H,H,H,A,B,H,H,H,H,H,H,H,H,A,H,-,B,A,H,B,A,B,A,B,H,H,B,B,H,H,H,A,H,B,H,B,A,A,H,H,-,H,B,-,A,H,H,H,B,H,H,B,A,H,H,B,A,H,H,A,B,H,H,H,A,A,H,B,H,H,H,A,H,H,H,H,A,A,B,A,H,B,H,A,A,H,H,H,B,A,H,H,B,H,H,H,A,H,A,B,B,H,A,H,H,A,H,H,H,H,H,H,H,H,H,A,H,A,B,B,H,A,H,B,H,H,A,B,B,H,H,H,H,H,H,B,B,H,B,H,A,H,B,A,H,B,H,H,H,B,H,H,A,B,H,B
M08_039,H,B,A,A,H,-,H,H,A,H,A,B,H,B,H,H,H,H,B,H,H,A,B,B,H,H,H,A,H,A,H,A,H,A,H,H,H,H,A,A,H,B,H,A,H,H,A,B,B,A,H,H,A,B,B,H,H,H,A,A,B,B,H,A,B,B,B,H,H,B,H,A,B,A,B,H,H,B,A,H,H,H,A,B,H,H,A,B,A,B,H,H,H,B,H,B,A,B,A,H,A,B,B,H,H,B,B,H,B,H,H,H,H,H,H,H,B,H,H,A,H,A,H,B,H,H,H,H,H,B,B,H,A,A,H,H,A,H,A,A,H,B,A,H,H,A,A,A,B,H,H,H,H,H,H,H,H,A,H,H,-,H,B,H,B,B,B,-,H,A,H,H,A,B,H,B,H,H,H,H,H,B,A,A,A,B,H,B,H,H,H,H,H,H,H,A,A,H,H,H
M08_040,H,H,A,H,B,H,A,B,H,H,A,H,H,H,B,H,A,B,A,H,H,B,H,B,B,A,H,H,A,A,B,-,H,H,A,A,H,A,H,A,H,H,A,H,H,A,H,H,A,H,H,H,B,H,H,B,B,H,A,H,H,H,H,H,B,B,A,H,H,H,B,H,H,B,A,B,B,A,H,H,A,H,B,A,A,H,B,H,A,B,B,H,A,H,A,A,A,B,A,H,A,H,H,A,B,A,A,B,B,B,B,B,B,A,B,H,H,A,H,H,B,H,A,H,H,B,A,A,H,H,H,A,H,B,B,H,B,A,-,H,B,A,H,A,H,B,B,H,A,B,-,B,H,H,H,A,B,H,A,A,H,A,H,H,A,A,H,H,A,A,H,A,B,B,H,H,B,H,B,H,A,B,H,H,A,A,H,A,H,A,B,A,B,B,A,H,H,H,A,A
M08_041,A,H,A,H,H,H,B,B,A,B,H,B,H,H,H,A,A,A,B,B,B,B,B,H,A,H,H,H,H,A,A,H,H,H,H,H,A,H,B,B,B,B,H,B,H,H,H,A,A,H,H,H,B,A,B,H,B,H,H,H,B,A,H,A,B,H,H,H,H,H,H,H,A,B,H,H,B,H,B,H,H,A,H,A,B,A,H,H,B,H,H,A,A,-,A,-,H,A,B,B,H,H,H,H,H,H,A,A,H,H,A,H,H,A,A,B,B,B,H,B,A,H,H,A,H,B,B,A,H,H,B,H,H,B,H,B,H,H,H,H,H,B,H,A,H,H,H,B,H,A,A,B,H,A,H,H,B,B,H,H,H,H,H,H,H,B,A,H,B,A,H,B,H,B,H,H,A,H,B,H,H,H,B,A,H,B,H,H,B,B,H,H,H,H,H,H,A,A,A,H
M08_042,H,-,H,B,A,H,H,-,H,H,A,H,H,A,-,H,H,H,B,A,B,H,H,B,H,H,H,B,H,A,H,A,A,A,B,B,H,H,H,A,B,H,A,H,H,B,B,A,B,A,A,A,A,A,A,B,H,H,H,B,H,H,B,H,H,H,A,H,H,H,B,H,H,H,-,H,B,H,H,H,A,H,H,A,B,H,H,B,A,H,H,B,H,B,H,B,B,B,H,H,B,H,H,A,B,B,B,H,B,A,B,B,B,H,B,A,A,B,H,A,H,H,B,A,H,B,B,H,H,H,H,A,H,H,H,H,B,A,H,-,-,H,H,H,B,H,A,B,A,H,H,B,H,H,H,H,B,A,B,H,H,H,H,B,H,H,H,H,H,B,A,A,B,B,H,A,B,B,B,A,A,H,B,B,H,-,A,B,H,B,H,A,H,H,H,B,H,B,A,H
M08_043,-,A,H,H,A,A,H,B,B,B,H,A,A,H,H,H,H,H,H,H,H,A,B,H,B,H,H,H,-,A,H,H,B,A,H,H,H,A,H,A,B,A,B,H,A,A,H,H,H,-,H,H,H,H,H,H,H,A,B,H,A,H,-,B,H,B,A,H,A,H,A,H,A,H,A,A,H,H,H,H,B,A,H,H,H,H,H,B,H,B,H,B,B,H,B,H,H,A,B,B,B,H,H,H,B,B,H,H,H,H,A,A,A,H,B,H,H,B,H,H,H,-,B,B,B,A,H,H,H,A,H,-,H,B,H,H,B,H,H,H,H,H,B,B,A,H,A,H,H,A,B,A,H,B,H,B,H,B,H,A,-,H,H,B,A,H,B,B,H,A,B,B,A,A,B,H,A,H,H,B,A,H,A,A,H,B,H,H,H,H,B,H,A,A,H,B,A,A,H,A
M08_044,B,A,H,A,H,H,B,H,A,A,H,H,A,H,A,H,B,H,B,H,H,A,-,H,A,A,H,-,H,H,H,H,H,A,H,H,H,H,H,H,A,B,-,H,H,H,A,H,H,B,B,B,B,H,H,A,H,H,H,H,H,H,H,A,B,B,A,H,H,A,H,B,H,A,H,H,B,H,H,A,H,H,-,A,H,A,H,B,H,H,A,H,H,H,H,B,A,B,B,A,B,B,H,-,H,A,A,-,H,H,A,A,B,H,B,H,B,H,H,H,B,A,H,-,B,H,A,-,H,H,B,B,A,H,H,H,H,A,H,A,H,H,B,H,H,H,A,H,H,A,H,A,A,H,H,-,A,A,A,A,A,A,H,B,B,-,A,A,A,H,B,B,H,H,A,H,H,H,-,B,H,H,H,A,A,H,H,H,H,B,A,H,H,H,A,H,B,A,B,H
M08_045,H,B,A,A,-,H,B,A,B,H,A,A,H,H,A,B,A,H,H,B,-,A,A,A,H,A,H,B,H,B,B,H,A,A,B,H,B,H,A,H,H,H,A,A,A,H,H,H,H,H,H,H,B,A,A,H,H,B,A,B,H,A,H,H,H,A,H,H,H,H,B,H,B,H,A,H,B,H,H,B,H,B,H,H,A,H,B,H,B,-,H,B,H,B,H,B,H,A,-,A,A,A,A,B,B,B,H,H,H,H,H,A,H,H,B,B,B,H,H,A,H,A,A,H,H,B,H,H,B,H,B,A,B,B,A,H,H,B,H,H,B,A,B,H,H,A,A,H,H,B,B,B,H,H,B,H,H,H,H,H,H,H,H,B,B,A,H,H,H,H,A,H,H,H,A,B,H,H,H,H,H,A,A,H,A,B,H,H,H,A,B,H,B,A,H,A,A,B,H,H
M08_046,A,A,A,A,A,H,H,H,H,H,H,A,H,B,B,H,H,B,H,B,H,A,B,A,H,A,B,A,A,-,H,B,-,H,H,H,H,B,H,B,A,B,H,B,H,B,A,H,B,B,H,H,A,A,H,B,-,H,B,B,H,H,H,H,A,H,H,A,H,B,B,B,H,H,A,A,A,-,H,B,B,H,H,A,B,-,H,A,B,H,B,A,A,H,A,A,H,H,H,H,A,H,A,H,A,A,H,A,B,A,H,B,B,H,B,H,H,H,H,H,B,H,B,H,B,B,-,B,H,A,A,H,B,A,A,A,A,B,H,H,A,H,A,A,H,H,H,A,H,B,A,H,H,B,H,B,B,A,H,H,H,H,H,B,H,A,B,H,H,B,H,H,B,H,A,H,B,A,H,H,H,H,H,A,A,A,B,H,H,B,B,A,H,H,-,H,H,H,A,H
M08_047,B,H,H,A,H,H,H,B,H,B,H,H,A,B,H,H,A,B,H,A,A,B,A,H,H,H,H,B,B,H,H,H,H,H,H,H,B,H,H,H,H,H,A,B,H,H,B,B,H,H,B,H,A,-,-,H,B,A,A,A,B,A,H,H,H,H,H,A,H,H,A,A,H,H,B,H,H,A,-,B,B,H,H,H,H,A,A,B,H,A,B,A,H,H,A,H,A,A,A,H,B,H,H,A,B,H,A,H,A,A,H,A,A,H,A,A,H,A,B,H,A,A,B,H,H,H,H,A,H,H,B,H,A,B,H,A,A,H,H,H,B,-,A,A,B,B,A,A,-,A,A,B,B,H,A,B,H,H,H,B,-,H,H,B,H,B,H,H,A,B,H,H,B,H,H,H,H,H,B,B,B,H,H,H,H,B,H,B,H,H,B,H,A,B,B,B,H,H,B,H
M08_048,B,H,B,H,H,A,B,A,H,H,A,H,B,A,H,H,H,B,-,B,H,A,-,B,H,A,H,H,B,H,-,B,A,B,H,H,A,A,H,H,H,A,H,A,H,H,B,H,A,B,A,H,H,B,H,H,B,B,A,H,A,-,B,H,H,H,H,H,H,A,A,H,B,B,H,B,A,H,H,H,B,H,H,H,B,H,H,H,H,H,H,A,H,H,A,A,B,H,H,H,H,A,B,H,B,A,H,B,A,-,H,H,B,H,H,H,A,B,A,H,H,H,A,H,H,H,H,H,B,B,B,A,H,H,A,B,A,H,A,H,H,B,H,B,H,B,A,H,A,B,A,A,B,-,B,H,H,H,H,A,H,H,B,A,H,A,H,B,H,H,H,B,H,A,B,B,H,B,A,A,B,A,A,H,A,A,A,H,H,A,H,A,H,A,A,A,B,B,H,A
M08_049,H,H,A,H,H,H,H,A,H,-,H,A,B,H,H,H,H,H,A,B,H,B,B,H,A,H,H,H,H,H,H,H,A,H,A,H,B,H,B,-,H,B,H,B,H,B,H,H,A,A,B,H,H,B,H,B,B,H,B,-,A,A,B,H,B,A,A,H,A,B,H,B,H,H,H,H,B,H,H,H,H,B,B,H,A,A,H,H,H,B,B,-,H,H,H,A,-,B,H,H,B,A,H,A,H,A,H,H,H,B,H,-,B,H,H,H,H,H,A,B,H,H,H,A,A,H,A,H,B,B,B,B,A,H,A,A,H,H,A,H,A,A,A,A,B,H,-,A,A,A,H,B,H,B,B,H,H,B,H,B,B,H,H,H,H,A,H,A,H,H,H,A,B,H,H,H,H,B,H,-,B,H,A,H,A,H,H,H,H,H,H,-,B,A,H,-,B,H,A,H
M08_050,B,H,H,H,H,B,A,B,H,B,A,A,A,H,A,B,H,B,H,H,A,B,H,H,B,B,A,B,H,H,A,B,H,B,B,B,B,B,A,A,H,A,B,B,A,A,H,H,H,H,H,H,H,H,H,H,H,B,H,B,H,H,B,H,H,H,H,H,H,H,B,B,-,B,H,H,A,-,B,A,H,B,B,A,B,H,H,B,H,A,H,A,H,H,B,H,H,B,A,H,H,-,H,H,H,H,A,B,-,H,H,H,A,H,B,B,H,H,A,B,A,A,H,-,A,A,B,H,H,H,H,H,B,B,A,A,H,B,H,H,H,B,H,H,H,H,A,H,H,B,A,A,H,H,-,B,A,H,H,A,-,B,-,B,H,-,B,H,H,B,A,H,B,-,H,H,H,H,H,B,A,B,H,H,H,A,B,H,H,A,H,H,B,B,H,H,H,H,A,-
M09_001,B,A,B,B,B,H,H,H,A,-,A,B,A,H,B,B,B,H,H,H,A,A,B,H,A,-,H,A,H,H,H,H,H,A,A,H,A,B,H,H,H,H,A,-,H,B,B,H,B,B,B,H,A,A,B,H,A,H,H,B,H,H,B,H,A,B,H,A,A,A,B,H,H,A,H,A,H,H,B,-,A,A,H,H,H,B,A,A,H,H,B,A,B,A,H,A,A,B,A,H,A,A,B,-,H,H,B,B,H,H,H,H,H,-,B,A,A,A,H,H,A,H,H,H,A,B,H,H,B,A,H,H,A,B,A,A,A,B,-,H,A,A,B,H,A,H,H,A,H,A,B,H,B,H,H,B,H,H,H,H,B,H,-,B,H,B,H,B,A,A,H,H,H,A,B,H,A,H,B,B,H,A,B,B,A,A,H,H,H,H,A,H,A,H,H,A,H,H,A,H
M09_002,H,A,H,H,A,H,-,H,A,B,H,H,A,A,B,H,B,H,H,B,A,H,A,H,H,H,B,A,H,B,H,B,H,H,B,H,H,A,A,B,H,H,B,B,B,H,A,H,A,B,H,A,H,H,H,H,A,H,B,A,H,H,B,H,-,B,H,B,H,H,H,A,H,A,H,B,A,A,H,H,A,B,B,B,H,A,H,H,A,H,B,H,H,H,H,A,H,H,A,H,H,B,H,H,A,B,B,H,B,H,B,A,A,H,A,B,B,H,A,H,A,B,H,A,H,A,A,A,B,H,H,A,H,H,H,H,A,B,H,B,H,B,H,B,A,A,H,H,B,H,B,H,B,H,A,A,H,B,A,B,H,B,B,A,B,H,B,A,B,H,H,A,H,B,A,B,H,H,A,H,A,B,A,H,H,-,B,A,B,A,A,B,H,H,H,A,H,H,H,H
M09_003,B,B,H,B,A,B,A,B,H,A,H,A,A,H,B,B,B,B,H,H,B,A,B,H,H,H,A,H,H,H,A,H,H,H,A,H,H,A,H,H,H,H,H,A,A,A,B,A,B,B,H,H,H,A,A,H,B,H,B,B,H,H,B,A,A,A,H,B,H,H,H,H,B,H,H,A,H,B,H,H,H,H,H,H,B,H,A,B,H,B,B,H,H,H,A,H,-,B,H,H,A,H,A,H,B,H,A,H,B,H,H,H,-,A,B,B,H,H,B,B,B,H,A,A,B,H,A,A,H,A,B,B,B,A,A,A,H,A,B,B,A,A,H,B,H,H,B,A,A,A,A,-,A,H,H,H,H,H,H,B,H,A,H,A,H,H,A,B,H,A,H,H,H,H,H,A,H,B,A,H,B,B,H,H,H,B,A,H,-,A,H,B,A,H,A,B,H,H,B,H
M09_004,B,B,H,H,H,H,H,A,-,A,H,H,H,B,H,H,A,H,B,B,H,B,A,H,H,H,B,B,B,A,A,H,H,H,A,H,B,H,H,H,B,B,H,H,H,H,A,H,H,B,H,A,B,A,B,H,A,A,H,A,B,B,H,B,H,B,B,H,H,H,B,A,A,H,H,A,B,B,A,B,H,H,A,H,B,A,H,H,A,B,H,H,H,A,A,H,B,H,H,H,B,A,H,H,B,B,H,H,A,H,B,B,H,H,-,H,A,-,H,B,H,A,H,A,B,A,A,H,A,H,H,B,H,B,H,B,H,H,B,H,A,H,A,H,B,H,H,A,H,H,A,A,H,-,H,B,B,H,H,H,B,A,H,H,B,A,A,A,B,A,B,B,B,H,B,H,B,A,B,H,H,H,H,A,H,H,H,B,A,A,H,H,B,A,H,H,B,H,B,B
M09_005,B,B,H,H,A,A,H,H,A,H,H,A,H,H,B,H,A,A,H,H,-,H,H,H,H,B,B,A,H,H,H,H,H,H,A,A,B,A,B,B,A,H,B,H,H,B,H,-,A,H,A,B,H,H,B,B,H,H,H,H,H,B,B,B,H,H,A,B,A,A,B,A,A,B,H,B,H,H,A,B,B,A,H,A,H,H,B,H,B,H,H,H,B,A,H,B,H,A,A,B,A,A,H,A,A,B,-,H,B,B,H,B,H,B,B,A,H,H,H,A,B,A,H,B,A,B,H,B,B,H,B,H,H,H,A,B,H,H,H,H,H,H,H,A,B,H,A,A,H,H,B,A,B,B,H,B,B,H,A,A,H,A,H,H,H,H,H,A,H,H,H,A,A,H,H,A,H,H,-,B,H,H,-,B,H,A,B,H,-,H,H,B,H,B,A,H,H,B,A,B
M09_006,H,H,B,H,-,H,A,A,H,H,A,B,A,H,A,A,H,B,A,A,B,H,H,B,B,B,H,H,B,B,H,A,B,A,H,A,A,B,A,A,A,H,H,H,H,H,A,H,H,A,H,A,A,H,A,A,A,A,A,H,A,-,B,H,A,-,H,A,B,H,H,H,A,A,B,H,A,H,-,B,H,B,B,B,A,B,H,H,A,H,H,B,B,H,H,H,H,H,B,A,B,A,H,B,H,B,H,H,H,H,B,A,H,-,A,H,A,A,A,B,H,A,B,H,H,H,H,A,H,B,A,H,B,A,A,A,H,H,H,H,B,B,H,H,B,B,B,-,H,H,B,H,H,B,H,H,H,A,-,H,B,H,B,H,B,A,-,-,H,A,H,H,B,H,H,H,A,H,H,A,H,H,H,H,H,A,H,H,A,B,H,H,H,A,B,A,A,-,H,A
M09_007,B,A,B,H,-,B,-,H,H,B,-,A,H,H,H,H,H,B,A,H,A,H,H,H,H,H,B,A,A,H,B,H,A,A,B,H,H,H,B,H,B,H,H,H,B,H,B,H,B,H,H,A,B,B,H,A,H,A,A,H,H,B,A,B,H,B,A,H,H,H,B,B,B,H,H,H,B,H,B,-,A,B,B,-,B,B,-,B,H,-,B,H,H,B,H,H,H,H,H,B,B,H,H,-,B,A,H,H,H,A,B,A,H,H,H,H,A,A,H,H,B,H,H,H,-,H,H,H,B,B,B,H,A,H,B,-,A,B,H,H,A,B,H,H,H,-,B,H,B,H,A,B,B,A,H,A,B,B,H,H,B,H,H,A,H,H,H,A,H,H,A,H,-,B,A,B,H,H,B,H,H,H,B,A,H,B,H,B,B,H,A,H,A,H,B,H,H,A,H,H
M09_008,B,H,B,B,A,-,A,H,A,-,A,H,A,H,B,H,H,B,A,H,B,B,A,H,H,B,H,A,H,H,H,A,H,H,B,H,H,B,H,A,A,A,A,B,A,A,H,A,A,H,B,A,A,B,A,H,A,B,H,A,-,H,B,B,H,H,A,A,H,A,B,B,A,H,H,H,H,H,H,H,A,A,A,H,A,B,A,H,A,B,A,H,B,A,H,H,H,H,H,A,H,H,H,B,H,B,B,H,B,H,A,H,B,A,B,A,H,H,H,H,A,B,H,A,A,A,H,B,B,B,H,H,H,H,B,A,H,B,H,H,B,B,H,H,A,A,B,H,B,B,H,B,B,H,H,H,A,A,H,H,A,H,H,A,B,B,B,A,B,B,H,B,H,A,B,H,H,A,H,H,B,H,H,H,H,H,H,B,H,H,B,B,A,H,B,B,A,H,H,B
M09_009,B,H,H,B,H,A,H,A,H,H,A,A,H,B,H,B,H,B,B,A,-,H,H,B,A,B,H,H,H,H,H,B,B,H,H,A,B,B,A,H,B,H,B,A,B,A,H,H,B,H,H,B,H,B,H,A,H,A,A,H,B,A,A,B,H,H,B,H,B,B,H,H,H,H,H,A,H,H,H,H,B,-,A,A,A,B,H,B,A,H,H,B,H,B,B,B,A,H,A,B,B,H,B,B,H,H,H,B,A,B,H,B,A,H,B,H,H,B,-,H,H,B,B,A,B,H,A,B,H,H,A,B,B,A,H,H,-,B,B,B,A,H,A,H,B,A,H,H,H,A,A,H,H,B,A,A,-,A,H,H,A,H,B,H,H,H,B,A,A,A,H,H,H,H,B,H,H,H,H,B,B,H,B,H,B,B,A,H,H,A,H,A,A,H,A,B,B,B,B,H
M09_010,H,A,H,H,H,H,A,A,A,B,H,H,A,A,H,A,B,B,A,H,H,B,B,H,H,A,B,H,H,H,H,B,B,H,H,A,A,H,B,H,H,B,B,A,A,A,H,B,B,A,H,A,A,A,B,H,B,B,H,B,A,B,H,B,B,B,B,H,B,H,H,B,H,A,B,A,H,H,B,B,H,H,B,H,H,A,B,H,H,A,H,H,A,B,B,A,H,H,H,H,H,A,A,H,B,B,B,A,A,H,H,H,B,A,B,A,H,H,H,B,H,H,H,B,B,H,B,H,H,A,A,H,H,H,H,A,H,H,A,H,H,H,H,A,A,H,B,H,H,H,H,B,B,H,H,H,H,H,H,A,A,A,B,A,B,H,A,B,H,H,H,H,H,H,H,H,A,B,B,B,H,-,H,B,H,H,H,A,H,B,A,A,H,H,H,H,B,A,A,H
M09_011,H,B,-,H,A,B,H,H,H,B,A,A,A,H,A,H,H,H,H,H,B,A,H,H,A,H,B,H,A,B,H,H,H,A,H,A,H,B,H,H,H,B,A,B,H,A,H,A,B,B,H,H,A,H,A,H,A,H,-,A,H,H,H,A,A,A,H,A,B,B,B,B,H,B,H,H,B,-,A,B,B,H,H,H,-,A,B,-,H,B,A,B,B,H,B,H,H,H,B,-,H,H,H,H,H,H,H,A,H,H,B,H,H,H,A,H,B,B,H,B,H,H,H,-,H,H,B,B,A,H,A,H,A,A,H,A,B,B,H,A,B,H,H,A,A,B,H,B,B,A,B,B,B,H,A,A,A,B,B,B,-,H,H,H,H,H,A,H,H,H,H,H,A,B,B,B,B,A,B,B,A,A,B,H,B,A,H,H,B,H,A,H,H,H,H,H,H,H,B,H
M09_012,H,B,B,H,H,H,B,A,A,H,-,H,H,A,A,B,H,-,B,A,H,B,A,B,H,H,H,H,B,A,B,B,H,-,A,H,A,A,H,H,B,H,A,A,H,H,H,H,B,A,A,H,H,H,A,A,A,H,H,H,B,A,H,H,H,H,-,-,H,B,B,H,H,A,H,H,H,H,B,H,B,H,B,A,H,A,B,H,H,A,A,H,H,B,H,A,A,A,H,A,H,B,A,B,-,B,H,A,B,A,H,B,A,H,B,H,H,H,H,B,H,H,H,H,B,A,H,H,A,B,B,A,H,H,H,B,A,B,H,H,A,B,H,A,A,H,A,H,B,H,-,H,A,B,A,A,B,H,H,B,H,H,B,H,H,B,B,H,H,-,H,H,H,H,H,A,H,A,A,A,B,H,B,H,A,A,A,-,A,A,B,A,H,H,-,H,H,B,H,B
M09_013,B,A,A,H,H,B,A,H,H,H,A,A,A,H,H,A,H,B,A,H,-,B,B,-,B,A,B,H,H,B,A,H,A,H,B,B,H,B,A,H,A,A,H,H,H,B,H,H,H,B,-,B,A,H,H,H,H,H,H,H,B,H,H,A,H,A,H,H,H,B,H,B,H,H,H,H,H,B,H,B,A,A,B,H,A,A,H,H,A,A,H,-,A,H,H,A,H,B,-,H,H,A,H,B,A,H,B,B,H,A,H,H,B,B,H,H,H,H,A,H,A,A,H,B,H,A,B,H,H,H,H,H,A,A,H,H,H,B,B,B,H,H,H,B,H,A,A,H,H,A,B,H,A,H,H,H,H,H,A,B,H,B,B,H,H,H,B,H,H,H,A,H,H,A,H,H,B,B,B,H,B,H,H,A,B,H,H,A,H,B,B,B,H,A,H,H,H,H,A,B
M09_014,B,H,H,H,H,B,A,H,H,B,H,B,H,A,A,B,H,H,H,H,B,H,H,H,H,H,H,A,H,A,B,A,B,A,B,H,H,A,H,H,H,H,A,H,H,A,B,B,H,H,-,A,H,A,H,B,H,A,H,B,A,-,-,B,H,B,A,A,A,A,A,-,B,H,B,H,A,H,H,A,B,H,H,B,B,H,A,A,H,B,B,A,B,H,B,A,A,H,H,H,B,B,A,H,A,H,B,H,B,H,H,B,H,H,H,A,H,A,H,H,A,B,B,H,H,H,H,H,H,H,B,B,H,H,H,A,A,A,B,B,A,H,A,-,H,H,B,A,H,H,B,H,H,H,A,-,H,H,H,H,H,A,B,B,B,A,B,H,B,H,A,B,A,H,H,B,H,B,A,B,-,A,H,B,A,B,B,H,B,A,A,H,H,A,H,H,A,H,H,A
M09_015,H,A,H,H,H,B,H,A,B,H,H,H,A,B,H,-,A,B,B,B,A,B,A,A,H,H,A,H,B,A,H,H,B,B,-,H,H,H,H,-,B,H,B,A,H,A,H,B,B,A,B,B,B,H,H,A,H,A,B,H,A,B,A,B,A,H,H,B,H,H,H,B,H,B,H,H,B,H,H,B,-,B,H,H,B,B,A,H,H,H,H,B,-,A,H,H,A,H,H,H,A,H,H,B,B,H,H,A,A,-,B,A,B,H,B,H,A,H,H,B,B,H,H,H,H,B,A,H,A,H,H,H,A,H,A,B,H,A,A,A,A,H,A,H,A,H,H,H,B,-,A,B,A,B,A,H,H,B,H,A,-,A,A,A,A,H,B,H,H,B,B,H,H,-,H,A,A,A,B,A,H,B,H,H,H,H,B,-,H,A,H,B,B,A,A,A,B,H,H,H
M09_016,A,H,A,B,H,H,H,A,H,H,-,H,B,B,B,B,B,H,H,H,H,B,A,H,-,H,A,A,H,B,B,H,H,B,B,H,A,H,A,H,A,H,H,H,B,H,A,H,B,B,H,A,H,H,B,H,B,H,A,B,A,H,B,-,-,H,H,H,B,B,-,B,-,H,H,H,A,H,A,H,A,H,H,H,H,H,H,H,A,H,A,A,A,A,H,H,B,H,H,A,-,H,H,H,H,H,H,A,H,A,A,B,H,A,H,H,H,B,H,H,B,A,A,A,A,H,H,H,B,-,H,H,B,H,B,H,A,H,H,-,A,H,A,H,H,H,B,H,B,H,B,A,B,H,B,B,B,H,H,H,H,H,B,A,H,H,A,A,H,A,B,B,A,B,H,H,H,B,B,H,-,H,H,A,A,H,H,A,H,A,B,H,H,H,B,B,B,H,A,H
M09_017,B,H,H,A,A,H,H,H,H,B,H,A,H,H,B,B,A,A,H,H,A,H,A,H,B,H,H,B,A,H,A,A,H,A,H,A,H,H,A,B,H,H,H,A,H,H,B,-,A,A,A,A,H,A,H,A,B,H,B,B,H,A,A,H,H,H,H,A,H,A,B,A,H,H,H,A,B,H,H,A,B,A,A,H,B,A,A,H,H,B,H,H,H,H,B,H,A,H,B,H,H,H,A,H,H,H,B,H,H,H,B,H,H,A,H,-,B,A,B,A,B,H,H,H,A,H,H,B,H,A,H,B,B,H,-,H,H,H,A,A,H,B,A,A,B,H,H,A,H,B,A,A,B,H,H,H,H,H,H,A,H,B,A,A,H,A,A,A,H,H,A,H,A,H,A,H,H,A,A,-,H,B,B,H,B,B,H,H,B,H,H,H,B,H,A,A,H,H,H,H
M09_018,H,H,-,H,H,B,-,A,A,H,B,A,B,H,H,B,H,H,H,B,H,B,H,H,A,A,H,A,A,H,B,H,H,A,A,H,B,B,-,A,H,H,B,H,H,H,H,H,H,B,A,B,B,H,B,B,H,-,A,H,A,A,B,H,H,H,H,H,H,B,H,B,H,B,H,H,B,H,B,H,H,-,B,A,B,H,H,H,H,A,B,A,H,H,B,H,A,H,A,A,H,H,A,A,H,B,B,A,H,A,H,B,H,H,B,A,A,B,B,H,-,A,B,H,H,A,H,H,H,B,A,B,H,B,H,H,H,H,H,A,A,B,B,H,H,H,H,H,H,A,A,H,A,B,H,A,H,H,H,B,H,H,H,H,A,H,B,B,B,A,H,B,A,B,A,B,A,H,A,A,B,A,B,B,B,B,B,A,B,A,A,A,H,A,H,H,H,A,H,H
M09_019,H,H,B,B,A,A,B,-,B,H,B,A,H,-,H,H,H,B,B,H,H,B,A,B,H,H,B,H,A,B,H,A,A,H,A,H,H,B,H,H,A,A,B,A,H,B,B,A,A,A,A,H,H,-,H,H,A,B,B,H,A,B,B,A,H,A,A,A,H,H,H,A,A,B,H,H,A,B,B,H,A,H,A,A,H,A,B,B,H,B,H,-,H,H,A,B,H,H,B,B,-,H,A,B,B,H,H,H,A,H,B,H,H,-,H,H,H,H,B,B,B,A,H,H,H,H,H,H,H,H,B,H,B,B,A,B,H,H,B,H,A,H,B,H,B,B,B,H,H,H,H,-,A,B,H,A,H,-,H,H,H,A,H,B,H,B,H,A,A,H,H,H,H,H,A,H,B,A,A,H,A,H,B,B,H,A,H,H,H,H,A,H,A,B,H,H,B,B,H,H
M09_020,H,H,H,-,H,H,H,B,B,H,B,A,H,B,H,H,A,H,B,A,H,H,H,H,A,H,H,H,A,H,H,H,B,B,B,B,A,H,H,B,B,A,H,B,H,H,A,H,-,H,B,H,-,B,A,B,A,H,B,H,H,A,H,B,A,B,H,H,H,H,A,A,H,B,B,A,B,A,B,B,B,H,H,H,H,B,A,B,B,H,A,H,B,H,B,H,B,B,B,H,H,A,H,H,A,A,H,H,H,H,H,A,H,A,A,H,H,H,A,A,H,H,B,A,H,H,B,A,A,H,H,B,H,H,H,A,B,H,-,H,B,H,H,-,B,A,A,B,A,H,B,H,H,B,H,H,H,H,H,H,B,H,H,B,H,B,H,A,A,H,B,H,H,H,H,H,A,B,H,A,A,A,H,H,H,H,B,A,H,B,H,H,H,B,B,A,H,H,A,A
M09_021,A,H,A,H,H,B,H,A,A,B,B,A,A,B,H,H,H,B,H,H,A,H,B,H,B,H,A,H,H,A,A,A,B,B,H,H,H,H,H,A,H,H,B,A,H,A,B,H,H,B,H,H,B,B,A,B,A,H,A,B,H,-,H,A,H,B,H,A,H,A,A,H,H,H,H,H,-,H,B,H,A,B,B,-,H,A,A,B,B,H,H,H,H,H,-,H,A,H,H,H,H,H,A,B,-,B,B,B,H,A,H,H,A,B,A,H,B,A,B,H,H,A,H,-,B,H,B,A,H,H,H,B,B,A,B,B,H,H,B,B,B,A,B,-,H,B,B,H,H,H,H,H,B,H,B,H,A,A,H,H,A,H,H,B,A,H,A,A,A,A,A,A,A,H,-,H,A,H,H,B,H,A,A,H,-,H,H,H,B,A,A,B,H,H,B,B,H,B,H,A
M09_022,B,B,B,H,B,H,H,A,A,H,H,B,A,B,B,B,H,B,B,H,B,H,H,A,B,A,H,H,A,B,B,B,H,A,A,-,H,B,B,A,H,H,A,H,B,B,A,H,H,H,H,B,B,H,B,H,B,A,B,B,B,H,H,A,A,H,A,H,H,H,A,H,H,H,A,H,A,B,H,A,B,A,H,H,A,H,H,B,H,H,B,H,B,B,H,H,H,B,H,B,H,H,H,H,H,B,A,-,H,B,B,H,H,H,A,H,A,A,H,B,-,-,A,B,B,H,H,B,A,H,H,-,B,H,H,B,H,H,H,H,H,A,H,A,H,A,H,B,B,A,H,H,H,H,A,A,A,A,A,B,A,A,H,B,B,H,A,A,H,A,B,B,A,H,B,H,B,B,H,H,H,H,H,B,B,H,H,A,B,H,H,H,H,H,A,B,A,A,A,H
M09_023,H,-,A,B,A,H,B,H,B,H,B,H,H,A,A,H,H,B,B,B,H,H,A,H,A,H,H,A,B,H,A,B,H,A,H,B,-,A,B,H,A,B,H,H,H,H,H,H,A,H,A,B,H,A,H,H,A,A,B,H,A,H,A,A,A,-,A,H,A,H,H,H,H,H,B,H,H,B,A,B,B,H,H,A,H,H,A,A,B,A,B,H,H,H,A,B,B,H,H,A,B,B,H,H,H,H,H,A,A,B,H,H,H,H,A,H,H,B,H,A,B,H,B,B,B,-,H,B,H,H,H,H,B,H,H,H,B,B,-,B,H,H,H,H,A,B,A,B,H,B,B,H,H,B,H,A,B,H,A,H,H,H,H,A,H,H,H,B,B,H,H,B,H,H,H,H,B,A,H,B,B,H,H,H,H,H,H,A,B,H,B,H,H,A,-,H,B,H,H,H
M09_024,H,B,H,H,H,H,A,H,H,-,H,H,-,H,A,B,H,B,H,B,H,H,H,B,A,B,A,A,H,H,A,A,A,H,A,H,A,H,H,H,H,A,H,B,H,A,A,H,H,H,H,A,H,A,B,A,A,H,A,B,-,H,B,H,A,B,B,H,B,B,H,A,A,B,H,H,B,-,H,H,A,H,B,A,B,B,B,H,B,B,B,H,H,A,-,H,-,H,B,A,-,A,H,H,A,B,H,H,B,A,H,H,H,H,B,H,H,H,A,H,H,H,-,B,H,H,H,B,H,B,B,H,H,H,H,A,B,A,H,B,H,A,H,H,H,H,H,A,H,A,H,H,H,H,H,H,H,H,H,B,H,B,H,H,B,H,H,H,H,B,A,B,H,A,B,-,H,H,B,H,B,H,H,B,H,H,A,H,H,B,H,H,B,A,H,B,H,A,B,H
M09_025,A,H,B,H,H,H,B,B,H,B,-,A,A,H,H,H,H,B,A,H,B,B,A,H,H,H,A,H,H,A,B,H,A,H,A,B,A,H,A,A,H,B,B,A,H,H,A,H,H,A,H,H,H,H,H,B,B,B,H,A,B,H,H,A,H,B,H,B,H,H,A,H,H,A,H,A,H,B,H,H,A,A,H,H,H,H,A,H,A,B,A,A,H,H,H,A,B,-,H,H,H,H,B,A,B,B,B,H,H,H,H,A,-,H,H,A,H,H,H,A,H,B,A,H,A,H,B,H,H,A,H,A,H,H,H,B,A,B,A,B,H,B,H,H,H,H,B,H,H,A,B,H,A,A,B,H,A,H,A,H,B,A,A,A,H,A,H,B,A,H,H,B,B,H,B,A,A,B,H,A,A,A,H,H,H,B,H,A,B,H,H,A,A,B,H,H,B,B,A,B
M09_026,A,B,B,H,H,H,H,A,A,B,H,H,H,B,H,A,H,B,B,B,H,B,H,A,H,B,B,H,A,H,B,A,B,A,B,H,A,A,B,H,-,A,A,H,B,B,H,H,-,H,A,-,H,A,B,B,B,B,A,B,B,H,B,H,B,H,H,H,B,H,B,A,B,H,B,H,B,H,B,H,B,B,H,H,H,A,H,B,H,H,H,H,H,B,H,H,B,A,A,A,A,B,H,A,H,B,A,H,A,H,-,B,A,A,B,H,H,A,H,A,B,H,H,B,H,H,A,A,H,B,H,H,B,H,H,B,A,H,H,H,A,H,A,B,B,A,H,-,-,B,H,A,H,B,-,A,A,A,A,B,-,H,A,H,B,A,B,H,H,A,H,B,A,A,H,H,H,H,H,H,A,B,H,B,-,A,B,B,H,A,B,B,H,H,H,A,B,B,H,H
M09_027,H,A,B,A,A,B,A,H,B,H,A,A,B,H,H,A,B,H,H,H,B,A,B,A,A,A,A,H,A,A,B,B,H,H,H,B,A,H,A,B,H,H,A,-,-,H,H,H,H,H,H,H,H,B,A,H,A,H,H,H,H,A,H,A,H,B,H,H,H,A,H,A,B,B,B,B,H,B,H,A,B,H,H,H,H,H,H,B,B,H,A,H,-,H,A,H,B,B,B,A,B,H,H,H,H,H,B,A,A,A,H,B,A,A,A,B,A,A,A,B,-,B,H,H,H,H,H,B,H,B,H,B,H,H,B,A,A,H,H,H,H,A,H,H,A,H,A,A,H,H,B,H,A,B,H,H,H,B,H,A,H,H,A,H,H,A,B,H,H,H,A,H,H,A,B,B,H,H,H,A,A,H,A,A,A,B,A,H,H,H,A,B,A,B,H,A,B,H,B,H
M09_028,A,B,A,H,H,H,B,H,H,A,A,H,B,B,A,A,H,H,H,B,A,A,B,H,H,H,H,H,H,H,H,B,H,A,A,B,H,A,A,A,A,B,H,H,H,H,B,H,A,B,B,H,H,B,A,A,H,H,H,H,H,A,H,H,H,A,H,H,B,A,B,H,B,B,B,H,H,H,H,H,H,A,H,A,H,B,B,H,A,A,H,B,H,B,A,H,B,H,B,H,H,B,H,H,H,A,H,H,H,H,H,B,H,H,-,H,A,B,B,A,B,H,A,H,B,H,-,A,B,A,A,B,B,H,A,H,B,H,A,B,B,H,B,A,H,A,B,B,B,H,H,B,H,A,A,B,H,A,H,B,A,H,B,A,B,A,A,B,A,A,B,H,H,H,B,B,A,H,H,A,H,A,H,A,H,A,B,A,B,A,H,H,A,B,B,H,A,H,B,H
M09_029,H,B,B,A,H,B,B,A,B,H,H,A,-,A,B,H,H,A,H,A,B,H,H,B,A,H,A,A,H,A,H,A,A,H,H,A,H,H,H,B,B,H,-,A,-,H,B,H,A,H,A,H,A,B,B,A,A,B,B,B,H,A,H,B,A,B,H,A,H,H,A,H,H,B,A,-,A,H,H,B,A,A,A,H,H,A,-,A,A,A,B,H,H,H,A,H,A,H,B,A,H,H,B,B,A,B,H,B,A,A,A,H,B,A,A,A,H,A,H,B,-,B,H,A,H,B,H,H,H,B,H,H,A,A,H,H,A,H,H,H,A,H,H,B,B,A,A,H,H,H,H,A,H,H,B,B,B,H,H,B,-,H,H,B,-,B,H,A,B,H,H,H,A,A,H,B,A,B,B,B,H,H,A,H,H,A,B,H,H,H,H,H,A,B,H,H,H,H,A,B
M09_030,B,H,H,B,B,H,A,A,H,B,H,H,A,A,A,A,A,H,H,B,B,-,H,A,-,H,A,H,B,B,H,H,B,B,B,B,H,-,H,B,H,H,H,B,A,B,H,H,B,H,B,H,H,B,B,A,H,H,B,H,H,A,H,A,-,A,A,B,H,H,A,B,H,A,A,H,H,A,A,H,A,H,A,B,H,-,A,H,B,-,A,H,H,-,H,H,B,B,H,H,H,H,A,H,H,H,H,-,A,A,B,H,H,H,A,B,B,B,B,-,B,H,A,H,A,H,A,H,B,H,A,H,B,A,H,H,H,B,A,H,A,B,B,A,-,B,B,B,B,H,B,B,A,B,H,A,H,H,B,B,B,A,H,H,B,H,H,A,H,H,H,B,H,-,B,A,H,B,A,A,A,B,H,H,H,H,B,B,A,H,A,H,H,H,B,H,H,H,B,H
M09_031,B,H,B,B,H,B,H,B,B,H,H,A,H,H,A,B,H,H,B,H,B,H,H,B,H,A,B,H,H,B,H,H,H,H,H,H,A,H,H,A,-,B,-,H,B,B,A,B,A,A,A,H,H,B,A,A,H,H,A,B,B,H,H,H,H,H,H,H,H,H,H,A,A,H,B,H,A,A,H,B,B,A,B,A,-,B,A,A,A,H,A,H,H,H,H,B,A,H,H,H,H,A,H,B,B,H,H,H,B,H,H,H,B,H,H,H,H,H,B,H,H,B,H,B,H,H,A,B,A,H,B,H,A,B,A,A,A,H,B,B,H,H,H,H,B,H,A,H,A,B,H,A,H,B,B,H,A,A,H,B,-,A,H,H,B,B,H,B,H,A,A,A,B,B,A,H,H,H,H,H,B,B,A,A,H,H,A,H,B,A,A,B,B,H,A,B,H,A,H,B
M09_032,B,H,B,H,A,H,H,B,A,A,H,A,H,A,H,B,B,A,H,A,A,H,H,A,H,H,H,H,B,H,H,A,B,H,H,H,B,H,H,A,B,H,H,H,H,H,B,H,B,B,B,H,A,H,H,A,A,A,H,B,H,H,B,H,H,A,B,H,H,H,B,A,H,A,A,H,H,H,B,B,H,H,H,A,B,B,B,H,H,H,H,B,A,B,B,A,H,B,B,B,B,B,B,H,H,H,-,H,H,B,-,H,-,H,H,B,A,A,H,H,H,B,H,B,A,H,-,A,H,B,B,H,H,H,H,A,H,A,H,A,H,H,B,H,H,H,B,H,B,H,H,H,H,B,A,H,H,H,H,A,-,A,B,H,H,A,A,A,-,H,H,B,A,H,B,-,A,H,B,H,A,B,H,A,H,H,A,H,H,H,H,H,B,A,A,B,A,-,B,H
M09_033,-,A,B,B,A,H,B,B,B,H,A,H,H,H,B,B,B,H,H,A,H,B,B,H,B,H,H,B,H,H,A,A,A,H,H,B,A,B,H,H,H,H,B,H,H,B,B,A,H,H,H,H,H,H,H,B,H,H,B,B,H,H,B,A,H,A,H,B,A,B,A,A,B,A,H,H,A,H,A,H,B,B,B,H,H,B,B,H,B,A,A,H,B,A,A,-,A,H,B,H,H,H,B,B,H,H,B,H,H,H,A,B,B,H,B,B,B,B,A,H,H,A,H,H,H,H,A,A,H,B,-,H,-,B,H,B,B,A,A,-,H,H,B,-,H,B,B,H,A,B,A,H,A,B,A,A,H,A,A,A,H,A,H,B,A,B,B,B,H,H,H,A,H,A,H,B,H,H,A,H,A,B,H,B,B,A,A,B,B,A,B,B,H,B,H,H,A,B,A,H
M09_034,H,A,H,A,A,H,H,H,H,H,H,A,A,B,H,A,H,B,B,B,H,B,H,H,B,H,-,A,A,B,H,H,H,B,B,H,H,H,B,B,A,H,A,H,A,B,H,B,B,B,A,H,H,B,-,B,H,H,B,B,H,H,B,H,H,A,A,A,H,A,B,H,B,B,H,H,A,H,H,A,H,H,B,H,A,-,H,H,H,B,H,H,B,H,A,B,A,H,B,H,-,H,H,B,A,H,B,H,H,B,H,B,A,-,A,B,B,H,H,H,A,H,H,H,B,H,H,B,A,H,A,H,H,B,H,A,A,H,B,A,A,-,B,H,A,H,B,H,A,H,B,H,H,B,B,B,A,A,H,A,A,H,H,H,H,A,H,A,A,H,H,H,H,H,H,A,H,H,H,A,A,A,H,H,A,H,B,A,H,B,H,H,H,B,H,H,A,A,H,H
M09_035,B,B,H,H,B,H,H,A,A,H,H,A,A,A,H,A,H,A,H,H,-,B,B,H,H,B,A,B,A,H,B,A,B,B,H,A,H,H,B,H,H,H,H,H,H,H,B,A,H,A,H,H,A,H,B,H,A,B,B,A,B,H,B,B,H,H,B,H,H,H,H,B,B,-,A,A,H,B,H,H,A,H,H,H,H,A,B,B,B,H,B,B,H,H,H,H,B,H,H,H,A,A,A,A,A,B,H,H,A,H,A,B,A,A,H,H,B,B,B,H,A,A,A,B,H,B,H,A,A,H,A,H,A,B,H,H,B,H,B,A,B,A,H,B,A,A,H,A,H,H,A,B,A,H,A,A,A,B,A,A,H,A,H,A,H,H,H,H,H,B,B,B,A,B,H,H,H,B,B,H,A,A,H,H,A,B,H,H,H,B,H,H,H,H,A,H,B,B,H,H
M09_036,H,B,A,H,H,A,B,A,H,B,H,H,H,H,A,H,A,H,A,H,B,H,A,B,H,A,A,A,A,A,B,A,H,H,H,B,B,H,B,H,H,A,H,H,A,A,H,A,B,B,H,B,H,B,H,B,B,H,A,H,H,B,B,B,H,H,B,H,H,A,H,A,H,H,H,B,H,A,H,H,H,H,A,H,B,H,H,H,A,H,H,A,A,H,B,H,-,B,H,H,B,H,H,H,H,H,H,A,H,B,H,A,B,B,H,H,B,B,B,H,H,A,H,A,B,H,B,H,H,H,A,A,H,B,H,B,-,A,H,H,A,A,A,H,H,H,B,A,H,B,H,H,A,H,H,B,B,A,H,B,H,H,B,B,A,A,B,A,B,H,A,H,A,A,H,A,A,A,H,B,-,H,H,A,A,A,H,B,H,A,-,B,A,H,-,A,H,B,B,A
M09_037,A,H,A,H,B,H,B,B,H,B,A,A,H,A,A,H,-,B,H,B,B,A,H,H,A,H,B,H,B,H,A,A,H,H,A,H,H,B,H,B,H,H,H,H,A,H,A,B,H,A,A,B,B,H,A,H,B,H,B,B,H,H,H,H,B,H,H,A,A,A,H,A,H,H,H,H,B,B,B,B,A,H,A,B,A,H,B,-,A,A,B,A,B,B,A,A,A,A,H,H,H,H,A,A,H,B,H,B,A,B,H,-,B,-,H,H,H,H,B,B,A,A,H,H,A,H,H,H,B,B,H,B,B,H,H,B,B,A,B,A,A,H,H,H,H,A,H,B,H,H,H,H,H,A,B,H,H,B,B,B,A,B,B,H,A,H,A,B,H,H,B,H,A,H,B,B,B,A,A,A,B,A,H,H,B,H,B,H,H,H,-,H,H,H,H,H,B,H,H,H
M09_038,A,A,A,B,H,H,H,B,B,A,H,A,A,A,H,A,-,B,B,H,H,H,H,-,H,H,A,H,H,-,A,H,H,B,H,A,A,A,B,H,H,B,H,B,B,A,H,B,H,B,B,B,A,A,H,H,A,B,B,H,H,H,A,A,B,H,H,H,H,A,B,H,A,A,-,A,A,A,A,H,A,H,B,H,H,A,H,H,B,H,H,H,H,H,H,H,B,A,H,-,B,A,A,B,A,H,A,B,A,A,H,A,H,H,H,B,H,A,A,H,H,B,A,A,H,A,H,B,H,A,H,A,-,A,H,H,A,A,H,B,B,A,H,A,A,H,H,H,A,B,A,A,H,B,B,A,A,H,-,H,H,A,A,B,H,B,H,B,A,B,B,H,A,A,B,H,A,B,-,B,H,H,B,H,H,H,B,B,A,-,H,A,H,H,A,B,B,B,A,A
M09_039,H,B,H,A,H,H,H,H,H,H,H,H,H,B,H,H,-,H,H,A,H,B,H,H,H,B,H,H,H,A,H,A,B,H,H,H,H,B,H,A,B,B,A,B,H,A,H,H,H,B,A,H,H,B,A,A,B,H,B,H,H,H,B,A,A,H,A,H,B,B,H,-,H,A,H,B,H,H,A,B,A,H,H,H,H,H,H,H,H,A,H,H,H,H,A,H,A,-,A,A,A,H,B,H,B,A,H,H,B,H,H,H,B,B,H,A,H,H,H,H,H,B,H,H,A,B,H,H,A,B,B,H,H,H,B,H,-,H,-,B,H,B,B,H,H,H,A,H,H,H,H,A,B,A,H,B,H,B,A,A,A,B,A,-,-,B,H,A,H,H,H,H,B,A,A,A,A,B,B,A,B,H,H,A,H,B,H,H,B,A,A,H,H,B,H,A,-,H,B,B
M09_040,H,H,H,H,H,H,B,B,H,A,B,B,H,A,A,H,H,B,H,H,H,A,A,H,H,-,H,H,B,H,H,H,A,A,H,H,H,H,H,B,H,H,A,H,A,H,B,A,H,A,H,B,B,B,H,H,H,A,A,A,H,A,B,H,A,H,H,B,A,H,H,H,H,H,B,A,B,A,H,H,H,A,H,H,-,H,A,B,B,B,H,B,H,H,B,H,A,B,H,H,H,A,B,H,B,H,-,B,H,A,B,A,B,H,H,A,H,H,A,H,-,H,H,B,B,H,B,B,A,B,H,H,H,A,A,A,B,H,H,A,B,H,H,A,H,A,B,A,A,B,A,A,A,B,H,B,H,A,A,B,B,B,B,B,H,H,A,H,-,H,H,H,H,H,A,B,B,A,H,H,H,H,B,H,A,H,H,H,B,H,H,H,H,A,H,H,H,H,H,B
M09_041,A,H,B,A,B,H,B,H,B,H,H,H,B,A,A,H,H,-,A,H,H,A,B,B,B,H,A,H,B,A,H,B,B,H,H,H,H,H,B,H,H,H,A,A,H,A,A,H,H,A,B,H,H,A,H,H,H,A,A,H,A,A,H,A,A,A,B,A,H,H,B,B,A,A,H,-,B,H,B,H,H,H,A,H,B,H,A,H,A,H,B,A,H,A,B,-,H,H,H,A,B,H,A,B,B,H,H,H,H,H,B,A,H,H,B,B,A,A,H,H,B,A,H,A,B,H,H,H,H,H,H,A,H,H,H,B,B,A,H,H,H,H,A,H,B,A,A,B,H,H,H,A,A,A,A,A,B,H,H,H,B,A,B,H,H,H,-,H,B,B,H,B,B,H,H,H,A,H,H,A,A,A,B,A,H,A,H,B,B,H,-,B,A,H,B,H,B,H,H,H
M09_042,H,H,A,A,B,H,A,A,H,H,B,B,A,H,H,A,H,A,H,B,B,B,B,H,H,A,A,B,B,H,H,A,B,H,H,B,B,H,H,A,B,A,B,A,B,H,H,A,-,H,A,H,B,-,H,A,B,A,A,B,H,-,H,H,H,H,H,B,H,H,H,A,H,A,H,H,B,H,A,A,B,A,H,A,A,A,B,A,A,H,H,B,A,H,-,H,H,A,A,H,A,B,H,H,H,A,H,A,-,H,A,H,A,B,B,B,H,H,A,A,B,H,B,B,H,H,H,H,A,H,A,H,A,H,H,H,B,H,H,H,B,H,A,B,H,A,B,A,H,-,H,A,A,B,H,H,H,H,H,A,B,A,B,-,H,H,A,H,B,H,A,H,H,H,B,H,A,A,A,A,H,-,A,A,H,B,B,A,B,H,-,H,B,H,A,B,H,A,H,H
M09_043,H,B,B,H,A,H,H,H,H,-,H,H,A,H,H,B,-,H,H,A,A,H,H,B,B,H,A,H,A,B,A,B,H,H,H,H,H,H,B,H,B,A,B,H,H,H,H,B,H,A,H,H,H,B,H,H,B,A,H,B,B,A,A,B,H,B,B,A,B,H,B,H,H,H,H,B,H,A,H,A,B,H,B,A,H,A,H,H,H,H,A,A,B,H,B,A,A,A,H,H,A,H,H,H,B,H,A,H,A,H,H,H,H,H,B,A,A,B,A,A,H,B,H,H,A,H,H,H,H,H,H,A,H,H,B,B,H,A,B,H,A,B,H,H,A,H,B,B,A,B,H,B,H,H,H,B,B,A,H,A,A,H,-,B,H,B,H,B,B,H,H,A,A,B,A,A,A,H,A,A,B,B,H,A,H,B,B,A,H,H,A,B,B,B,-,A,B,H,-,H
M09_044,H,A,H,A,B,H,B,B,A,A,B,B,A,B,H,H,B,H,H,H,A,H,A,-,H,H,A,A,A,A,H,-,A,H,A,H,H,A,A,B,H,A,A,B,A,B,A,B,H,H,A,B,H,H,H,A,B,A,H,H,A,B,A,H,H,H,H,H,B,B,H,A,B,-,A,A,H,H,H,H,A,H,H,A,H,A,A,A,A,A,H,A,B,H,H,A,B,B,A,H,A,H,B,B,A,B,A,B,B,B,H,B,B,H,H,H,H,A,H,A,H,H,H,H,H,H,A,H,H,A,A,B,A,H,H,H,A,H,H,H,B,B,H,B,H,H,B,-,B,B,H,H,H,B,A,H,H,B,H,H,B,H,H,H,B,B,B,H,A,B,B,A,H,B,H,B,H,H,B,H,H,H,A,H,H,A,H,H,B,H,A,H,A,B,H,H,H,H,A,H
M09_045,H,H,H,B,H,H,H,H,A,H,B,A,B,H,A,B,A,H,H,B,-,B,H,A,H,A,A,A,A,A,H,A,A,A,B,H,H,H,H,A,H,B,H,B,A,B,H,H,H,A,H,H,A,A,-,B,H,A,B,A,A,H,A,H,A,H,A,B,-,B,A,H,H,B,H,B,A,H,-,A,H,-,H,-,A,B,H,A,A,H,A,H,A,H,B,A,A,H,A,H,H,B,A,B,H,H,A,A,B,A,H,A,H,H,H,B,A,B,H,H,A,H,H,H,B,B,H,A,B,A,B,A,B,A,A,H,H,H,H,B,B,B,-,A,H,H,A,A,B,A,H,A,B,B,A,H,B,H,H,H,H,B,H,A,B,A,B,B,A,H,A,H,H,H,A,H,H,H,B,B,B,A,A,A,H,H,A,H,A,H,B,H,H,H,H,H,A,H,H,B
M09_046,A,B,H,H,H,A,B,A,B,B,H,A,H,B,-,H,H,H,B,B,H,B,B,H,H,B,B,H,H,H,A,B,A,B,H,A,H,A,B,H,H,H,H,H,A,B,H,A,H,H,A,B,H,H,A,-,A,A,A,H,H,A,H,A,B,-,H,A,B,B,H,A,H,A,H,B,B,H,H,B,A,B,A,H,H,H,H,H,H,A,H,B,A,A,H,H,A,H,H,B,H,B,B,H,H,B,B,H,H,H,B,H,B,B,H,H,A,H,A,A,A,H,B,H,-,H,H,H,H,H,B,H,B,H,H,A,B,H,H,B,H,H,H,H,H,H,H,H,H,H,H,A,B,B,A,H,A,H,H,A,H,H,H,A,H,H,B,H,B,B,H,A,B,B,B,B,H,H,H,H,B,H,H,B,A,H,H,A,A,H,A,H,A,B,H,B,A,A,H,A
M09_047,B,A,A,B,H,A,H,H,H,A,B,A,H,B,H,A,B,H,H,H,A,H,A,H,-,H,H,A,B,H,H,B,H,H,H,H,B,H,H,H,H,H,A,A,A,H,H,H,B,H,B,A,A,A,H,B,B,H,A,A,-,A,B,A,A,A,H,H,A,B,A,B,H,A,A,H,H,H,H,H,H,A,H,H,A,A,A,H,H,A,A,A,H,B,H,B,H,A,B,H,H,B,H,H,H,H,H,H,B,B,A,H,B,A,A,H,A,B,B,H,B,H,A,A,B,H,H,B,A,H,H,A,H,B,H,H,H,B,H,H,H,H,H,B,H,H,H,H,A,B,H,A,B,H,H,H,H,A,H,A,H,B,A,H,H,A,H,H,A,H,B,H,H,H,H,A,H,H,H,H,H,H,H,B,H,H,A,B,A,H,B,A,B,H,A,H,H,H,B,H
M09_048,-,B,H,A,H,H,H,H,H,H,A,H,B,A,H,B,A,A,H,H,H,H,H,B,H,A,H,H,H,B,A,H,A,A,H,B,H,A,H,B,A,A,A,H,A,H,B,B,H,A,B,B,A,B,B,B,H,B,A,-,A,H,A,H,H,A,B,H,A,H,A,B,H,A,H,H,H,H,B,H,A,B,H,H,H,A,H,H,H,H,H,H,B,A,H,B,H,H,B,B,H,B,A,H,H,H,H,A,B,B,H,A,H,A,A,B,A,H,H,A,A,H,A,H,H,H,H,B,B,B,H,H,A,B,H,H,H,A,B,H,-,B,B,H,B,B,A,B,H,H,B,A,H,A,A,H,H,H,H,H,A,B,B,A,H,H,-,B,A,B,A,H,H,H,H,H,A,B,A,H,B,B,B,H,H,B,H,H,H,A,H,H,-,H,H,H,H,H,H,B
M09_049,H,H,H,A,H,B,H,H,H,B,B,B,H,H,A,B,A,H,B,H,H,B,H,H,A,H,H,B,H,H,B,H,H,B,B,B,H,H,B,A,H,H,H,B,H,A,H,A,A,B,B,H,H,B,A,A,H,H,A,H,H,A,H,H,A,H,B,H,H,A,A,A,B,H,H,H,A,H,B,H,B,H,B,A,B,B,B,B,H,A,B,A,H,H,A,H,B,A,A,H,A,B,B,H,A,H,H,H,B,B,H,H,H,B,H,H,H,H,A,H,H,A,B,A,B,A,A,B,-,A,A,A,H,H,H,B,B,B,H,A,H,B,-,B,A,H,H,B,A,A,H,B,A,-,B,B,B,B,H,A,B,H,H,H,H,H,A,H,B,B,H,A,A,H,H,A,B,H,H,H,B,B,H,A,A,H,-,H,A,H,B,B,A,H,A,B,H,H,A,H
M09_050,H,H,A,H,H,A,A,A,B,H,B,H,B,B,H,H,H,H,H,A,B,H,H,H,A,A,B,B,H,H,H,H,H,H,H,H,B,H,A,-,A,H,H,A,B,H,H,-,H,H,B,H,H,A,A,B,A,H,A,B,A,-,H,A,H,B,H,H,H,A,B,H,H,H,A,A,H,H,B,H,H,B,A,H,A,B,H,B,B,B,H,B,H,B,A,H,H,A,B,A,H,A,A,H,H,A,H,H,B,H,H,B,H,A,B,A,A,H,A,A,H,H,H,A,B,H,B,A,H,B,A,B,H,B,H,B,A,H,B,B,A,A,H,A,A,H,H,H,A,H,H,B,H,H,H,H,A,H,H,H,B,A,B,H,H,A,H,H,B,H,-,A,A,B,H,B,A,H,H,B,H,A,-,B,A,A,B,B,A,H,A,B,H,A,H,B,A,A,H,B
M10_001,B,B,H,A,A,B,A,-,H,H,H,H,H,H,B,H,-,A,A,H,H,A,A,H,H,H,H,B,H,H,A,H,H,A,A,A,A,H,H,H,H,H,H,H,A,H,A,B,H,H,H,H,H,B,B,A,H,H,A,A,B,B,H,A,A,H,-,H,A,H,H,H,H,A,H,H,H,A,B,B,-,H,H,H,H,H,B,H,B,H,A,H,H,B,H,-,A,A,A,H,B,A,H,H,A,H,B,H,A,A,H,B,B,H,A,H,A,A,A,H,A,H,B,A,B,A,H,A,B,H,H,H,H,H,B,A,B,H,H,A,A,H,B,H,A,H,A,H,H,A,B,B,B,H,H,H,H,H,H,B,A,A,H,H,H,H,H,H,A,A,H,B,H,H,H,B,H,A,H,H,-,H,A,H,A,B,H,H,H,H,B,-,A,H,B,-,B,B,A,H
M10_002,B,H,H,B,H,H,A,H,A,H,H,H,H,H,B,H,H,A,H,A,B,H,A,H,A,H,B,B,A,A,B,H,H,B,H,A,H,H,H,H,A,A,B,B,H,A,H,A,-,H,A,A,B,A,B,B,H,H,H,H,A,H,H,-,H,H,A,B,A,B,A,A,A,H,H,B,B,A,A,A,H,A,A,H,A,A,A,H,A,H,B,H,B,H,B,H,H,H,H,-,H,H,A,H,H,B,B,H,H,B,H,H,H,B,A,B,H,H,B,H,H,H,B,H,H,H,B,H,A,H,H,H,-,H,H,A,A,B,-,B,B,B,B,H,A,H,H,-,H,H,B,H,H,H,B,H,H,H,A,H,H,A,H,H,H,H,H,-,H,B,A,A,H,H,A,H,H,H,H,A,H,H,B,H,H,B,H,A,A,A,A,H,H,H,A,H,A,H,A,H
M10_003,H,H,B,B,H,H,H,H,H,H,H,H,B,B,H,H,B,H,H,A,B,A,H,H,A,A,B,H,A,H,A,H,H,B,H,H,A,-,H,H,A,H,H,A,A,H,B,B,H,A,B,A,B,H,H,A,A,H,A,H,B,H,H,A,H,B,H,H,A,H,H,H,B,-,B,H,-,H,H,H,B,H,H,H,A,B,B,H,H,H,A,A,-,A,A,H,H,H,H,B,B,A,B,A,H,B,H,A,B,-,B,B,B,H,H,B,A,B,A,B,A,-,H,H,H,H,H,A,H,A,B,H,H,H,H,A,B,H,H,A,H,B,A,B,H,A,H,H,H,-,B,H,A,A,B,B,B,B,H,B,H,B,H,B,H,B,A,H,B,H,H,H,H,A,B,H,B,A,H,H,B,H,H,A,B,B,B,B,H,H,H,B,H,H,A,B,H,H,H,H
M10_004,B,B,H,B,A,H,A,H,B,H,H,H,A,H,H,H,H,A,H,H,H,H,B,B,H,A,B,H,B,H,A,H,H,H,B,H,A,H,H,A,H,A,B,B,H,H,B,A,A,H,H,H,B,H,H,-,B,A,H,H,A,B,H,A,H,H,H,H,B,H,B,H,B,A,H,H,A,H,B,A,-,B,H,H,H,H,A,A,H,H,H,B,H,A,H,H,H,A,H,H,H,H,H,H,H,B,A,A,B,A,H,B,B,B,B,H,H,A,A,H,H,H,H,A,A,B,B,H,H,A,H,A,H,A,H,H,H,H,A,H,B,B,H,B,H,H,B,H,A,H,B,B,-,H,A,B,B,B,B,H,A,B,A,A,H,H,A,B,A,H,H,B,H,B,H,H,H,H,A,H,A,A,H,H,H,H,A,A,H,H,H,-,A,B,B,B,-,B,B,-
M10_005,B,B,H,H,H,H,H,H,H,H,H,B,H,H,A,B,H,B,H,A,A,A,H,A,A,A,H,H,A,B,A,A,A,A,H,A,H,H,A,B,A,B,H,B,B,B,B,B,H,B,H,B,B,B,B,H,B,A,A,A,A,B,H,A,B,A,A,H,A,H,-,H,A,H,H,H,A,B,A,B,A,H,A,H,A,A,B,H,H,B,-,H,-,B,H,B,A,-,H,A,H,B,B,H,H,A,B,H,A,B,H,H,B,H,H,A,A,A,H,H,B,B,B,-,H,H,H,H,H,H,A,H,H,B,A,A,B,H,B,H,H,H,H,H,H,A,A,A,A,H,B,H,H,A,B,H,H,A,B,A,H,H,B,H,A,A,A,H,-,A,H,H,A,B,A,H,H,H,H,H,H,B,H,A,H,H,H,A,H,A,H,B,H,H,B,H,A,A,B,B
M10_006,-,H,H,H,H,H,H,H,H,H,A,A,B,H,B,H,H,H,H,B,A,H,H,H,B,A,H,H,A,B,H,A,H,H,A,H,A,A,H,-,A,B,B,A,H,B,A,A,H,H,H,A,H,H,A,B,H,H,H,H,A,B,A,B,H,H,B,H,H,B,H,H,A,H,H,-,H,H,H,B,H,H,B,B,B,H,B,H,A,A,A,H,A,B,H,H,A,H,-,H,B,B,A,H,A,H,B,B,H,H,A,B,B,B,H,H,B,B,-,H,A,H,H,A,H,B,B,A,A,B,A,H,A,A,H,H,H,A,H,H,A,B,A,H,A,H,H,A,H,B,B,H,A,B,B,A,A,H,H,H,A,H,B,B,H,H,B,H,B,A,B,B,A,H,H,H,B,H,A,B,A,H,H,A,H,B,H,H,H,B,B,H,B,A,H,H,A,B,H,A
M10_007,B,H,B,H,H,H,A,H,A,H,A,H,B,H,A,H,H,B,H,H,A,H,H,A,H,B,A,H,H,B,A,B,A,B,H,A,H,A,A,H,B,H,H,H,A,H,B,A,H,B,H,B,H,B,H,H,H,B,H,B,H,H,A,-,B,A,H,H,H,B,B,H,B,H,B,H,B,A,A,-,H,A,A,H,A,H,H,A,A,A,H,H,A,H,B,B,B,B,H,B,B,B,H,H,A,H,B,H,A,B,B,B,-,H,B,H,H,A,-,B,H,H,A,H,B,A,A,H,H,B,H,-,H,A,A,H,H,H,H,B,H,H,H,-,A,H,B,A,H,A,B,B,A,B,A,A,A,B,B,A,B,H,H,B,A,H,H,H,A,H,A,B,H,B,B,A,H,-,H,H,H,H,H,H,A,B,H,B,H,H,H,A,H,B,A,H,B,A,A,B
M10_008,H,H,H,B,A,-,H,A,H,H,B,H,B,B,H,H,H,A,H,B,B,-,A,A,H,H,A,H,H,B,H,A,A,B,B,H,A,H,H,A,A,B,B,B,H,H,A,H,H,A,H,B,B,B,A,A,H,H,A,-,H,A,H,H,A,H,A,H,B,A,H,A,H,B,B,B,H,H,A,A,H,A,B,H,A,A,-,B,B,B,B,H,H,H,B,B,H,H,A,H,A,A,H,B,H,H,H,B,H,A,A,H,H,A,H,H,B,H,-,H,B,B,H,H,B,H,A,-,B,B,-,A,H,A,B,B,B,H,H,H,H,H,-,B,-,H,H,H,H,B,B,-,A,H,H,H,H,B,H,H,B,A,B,H,H,H,H,B,A,H,B,H,B,H,H,H,A,H,H,H,B,H,H,H,H,H,H,H,B,H,A,H,H,H,H,B,H,B,H,B
M10_009,B,A,B,H,H,H,H,H,H,B,H,H,A,H,H,H,A,H,-,B,H,B,B,H,H,H,A,H,H,A,B,H,B,A,A,B,A,B,H,H,A,H,B,B,H,H,H,B,B,H,H,H,A,B,B,B,A,H,H,H,B,B,H,A,B,H,B,A,H,H,A,A,B,B,B,B,A,B,H,H,H,A,B,H,A,H,B,H,A,H,H,H,H,H,B,A,A,A,B,H,H,A,A,H,H,-,H,B,A,H,H,B,H,-,H,B,A,B,A,H,-,H,A,A,H,-,H,B,H,A,H,B,B,H,H,H,B,B,H,A,H,H,A,H,A,B,H,A,H,B,B,A,A,B,A,H,H,H,H,A,H,H,H,H,B,H,A,B,H,H,A,H,A,A,B,A,H,A,B,B,A,B,A,H,H,H,A,B,-,B,H,H,H,A,A,B,H,H,B,A
M10_010,H,H,B,B,A,A,A,A,-,A,-,B,-,A,B,B,B,H,H,H,B,H,A,H,B,A,B,A,H,A,A,H,H,B,A,H,H,B,A,H,A,B,H,H,A,A,B,H,A,H,B,A,B,B,-,B,H,H,B,A,H,H,H,H,H,A,A,H,H,B,H,H,H,A,H,B,H,H,B,H,A,B,-,B,B,A,H,A,A,B,H,A,H,B,A,H,H,A,B,H,A,H,H,A,H,H,A,A,H,H,A,H,A,H,A,H,H,A,H,-,A,H,H,A,B,H,H,B,H,A,B,H,H,B,A,B,H,B,A,H,B,A,H,A,B,H,A,B,H,H,-,H,H,B,A,B,H,A,H,B,H,A,H,B,H,A,H,H,A,B,H,A,B,H,H,H,B,B,-,A,H,H,H,H,B,A,A,H,A,H,H,H,A,B,H,H,H,B,B,H
M10_011,B,H,B,A,H,B,A,H,H,B,B,H,H,A,A,H,A,-,A,A,H,A,B,A,A,H,H,H,A,H,B,H,H,H,H,H,B,B,H,-,B,H,H,H,H,B,B,B,H,A,H,-,H,B,A,H,A,B,H,B,H,H,A,H,H,H,B,A,A,H,H,H,H,H,H,A,H,H,A,A,H,A,B,H,H,H,H,H,B,H,H,H,-,H,A,B,B,A,A,H,A,H,A,H,A,H,B,H,B,H,H,H,H,H,A,H,H,H,H,H,H,H,H,B,H,H,H,H,A,H,A,H,H,B,H,H,B,H,A,B,B,A,H,A,A,H,H,B,H,B,A,B,A,H,H,A,B,H,H,H,A,B,H,A,A,H,H,A,H,B,B,H,A,H,H,B,H,H,H,H,H,-,B,B,B,B,H,H,H,A,B,A,A,A,A,A,H,B,B,H
M10_012,B,H,B,H,A,H,B,A,H,H,H,B,H,H,H,B,H,H,H,H,H,H,H,A,B,H,H,H,B,A,H,H,B,H,A,H,A,B,H,-,A,B,B,-,H,H,H,H,H,A,A,A,A,H,H,A,H,H,A,A,H,A,H,A,B,A,H,B,H,A,A,H,H,B,H,B,H,H,-,B,A,H,B,H,H,A,H,H,B,H,H,A,B,B,H,H,H,H,H,A,H,H,H,A,H,A,H,B,H,B,A,H,-,H,H,A,H,H,A,H,A,H,A,H,-,H,H,H,H,H,A,H,A,B,H,B,A,H,H,-,H,A,H,H,H,A,A,H,H,A,H,H,H,H,H,H,H,H,H,H,B,-,B,B,A,B,A,B,H,B,B,B,B,A,B,A,H,-,H,H,H,H,H,H,H,A,H,B,B,H,A,A,B,B,H,H,B,A,H,B
M10_013,B,H,B,A,A,A,A,-,H,B,B,A,H,H,H,A,H,H,H,B,A,H,B,-,A,H,A,H,H,H,H,A,B,H,A,H,H,A,B,H,H,A,B,B,A,H,A,A,H,H,B,B,H,B,H,A,A,-,H,B,A,H,A,B,A,H,A,B,H,H,H,H,A,B,B,H,B,B,H,B,A,H,A,B,A,A,H,H,H,H,-,H,H,A,H,H,H,H,H,H,B,H,A,H,B,B,B,B,A,H,H,A,-,A,B,B,B,H,H,B,B,A,H,H,A,B,H,H,H,B,-,H,B,H,H,B,H,B,A,A,B,A,H,H,H,B,H,B,B,B,B,H,H,H,B,B,H,H,H,A,H,A,H,H,B,B,-,A,A,H,B,H,B,H,H,B,B,H,H,A,H,H,A,H,H,B,B,B,A,H,H,B,H,H,H,A,H,B,H,B
M10_014,H,B,-,-,H,A,H,B,A,H,A,H,A,A,A,H,H,H,A,B,B,H,B,B,H,H,H,H,B,H,H,A,H,A,H,H,B,H,A,H,H,B,A,A,A,-,B,A,H,H,A,A,B,B,B,H,H,H,H,B,H,A,A,A,A,B,H,-,H,H,H,A,H,H,A,B,A,B,H,B,A,H,B,B,B,H,H,H,A,A,H,H,H,H,H,A,B,H,B,H,A,B,H,A,H,B,A,H,H,B,H,H,H,A,B,B,B,H,H,B,B,H,H,H,A,H,A,A,H,B,H,H,H,H,H,-,A,A,H,H,H,H,H,B,H,H,H,H,A,B,H,H,A,H,H,A,B,A,A,H,H,H,H,H,H,B,H,B,B,A,H,H,H,A,H,H,H,B,H,B,H,B,A,B,H,H,H,A,H,H,B,A,H,H,H,B,H,A,H,A
M10_015,H,H,H,B,B,H,H,B,H,A,H,A,H,B,A,H,H,B,H,A,A,A,A,H,H,A,H,A,B,H,A,H,B,A,A,A,H,H,A,H,A,H,A,A,B,B,H,H,A,H,H,H,B,B,A,H,A,H,H,B,H,B,H,H,A,A,H,B,B,H,A,H,A,H,H,B,H,A,B,H,B,B,B,H,B,-,B,H,H,B,A,-,B,B,A,A,H,-,B,H,H,A,H,H,-,A,H,B,B,H,A,B,H,H,-,H,H,A,H,A,A,A,H,H,H,H,H,H,H,H,B,H,H,H,H,H,H,H,H,H,B,H,B,H,H,H,H,H,B,B,H,A,H,A,B,-,H,B,B,B,H,H,A,A,B,A,H,H,A,B,B,H,B,H,B,B,A,B,B,H,H,A,H,H,B,H,H,A,B,H,B,H,A,H,B,A,A,-,A,H
M10_016,A,A,A,H,B,A,A,B,H,B,A,A,H,H,H,H,H,H,A,H,A,H,A,H,H,H,B,B,-,A,H,A,H,H,H,H,H,H,A,H,B,H,A,B,H,H,A,B,H,H,H,H,H,H,H,A,H,H,-,H,H,H,B,H,H,A,A,B,B,H,A,H,H,H,H,H,A,H,A,A,H,A,H,B,H,B,H,H,A,H,H,H,B,B,H,B,H,H,H,B,H,B,A,H,H,H,A,B,H,A,A,H,B,A,H,A,A,H,B,B,H,A,H,H,H,H,A,B,A,H,A,H,H,H,H,B,H,B,A,A,B,H,H,H,H,A,B,H,H,B,H,B,B,B,H,A,A,H,A,H,H,B,A,A,A,A,B,A,H,A,A,A,A,A,A,B,A,A,H,B,A,H,A,H,H,B,H,H,H,H,A,H,B,B,H,H,H,B,A,B
M10_017,H,H,B,A,B,H,B,A,H,A,H,B,H,H,B,H,H,B,A,A,-,B,H,H,H,H,A,B,H,B,A,H,A,B,B,B,H,A,H,H,H,H,H,H,-,B,H,H,A,A,H,H,B,H,H,H,B,-,H,B,A,H,B,H,A,H,H,H,H,A,-,H,H,A,-,A,H,B,A,B,A,-,B,B,H,A,H,A,H,H,H,-,H,B,A,B,A,H,B,H,B,H,B,B,B,A,A,H,B,H,H,B,H,B,A,H,H,H,H,A,-,H,B,B,A,H,B,A,H,H,-,H,A,H,H,H,A,A,H,A,H,H,H,H,H,H,A,B,H,B,A,H,H,H,A,B,B,H,B,H,H,H,H,A,H,B,B,H,H,A,H,A,H,H,B,H,H,H,A,H,H,A,A,H,A,H,B,B,-,A,A,A,H,H,A,H,H,H,H,H
M10_018,H,B,H,H,H,B,B,A,H,-,H,H,H,H,B,H,H,A,B,H,H,H,H,H,H,H,B,H,B,B,H,B,H,A,H,H,A,A,A,B,H,H,B,A,A,B,H,H,H,H,H,H,H,B,A,A,H,A,B,A,B,A,B,A,A,H,H,H,H,B,B,H,A,A,A,H,B,H,H,B,A,B,H,B,A,H,H,B,H,H,-,B,A,A,A,A,B,H,B,B,H,H,H,B,H,A,H,H,A,H,A,H,A,H,H,H,H,A,B,A,H,A,H,A,H,A,H,A,H,H,H,H,H,B,H,B,H,H,A,H,H,-,B,H,A,H,H,H,A,A,H,A,A,H,H,B,H,H,H,A,A,H,H,H,B,B,H,H,B,A,A,H,H,A,A,H,A,H,A,H,H,B,B,A,A,B,A,H,A,H,B,H,H,H,A,B,H,B,H,H
M10_019,H,-,H,B,H,A,B,H,A,H,H,B,A,H,H,B,H,H,A,B,A,B,H,H,H,B,B,H,B,H,H,B,H,B,H,H,H,A,B,H,H,H,A,H,H,A,B,H,A,B,H,H,H,A,A,H,H,A,A,A,A,H,A,H,H,H,B,H,A,H,H,H,H,H,A,H,H,-,A,A,B,A,H,H,B,A,B,H,B,H,H,A,-,A,A,-,H,A,B,H,H,B,A,A,H,B,A,H,B,B,H,H,B,A,H,H,H,A,B,B,H,-,H,B,H,H,H,B,H,A,H,H,A,H,H,A,H,H,A,B,-,A,B,H,A,A,H,B,A,H,A,H,B,A,H,A,A,A,H,A,H,A,H,H,H,A,H,B,H,A,H,H,H,H,A,B,H,H,H,H,H,H,A,A,H,H,-,H,A,A,H,H,H,H,A,A,H,H,B,A
M10_020,H,A,H,H,B,A,A,B,H,H,H,B,H,H,B,H,A,H,A,-,H,A,B,A,H,H,A,H,H,B,H,A,H,H,A,H,B,H,H,H,B,B,A,H,H,H,A,B,B,A,H,A,H,B,H,H,A,B,H,B,H,H,H,H,B,B,H,A,H,H,A,H,H,B,B,A,B,A,B,H,H,B,H,B,B,H,H,A,A,H,H,A,B,B,H,B,A,A,B,H,B,B,A,H,H,B,H,B,B,H,H,H,H,B,A,B,B,A,H,H,A,H,A,H,B,H,H,A,H,B,H,A,H,A,H,H,B,H,H,A,A,A,A,H,B,H,H,H,A,A,H,H,A,H,B,A,B,H,H,A,A,A,A,B,H,A,A,H,H,B,H,H,A,A,B,B,B,H,H,B,H,H,H,H,H,H,H,A,H,H,B,H,H,A,H,B,B,H,H,H
M10_021,H,H,A,B,H,B,H,H,B,H,H,B,B,H,H,H,A,A,H,H,A,H,H,H,A,B,H,H,H,B,H,H,B,B,A,H,B,A,B,A,B,H,H,B,H,H,B,H,H,B,B,A,H,B,H,H,A,B,H,A,B,H,A,A,B,H,H,H,-,H,H,H,H,H,B,B,-,A,H,B,A,A,H,B,A,A,B,H,H,B,H,H,B,H,H,B,A,A,H,H,A,H,A,H,A,B,B,H,H,B,B,A,H,A,A,A,H,H,A,H,H,B,H,H,H,A,B,H,A,H,A,H,H,H,A,A,H,H,H,H,H,A,A,H,H,H,H,H,H,B,H,H,H,A,A,H,A,A,H,H,A,B,B,H,H,B,B,H,H,H,H,H,-,H,B,B,H,H,H,A,A,B,H,H,B,A,H,B,A,A,A,-,H,A,H,H,A,B,A,B
M10_022,B,H,B,A,B,A,H,B,H,H,A,B,A,B,B,H,H,A,H,H,A,B,H,A,H,H,H,H,A,A,H,H,H,H,H,A,H,H,H,A,H,B,H,H,H,A,A,B,B,H,A,B,A,B,H,A,B,H,H,H,B,A,A,B,H,B,H,H,A,B,-,A,-,H,A,A,H,B,H,H,H,B,H,A,A,A,-,H,H,B,H,A,A,H,B,B,A,B,B,A,H,A,A,H,H,A,B,H,B,H,H,H,B,H,B,A,A,H,H,H,H,H,A,B,H,A,A,H,A,B,B,H,B,B,B,H,H,H,H,H,A,A,B,B,A,H,H,H,A,H,H,H,H,H,H,H,B,A,B,A,A,-,B,-,H,H,A,A,A,H,H,B,A,H,B,B,H,A,A,H,H,B,B,H,H,A,A,H,A,A,B,H,H,B,A,H,H,B,B,H
M10_023,H,B,A,H,H,H,H,B,A,H,B,A,B,H,H,H,B,B,H,B,A,A,H,H,H,A,H,-,H,H,A,H,H,B,H,A,A,H,H,H,H,H,A,H,H,H,H,H,A,B,H,H,H,H,H,H,A,H,H,H,A,H,A,B,B,H,H,H,A,H,H,H,A,A,B,B,A,H,A,B,A,H,H,A,H,B,A,H,H,H,H,B,A,B,A,B,A,A,B,H,A,B,B,H,B,H,H,H,B,B,A,H,H,B,-,A,A,-,A,A,H,H,H,H,H,A,H,H,H,H,A,A,B,B,H,H,A,B,B,A,B,H,H,H,A,B,A,H,B,H,B,A,B,H,H,B,B,H,B,A,A,H,B,A,A,B,B,H,B,B,H,A,B,H,B,H,H,B,B,A,H,H,A,H,H,H,H,H,H,H,B,B,H,A,H,A,H,B,B,H
M10_024,H,H,H,B,H,H,A,A,B,H,B,B,B,A,H,H,H,A,B,H,A,H,A,H,H,B,B,B,H,A,H,B,H,A,A,H,H,H,H,B,A,-,H,H,B,H,-,B,H,B,A,A,B,B,A,B,A,A,-,A,H,H,H,H,H,H,A,H,H,A,H,H,A,B,B,B,H,A,H,A,B,A,B,B,B,A,H,H,B,H,H,H,A,H,H,H,A,H,H,H,A,H,H,A,H,A,B,H,B,H,H,B,B,A,-,A,H,H,B,H,B,B,H,H,H,H,H,A,A,H,B,H,A,B,B,B,A,H,H,A,-,A,H,H,B,B,B,A,B,B,A,H,H,H,H,A,B,H,H,H,H,H,H,H,H,B,H,B,H,A,A,H,A,H,B,H,H,H,A,A,H,H,B,H,A,H,H,H,H,B,A,B,B,A,A,H,H,H,H,-
M10_025,H,A,B,H,A,H,H,H,H,H,H,H,A,A,A,A,A,A,B,A,H,H,H,B,H,H,H,H,H,A,H,H,A,A,H,H,H,B,A,H,B,H,A,H,H,A,A,H,H,B,H,H,A,H,H,H,H,A,B,B,B,B,H,H,A,B,A,A,H,A,H,H,B,A,H,H,A,H,B,H,A,H,A,H,A,H,B,B,A,H,H,H,A,B,H,H,H,A,H,H,A,H,A,B,H,-,A,H,A,H,B,B,B,A,H,H,H,H,H,H,B,H,-,B,A,H,A,H,H,B,A,B,B,H,A,B,-,B,B,H,A,H,-,H,H,A,A,H,H,H,H,H,H,H,H,H,-,H,A,B,H,H,H,H,A,B,H,H,-,A,B,H,H,H,A,H,H,B,A,A,A,H,H,-,A,H,H,B,H,H,B,B,B,B,H,B,H,H,A,H
M10_026,H,A,H,H,H,H,A,H,B,B,A,B,H,B,A,H,A,H,H,H,A,H,H,B,H,A,H,H,B,H,B,H,B,H,H,H,A,H,B,A,H,B,A,H,H,H,A,H,A,H,A,H,A,A,H,A,-,A,H,B,H,-,H,H,H,H,A,H,A,B,H,H,H,H,A,A,H,H,H,H,A,H,H,B,A,B,A,H,H,H,H,A,B,-,B,H,A,H,B,B,H,A,A,H,H,H,B,A,B,A,H,A,H,H,H,H,H,H,H,B,A,B,B,H,A,H,B,H,A,H,H,H,H,A,H,A,B,H,B,B,B,A,H,H,H,H,A,H,H,H,H,B,A,A,B,B,H,A,B,A,A,A,H,B,H,A,B,H,H,B,H,B,H,H,H,-,H,H,A,H,H,H,A,B,H,H,A,A,H,A,B,H,A,A,B,H,H,H,B,A
M10_027,B,B,-,H,A,H,A,H,A,A,A,H,H,A,H,A,H,H,B,H,B,B,A,A,B,H,H,H,A,H,H,H,H,B,H,B,H,B,H,H,H,A,A,H,B,B,A,B,H,A,B,B,B,H,A,A,B,H,H,B,B,H,H,H,H,B,A,B,A,A,A,A,B,H,H,A,B,H,A,H,H,H,H,H,H,B,A,H,A,A,H,B,H,B,H,A,H,H,B,A,A,H,H,H,A,A,B,H,H,B,A,H,A,A,H,H,B,H,H,B,H,H,H,H,A,H,H,H,H,A,A,H,A,H,H,B,A,B,H,A,A,H,B,A,A,H,B,H,H,A,A,A,B,B,A,H,A,H,B,B,H,B,H,A,B,H,H,B,H,H,B,A,H,B,A,A,A,B,H,A,B,A,H,H,A,B,H,H,A,B,A,A,H,A,-,H,B,B,A,H
M10_028,B,A,A,B,A,H,A,A,H,H,H,B,-,A,B,H,B,H,H,H,A,H,H,A,H,H,A,A,H,A,H,A,A,A,A,B,B,H,B,A,H,A,B,A,H,A,A,H,A,A,B,A,B,B,B,A,A,A,H,A,A,H,H,H,H,H,-,B,B,H,A,B,H,A,H,H,A,H,H,B,A,B,A,A,H,H,A,B,B,H,H,B,B,B,H,B,H,H,B,H,B,B,A,H,H,H,B,H,B,A,B,H,A,H,B,B,A,H,B,A,B,H,A,H,B,B,A,-,B,B,H,B,A,H,H,-,A,H,H,A,H,A,B,B,H,B,B,B,A,H,A,H,B,A,H,H,A,A,H,B,H,A,A,B,H,A,H,A,B,A,A,H,B,H,H,H,B,H,A,H,B,H,H,B,-,H,B,H,A,A,B,H,H,B,H,A,H,A,H,A
M10_029,H,B,A,H,H,H,H,A,A,B,B,B,H,H,H,H,B,A,A,B,H,B,B,H,A,H,B,A,H,H,H,A,H,H,A,H,A,A,B,H,H,H,H,H,A,A,B,A,A,H,H,H,B,A,H,B,A,H,H,H,H,H,H,A,H,B,B,H,B,H,A,H,H,A,H,B,B,H,H,A,H,H,H,H,H,H,B,H,B,-,B,H,H,A,A,A,H,H,H,H,H,B,H,H,H,B,H,H,-,H,H,H,H,A,H,B,A,H,B,A,B,A,B,H,H,A,A,B,B,H,H,A,-,B,A,H,B,A,B,A,A,A,H,A,A,B,H,B,H,A,A,B,B,B,H,H,A,H,A,B,H,-,H,H,A,A,H,B,H,A,H,A,H,A,H,B,H,H,B,H,B,H,A,B,H,A,H,A,H,H,H,H,B,H,H,H,A,H,A,B
M10_030,H,B,A,H,A,H,H,H,H,H,H,A,H,H,H,H,A,B,B,H,A,H,H,B,H,B,H,H,H,H,A,B,B,H,H,B,-,H,A,H,H,H,B,H,A,B,B,H,H,B,A,B,H,A,H,H,H,H,B,H,H,A,H,H,A,H,B,A,A,H,H,B,B,H,A,H,B,H,H,H,-,B,H,H,H,B,B,B,H,H,H,H,H,B,A,H,H,B,H,H,A,H,H,H,A,H,A,B,B,A,A,B,H,A,B,B,A,A,B,H,H,A,B,H,H,B,H,A,H,H,H,A,A,B,H,A,B,A,H,A,B,B,A,A,A,B,A,B,B,H,H,B,B,A,H,A,H,H,B,A,H,H,H,A,H,B,A,A,H,H,H,A,A,B,A,H,H,H,H,H,H,H,A,B,B,-,B,B,B,H,B,B,A,B,H,H,B,A,A,H
M10_031,H,H,H,B,A,H,H,H,A,-,A,H,H,H,H,B,H,H,A,H,A,-,H,H,H,B,B,A,B,H,H,B,H,A,A,B,H,B,H,H,B,A,A,H,H,A,H,H,A,A,B,-,H,A,H,H,H,A,B,A,H,H,H,H,H,H,A,H,A,A,A,H,H,B,H,H,A,H,A,H,H,H,H,-,H,H,B,H,H,H,B,H,A,B,H,H,H,-,H,A,B,H,B,H,H,A,H,H,H,H,A,-,B,H,H,A,A,H,H,H,H,B,H,B,H,A,A,H,H,H,H,H,H,B,H,H,H,A,A,-,B,B,H,H,B,B,H,H,A,A,H,H,A,H,H,B,H,H,A,B,B,H,H,B,B,H,B,A,A,H,B,H,H,H,B,B,B,A,B,B,A,H,A,H,H,A,A,H,B,A,-,H,H,A,B,H,-,H,H,-
M10_032,A,H,H,A,H,H,-,H,A,H,A,B,B,A,H,A,H,B,A,A,H,B,B,H,B,H,H,H,A,-,B,B,A,H,B,B,H,A,H,H,B,H,H,H,A,H,B,A,H,B,H,H,A,H,H,H,A,H,A,B,B,H,B,H,H,H,H,B,H,B,B,H,H,H,B,A,-,H,A,-,H,H,H,H,H,H,H,B,H,H,H,B,B,A,H,B,H,H,B,H,A,B,H,-,H,B,A,H,H,A,B,H,H,A,H,A,B,H,H,H,H,B,A,H,A,B,H,A,H,A,B,H,H,B,-,A,H,B,B,H,B,H,H,H,-,H,B,H,B,H,B,H,B,A,B,B,B,H,B,A,A,H,H,H,B,B,B,H,A,B,B,A,A,B,B,B,H,H,B,H,H,H,A,B,B,H,H,H,H,A,H,A,H,-,H,-,B,A,B,B
M10_033,H,A,B,B,B,H,B,A,H,H,B,B,H,A,B,H,B,B,H,H,B,A,B,A,A,B,B,A,B,H,H,H,H,H,H,B,B,H,H,H,B,A,H,A,A,H,B,H,H,B,A,H,A,A,H,H,H,H,B,H,H,A,H,A,B,A,B,H,B,H,A,H,H,H,H,H,H,A,H,H,B,A,H,H,B,H,B,B,H,H,B,-,B,H,B,B,A,A,H,H,A,B,A,B,H,H,H,B,H,H,H,H,H,H,B,B,B,A,H,H,A,H,-,A,H,B,H,H,H,-,H,A,H,A,H,A,H,H,H,B,H,H,B,H,H,B,A,H,B,H,H,A,-,B,B,A,A,H,H,H,B,A,A,B,H,A,H,B,B,H,H,H,H,B,B,H,H,H,H,B,H,H,H,A,B,H,H,A,H,B,H,H,H,H,H,A,B,H,H,-
M10_034,H,H,H,A,B,H,A,B,H,H,B,H,H,A,B,H,H,H,H,H,-,H,H,H,H,H,A,H,B,A,A,H,B,A,H,A,H,H,H,H,A,H,H,H,B,H,B,A,-,A,B,B,H,H,H,H,A,H,H,H,H,B,H,B,H,A,H,A,H,A,H,B,H,H,A,B,H,B,A,-,H,A,-,H,A,B,H,A,A,H,B,A,H,B,H,H,H,H,B,B,A,A,A,H,H,B,H,B,-,B,A,H,-,H,B,H,A,A,B,H,H,H,H,B,H,H,B,H,A,H,-,A,A,A,H,A,B,H,B,H,B,B,A,A,H,H,H,A,B,A,A,B,A,H,A,H,B,H,H,A,B,A,B,B,H,B,H,A,H,H,H,A,H,H,H,B,B,B,H,H,H,B,B,B,B,B,B,B,B,H,H,H,H,B,H,H,H,B,-,A
M10_035,H,H,B,B,H,A,B,H,A,B,B,H,A,A,H,A,B,A,A,H,H,-,B,B,H,A,H,B,B,H,A,B,H,H,A,A,H,H,H,H,B,A,B,A,B,B,H,H,H,H,B,B,A,H,H,B,B,H,-,H,H,H,H,H,H,B,B,A,H,H,H,A,-,B,H,H,H,B,B,H,H,H,H,H,H,A,A,H,H,A,H,B,H,B,A,A,-,B,H,H,H,H,H,H,A,A,A,A,A,A,A,H,A,B,H,B,H,A,-,A,A,A,H,H,A,H,B,H,A,H,H,A,H,H,A,H,B,H,B,H,B,B,H,A,A,B,H,H,H,H,H,H,B,A,H,H,A,A,B,A,H,A,A,B,H,B,H,H,H,H,B,H,H,H,H,H,B,B,B,B,A,H,B,B,A,B,A,H,H,B,B,B,B,H,A,A,A,B,H,B
M10_036,-,B,B,H,A,H,H,A,H,H,A,B,B,A,A,H,H,B,H,H,H,H,A,H,A,A,H,H,H,H,B,B,H,H,A,H,H,H,H,H,B,A,H,H,A,H,H,H,H,B,A,H,H,H,A,A,A,H,H,H,H,A,H,A,B,A,B,A,H,B,H,H,A,H,H,H,A,A,B,B,B,H,B,H,H,A,H,A,A,A,H,B,H,-,B,H,H,H,-,H,H,A,A,H,B,H,H,B,A,A,H,A,A,B,A,H,H,A,H,H,H,A,A,H,A,A,B,A,H,A,B,H,H,H,H,B,A,A,H,H,A,H,H,H,H,B,A,H,H,B,A,H,B,A,H,A,A,A,H,H,A,A,H,A,H,H,B,A,H,H,A,H,A,A,A,H,A,B,H,A,A,H,A,H,A,H,B,H,H,H,H,H,H,H,A,H,H,A,A,H
M10_037,H,H,B,H,H,H,H,B,H,B,H,A,B,H,B,H,A,H,H,H,H,H,A,B,H,H,A,B,H,A,H,H,H,B,B,A,H,A,A,A,A,H,B,A,A,A,H,H,A,H,A,H,H,H,H,H,H,H,H,B,H,B,-,B,A,A,B,B,B,H,B,A,B,H,A,H,B,H,H,A,B,A,B,B,B,H,A,A,H,B,A,A,H,A,B,H,H,A,A,B,H,A,-,H,H,H,B,B,H,A,B,B,H,B,H,A,H,H,H,-,B,H,B,B,H,B,A,H,H,H,A,A,B,H,A,B,B,H,H,H,H,B,A,H,B,H,A,H,H,H,H,H,H,B,A,H,A,H,H,A,H,B,H,H,B,H,B,H,A,B,H,H,A,B,H,H,H,A,H,A,H,B,H,A,B,B,B,H,A,H,H,A,A,H,B,B,H,A,B,B
M10_038,H,H,H,B,H,A,H,A,H,H,B,H,H,H,A,B,H,B,B,B,B,H,B,B,H,H,B,H,A,H,B,A,H,H,H,B,H,A,B,B,A,H,H,H,B,H,H,H,A,B,H,A,H,H,A,A,H,H,B,B,H,H,B,A,B,H,A,H,H,B,A,H,-,H,A,B,H,H,A,H,H,A,H,H,A,A,B,B,H,A,A,H,H,H,H,B,H,A,H,B,B,A,H,H,B,H,A,H,A,A,H,H,B,H,H,A,H,B,H,H,B,H,H,A,H,A,A,B,H,H,H,A,H,A,B,H,A,H,H,H,H,H,B,H,H,B,B,B,H,H,H,H,H,H,H,B,H,H,A,A,B,H,B,A,H,B,H,A,A,A,A,H,B,B,A,B,H,A,A,H,A,A,A,H,A,A,A,A,A,H,H,A,A,A,B,H,H,B,A,A
M10_039,H,H,H,B,H,A,B,H,B,A,H,A,A,H,H,A,A,H,A,B,H,H,H,H,B,A,B,H,B,H,B,B,A,B,H,B,A,B,B,A,A,H,H,H,B,H,H,B,H,H,H,B,B,A,A,H,B,H,A,-,H,A,A,A,H,H,H,H,H,H,B,H,-,B,A,H,B,B,H,-,H,B,-,B,H,B,H,B,H,H,H,H,A,B,B,H,A,A,A,H,H,B,H,H,B,A,B,B,H,A,A,A,H,H,A,A,A,H,H,H,A,A,H,H,H,H,H,H,H,H,A,A,H,B,H,A,H,A,H,A,H,H,H,B,H,H,H,B,A,A,H,H,H,H,-,B,H,H,A,H,B,B,A,-,A,A,H,A,A,-,H,-,H,H,B,H,H,H,A,H,H,A,B,H,H,H,B,A,B,A,B,H,B,A,H,-,H,H,H,H
M10_040,-,-,B,-,H,A,B,H,A,H,H,H,A,H,B,H,A,B,H,H,H,H,H,H,H,H,H,H,A,A,H,A,B,H,A,H,A,B,A,H,-,A,B,H,A,B,H,H,H,A,H,A,B,B,H,H,B,B,A,A,H,H,B,H,B,A,H,H,H,B,H,B,H,H,H,A,A,B,H,H,H,H,B,B,-,B,H,A,A,A,B,B,A,H,B,B,H,H,B,A,B,A,B,A,B,A,B,A,A,B,B,B,H,A,A,B,H,B,H,H,B,H,H,B,A,H,B,B,H,B,B,B,A,H,H,A,H,H,H,H,A,A,H,H,H,B,H,A,A,A,A,H,H,A,H,H,H,H,H,B,A,B,H,A,B,H,H,H,H,H,B,B,H,H,B,H,A,H,H,A,H,-,H,A,H,A,H,H,H,H,B,A,A,B,A,H,H,H,H,H
M10_041,H,A,H,H,H,A,H,H,A,A,B,A,A,H,-,A,A,H,-,A,H,H,H,H,B,H,B,H,B,H,H,H,H,A,B,A,H,B,-,H,B,H,H,H,H,H,B,B,H,B,H,A,H,H,A,B,H,H,B,A,A,H,A,B,H,H,-,H,H,A,A,H,B,H,H,B,H,H,A,-,A,H,H,H,A,-,B,H,B,A,B,H,B,H,H,B,H,H,H,H,H,H,-,B,B,H,B,H,A,H,H,-,B,H,B,A,H,H,A,B,H,H,H,H,B,A,H,B,A,A,B,B,H,B,H,H,B,H,A,B,H,H,B,B,B,B,H,H,A,-,H,B,H,A,A,-,B,A,H,A,H,B,A,A,A,H,A,H,B,A,B,A,A,H,A,A,H,H,B,H,H,H,A,B,H,B,H,H,H,H,H,A,A,H,A,H,A,H,-,B
M10_042,H,H,H,A,H,A,H,H,A,B,H,A,H,H,B,H,H,H,H,B,H,H,A,B,A,A,H,A,H,H,A,A,H,H,A,H,H,H,A,H,A,H,H,A,H,H,A,H,H,H,B,A,H,A,H,H,B,-,A,H,A,B,H,B,H,B,A,B,A,B,H,-,H,H,H,H,H,H,B,H,B,H,H,B,H,H,H,H,A,B,H,H,A,H,A,A,B,H,B,H,H,A,A,H,H,-,B,H,H,H,B,H,H,B,A,B,H,A,H,H,A,H,H,B,A,A,H,B,H,B,A,A,A,H,H,B,H,B,A,B,H,H,H,B,H,A,A,B,H,B,A,H,H,B,H,A,B,H,-,-,B,A,B,H,H,H,H,H,H,H,H,A,H,H,A,B,A,H,H,A,A,B,H,-,H,H,H,H,H,-,A,H,B,B,A,B,H,H,A,H
M10_043,H,H,H,A,A,H,H,H,H,B,H,H,H,B,B,B,H,H,B,H,-,B,H,B,H,H,A,H,A,B,H,B,A,A,H,B,A,B,A,A,H,A,A,A,H,H,H,H,A,A,A,H,B,A,A,H,-,A,H,A,H,A,B,A,H,H,H,B,H,A,H,H,A,A,B,H,A,B,H,A,H,B,B,H,A,A,A,H,B,A,A,A,-,A,H,H,H,A,H,-,A,H,B,H,B,B,H,H,B,B,H,-,H,H,A,H,B,B,A,H,H,H,H,H,B,H,A,H,H,A,B,H,B,H,H,A,H,H,H,A,H,H,H,A,A,B,H,H,A,B,H,A,H,A,B,H,H,H,H,H,B,-,A,A,B,A,H,A,B,A,H,B,H,H,H,B,A,A,H,H,H,H,B,H,H,H,B,-,H,B,H,A,H,B,-,H,A,A,H,H
M10_044,H,H,-,A,A,H,H,B,H,H,H,H,H,H,H,H,B,H,B,B,H,A,H,H,A,H,B,B,H,H,B,H,H,H,H,B,H,H,A,H,H,H,A,H,H,H,H,B,B,H,A,H,H,H,B,B,H,H,A,H,H,H,H,H,H,A,A,H,A,A,B,H,B,A,B,H,H,B,H,A,B,B,H,A,B,H,H,B,A,A,H,H,H,A,B,H,B,H,H,B,H,H,A,H,B,H,H,B,H,B,H,H,A,H,H,A,A,H,H,H,H,B,A,A,A,A,B,H,H,B,H,H,H,H,H,H,H,B,B,H,H,H,H,H,B,A,A,H,H,H,A,H,H,A,B,H,B,-,H,B,H,B,H,A,H,H,B,B,A,B,H,H,-,A,H,A,-,H,H,-,H,H,H,H,H,A,H,H,A,A,B,H,B,A,H,H,H,H,B,A
M10_045,H,B,A,H,B,H,H,H,H,H,A,A,A,A,A,H,B,A,A,H,A,H,H,A,B,A,B,H,A,A,H,H,B,A,H,A,B,H,B,H,A,H,H,A,B,H,B,B,A,B,B,H,A,A,A,A,A,H,B,H,H,A,A,H,H,B,A,H,-,H,B,-,H,H,H,B,A,H,B,B,H,H,B,A,H,A,A,H,A,H,H,A,H,H,H,H,H,H,B,A,H,H,A,A,A,B,B,B,A,A,H,A,H,B,H,B,A,H,A,H,H,H,B,H,H,H,H,H,B,B,A,H,B,B,H,H,A,A,A,B,H,H,H,H,B,H,H,B,B,H,H,H,A,B,H,B,B,A,H,B,H,H,B,H,A,H,H,A,A,A,A,H,B,H,H,B,H,H,H,H,A,B,H,B,H,A,H,B,H,H,H,H,H,H,B,-,A,A,H,A
M10_046,A,A,H,A,A,A,B,A,H,H,A,H,H,H,H,A,A,A,B,H,B,H,B,H,H,H,A,H,H,H,A,B,B,H,B,H,B,B,A,H,H,H,B,H,H,H,B,A,A,H,B,B,H,H,B,H,A,H,H,A,A,A,B,H,H,B,B,A,H,H,H,B,H,B,A,B,H,A,H,B,H,A,-,H,H,B,H,H,H,B,B,A,-,H,H,B,H,H,H,B,H,A,B,B,A,A,H,B,H,B,B,B,A,B,H,H,A,H,H,H,A,H,A,A,A,B,H,B,H,H,H,H,H,H,A,A,H,H,H,A,H,B,B,H,B,H,H,-,H,B,H,B,H,B,A,H,H,A,H,A,H,H,A,B,B,A,H,H,H,H,H,A,H,A,H,A,H,H,B,A,H,A,A,H,B,B,H,B,H,B,H,H,H,B,H,H,B,H,H,H
M10_047,H,A,H,H,A,B,H,H,H,-,-,H,H,H,B,A,H,H,H,H,H,A,H,H,A,H,-,H,B,H,H,A,H,B,H,A,B,H,B,H,B,H,H,H,A,B,B,A,B,A,H,H,A,-,B,B,A,B,A,H,A,B,H,H,H,H,H,H,B,A,B,B,B,B,B,A,B,B,H,H,B,A,H,B,H,A,B,B,B,B,H,B,H,H,A,H,A,H,H,H,B,H,A,H,A,B,B,B,A,H,A,H,A,B,A,A,H,H,H,A,H,B,H,-,H,H,A,A,B,H,H,H,B,H,A,B,B,H,-,H,H,A,B,H,B,B,A,H,H,H,H,B,B,H,H,H,H,A,B,H,B,A,A,B,B,A,H,A,A,H,B,H,H,H,H,H,A,A,B,H,A,H,B,H,A,H,B,A,H,H,H,H,H,A,H,H,B,H,B,H
M10_048,-,H,B,-,B,B,A,B,A,B,A,H,B,B,H,A,B,H,H,H,H,B,B,B,A,H,H,H,B,B,B,H,H,H,B,H,H,H,B,H,A,B,H,B,H,H,B,H,-,B,B,H,B,H,A,B,A,H,B,B,A,H,A,H,B,B,H,B,H,B,H,H,A,H,A,A,H,H,B,A,A,B,A,-,A,H,A,B,A,H,H,B,H,A,H,H,H,H,A,H,A,H,H,B,H,B,H,A,B,H,H,B,B,-,H,H,A,H,H,H,H,H,H,H,B,H,H,H,A,B,B,-,-,H,H,B,H,B,H,H,B,H,B,A,H,H,H,A,H,H,H,B,-,B,A,B,H,B,H,H,A,A,B,H,H,H,H,A,H,H,B,A,H,H,B,H,A,H,H,H,H,A,H,A,H,H,B,H,A,B,A,H,A,H,H,H,H,A,H,B
M10_049,H,H,H,H,A,H,A,A,H,B,B,H,H,A,B,H,A,B,H,H,H,H,A,H,-,B,B,B,H,A,H,A,B,H,B,H,A,B,B,H,A,H,A,B,A,H,B,-,H,B,H,H,A,H,A,H,A,H,A,-,H,B,H,A,H,A,A,B,-,A,H,A,A,H,H,B,H,A,H,H,H,H,H,H,H,A,H,H,B,A,A,B,A,A,A,B,A,H,H,A,H,H,A,A,H,H,B,A,H,H,H,H,H,A,A,H,H,A,A,B,H,H,A,H,B,B,H,B,H,H,B,B,H,H,B,H,B,H,A,A,A,A,H,A,A,A,H,A,H,H,H,B,B,A,A,A,H,B,B,H,B,B,A,B,B,A,B,A,A,B,B,H,A,H,A,H,H,H,H,A,B,H,H,-,H,H,H,A,H,B,B,A,B,H,H,A,H,H,H,H
M10_050,B,B,B,H,H,H,H,H,H,B,H,H,H,H,H,A,H,A,B,H,A,A,H,H,B,H,A,A,H,A,A,H,H,B,A,H,B,A,B,H,-,H,H,A,B,H,A,-,B,B,H,H,H,H,H,H,B,B,A,A,A,H,A,H,H,B,B,A,H,A,H,H,A,A,H,A,H,A,B,H,H,H,H,H,A,H,H,H,H,H,H,H,B,A,H,A,H,A,B,H,H,H,H,H,A,H,H,A,H,H,H,A,H,H,A,H,A,H,H,B,A,H,B,H,H,H,B,-,H,H,H,B,H,H,H,B,H,A,B,H,A,A,B,H,H,H,A,H,H,B,A,A,H,B,B,A,H,A,H,A,B,B,A,H,B,H,H,H,H,H,A,A,B,B,H,B,B,H,H,H,-,B,H,H,H,H,B,H,-,H,B,A,B,H,B,B,B,H,H,H
M11_001,H,H,H,H,H,H,B,B,H,H,A,B,A,H,A,H,H,H,H,A,B,H,H,B,A,H,A,B,H,A,H,H,B,B,B,-,A,B,B,H,H,H,B,B,A,H,A,A,A,-,A,H,A,B,H,B,H,H,A,A,B,H,A,A,B,A,H,H,B,A,H,B,A,A,A,H,H,H,H,H,H,B,H,A,H,B,H,H,B,H,A,B,H,A,H,H,H,B,H,A,B,A,H,A,B,B,A,A,B,B,A,A,H,B,A,H,A,H,H,A,A,B,A,H,H,H,A,H,H,B,B,H,A,A,B,H,-,B,B,H,H,-,B,H,B,B,H,H,A,H,A,H,A,H,H,H,B,B,H,H,B,H,H,A,H,A,-,A,H,B,H,B,A,H,A,H,H,A,A,H,A,B,B,H,H,H,H,-,B,B,B,B,H,H,H,B,B,A,B,B
M11_002,A,H,B,B,A,B,A,A,A,H,B,H,H,A,H,B,H,H,A,A,B,B,A,H,H,H,H,H,A,B,-,H,H,A,B,A,B,B,B,B,-,H,H,A,H,A,-,B,A,H,H,-,A,A,H,H,A,H,B,B,H,H,B,A,A,H,H,A,H,H,H,-,H,H,H,H,H,H,H,H,H,H,A,H,H,A,H,A,H,H,B,H,H,H,A,H,B,A,H,H,H,H,H,H,H,B,H,H,H,H,H,B,B,H,B,H,H,H,H,B,H,H,-,H,H,B,-,B,H,A,A,B,H,H,H,H,H,A,A,H,B,H,B,B,A,B,A,H,H,H,B,A,B,A,B,B,H,H,B,A,H,H,A,A,H,A,H,A,H,H,H,B,H,A,B,H,B,A,H,A,A,B,-,H,A,-,A,B,H,H,H,A,H,H,H,H,A,H,H,H
M11_003,A,H,H,B,H,A,B,H,B,A,H,A,B,H,-,B,H,H,A,H,A,A,H,H,H,B,H,H,B,H,B,H,B,B,B,A,H,B,H,A,H,H,H,H,H,A,H,A,H,B,-,H,B,H,H,H,A,H,B,H,H,H,H,B,B,A,H,H,H,H,A,H,A,H,B,A,H,A,H,B,H,H,B,H,B,B,B,H,B,H,H,A,-,H,H,H,B,A,B,H,B,H,H,H,H,A,H,H,A,A,B,A,A,A,H,B,B,B,H,H,H,B,B,H,H,H,A,A,H,H,H,B,H,H,H,H,A,A,-,B,-,A,A,B,H,H,B,B,H,H,A,B,A,H,H,B,H,H,B,H,H,H,B,A,B,A,B,B,H,H,H,A,H,A,H,A,A,H,H,H,H,A,A,A,H,H,H,H,H,H,H,A,H,H,H,B,B,B,H,H
M11_004,A,A,H,B,B,H,H,A,H,H,-,H,A,H,H,H,-,H,H,H,H,A,A,A,B,H,H,H,H,B,B,A,B,B,B,H,H,A,B,H,A,B,B,H,H,B,H,H,H,A,H,B,A,H,B,H,B,H,B,A,H,H,A,A,H,H,A,B,H,H,H,B,A,H,H,H,H,B,B,H,B,H,A,H,B,H,A,H,B,A,H,A,H,H,A,H,H,H,B,A,H,H,B,B,A,H,A,B,H,H,H,A,A,B,A,B,A,B,H,H,H,H,H,B,A,A,H,H,A,B,H,H,H,H,A,H,A,H,B,B,A,H,B,A,A,A,A,H,B,H,A,H,-,H,A,B,H,H,H,-,H,H,H,H,H,B,H,B,A,A,A,B,H,H,A,H,H,H,A,H,H,H,H,A,H,H,B,H,H,B,H,A,A,B,H,A,H,B,A,H
M11_005,A,H,-,H,B,H,B,H,A,A,A,H,A,B,H,A,H,A,H,B,H,B,H,H,H,B,B,A,B,B,H,H,H,B,A,H,A,H,A,B,A,B,H,B,H,B,H,-,B,H,H,H,A,B,H,B,B,B,H,H,H,H,H,H,A,B,A,A,H,H,A,H,H,B,H,A,B,H,A,H,B,H,H,A,B,A,B,A,H,B,H,H,H,H,B,A,H,-,B,H,H,H,A,A,B,H,H,H,H,H,B,H,B,H,A,A,B,B,A,B,B,B,B,A,A,A,H,H,B,H,H,A,B,B,A,H,H,H,H,H,H,H,A,B,H,B,B,A,H,B,H,H,H,H,H,B,A,A,H,H,H,H,H,H,A,H,H,H,B,H,H,A,A,A,H,B,B,H,B,-,H,H,A,A,-,H,A,H,H,H,A,B,H,H,A,A,H,A,B,H
M11_006,A,H,B,B,H,H,H,B,B,H,H,H,H,B,H,H,B,B,B,A,H,A,A,H,H,H,A,A,H,H,A,-,B,A,B,H,H,H,-,A,H,A,H,A,A,H,A,A,H,H,H,B,A,H,A,A,B,B,B,B,A,H,-,A,H,H,H,H,A,H,H,B,A,A,B,B,B,A,H,A,B,H,H,A,H,H,H,H,H,B,H,B,A,A,H,B,B,H,H,H,B,H,A,B,B,B,H,A,A,H,H,H,A,A,H,A,A,A,A,-,H,A,B,B,B,H,A,A,H,B,A,B,H,H,H,A,H,H,B,H,H,H,H,H,A,H,H,H,H,B,H,H,H,H,A,H,H,H,H,B,H,A,B,H,A,H,A,H,H,B,H,B,B,B,H,H,H,A,H,B,H,H,H,H,H,B,H,A,A,H,H,A,B,H,H,H,H,A,H,B
M11_007,H,H,A,H,-,B,H,H,B,A,H,H,B,H,H,B,B,H,H,H,B,B,A,-,H,B,B,H,H,H,H,H,H,A,H,H,H,A,B,B,H,H,B,-,A,H,H,H,B,H,B,A,H,H,B,A,H,B,H,A,B,H,H,H,A,H,H,H,A,H,H,H,A,H,H,H,A,B,H,H,B,H,A,H,H,H,H,H,H,-,B,B,H,H,H,A,B,H,-,H,H,H,B,A,B,H,H,H,H,-,H,A,B,B,H,A,H,H,A,H,B,H,H,B,B,A,H,H,H,H,H,-,A,A,B,B,A,B,H,B,A,A,H,B,H,B,H,A,B,A,H,B,A,H,A,H,B,H,A,H,B,B,A,A,A,H,H,H,A,B,B,H,-,B,H,H,H,B,A,A,H,A,A,H,A,B,H,H,A,H,B,B,H,A,H,A,H,H,H,B
M11_008,A,H,H,B,A,B,H,A,B,A,H,A,H,B,H,H,B,A,H,B,B,H,H,H,A,B,A,-,B,-,H,A,H,B,A,A,H,H,H,H,H,H,B,A,A,A,B,B,B,H,H,H,H,B,A,H,A,B,B,B,A,H,A,B,A,B,H,H,H,H,H,H,H,B,B,H,B,H,H,B,B,H,A,H,H,H,B,H,B,A,A,B,A,B,H,H,B,B,H,H,H,H,H,H,A,H,H,B,H,-,H,H,B,H,B,H,B,-,B,H,B,A,-,H,H,H,A,B,B,A,H,B,B,B,B,B,H,H,H,B,A,H,B,A,B,B,A,B,H,H,H,A,H,B,H,H,B,H,H,B,H,H,-,H,A,H,H,B,B,A,H,H,H,H,B,H,A,B,H,H,B,A,H,B,H,H,H,A,A,A,H,H,B,H,H,B,A,A,H,A
M11_009,H,H,H,H,H,B,H,B,B,A,H,B,B,H,B,H,A,H,B,H,A,A,H,H,A,H,A,A,B,H,A,A,B,H,H,H,A,B,B,B,A,A,B,A,H,H,H,A,H,H,A,B,B,A,H,H,H,H,H,B,B,H,H,H,H,H,A,A,H,H,A,H,A,H,B,B,B,B,H,A,H,H,A,A,A,H,H,B,A,H,B,B,H,B,A,B,H,H,H,H,H,H,H,H,H,A,A,B,H,H,H,H,A,A,B,A,A,B,B,A,H,H,H,H,A,B,A,A,H,A,H,-,H,A,B,A,A,A,H,H,H,B,H,A,-,H,B,H,B,A,-,H,A,A,H,B,H,H,B,-,H,H,-,H,H,A,A,B,H,A,H,H,B,-,B,A,A,H,A,B,A,-,H,H,-,A,B,B,B,B,B,B,B,A,A,A,H,A,A,A
M11_010,A,H,A,B,B,H,H,H,H,B,A,B,A,H,B,H,A,B,H,H,A,B,B,B,-,H,H,A,A,H,B,A,B,H,H,H,B,B,H,A,A,H,A,A,B,H,H,A,A,H,A,A,A,B,H,-,-,H,H,B,-,A,A,A,H,H,B,H,B,H,B,H,A,B,A,H,A,H,H,H,H,H,A,B,H,H,H,H,B,H,B,B,H,-,A,B,H,A,H,H,A,H,B,B,A,H,H,H,B,B,H,B,H,A,H,A,H,H,H,H,H,A,B,B,B,A,A,A,B,H,A,H,H,H,H,H,H,H,A,H,A,B,B,B,A,B,H,B,A,H,A,A,B,H,-,H,H,H,H,A,B,H,H,H,A,A,H,H,H,H,H,A,A,B,B,H,H,H,A,A,A,-,B,H,A,H,B,H,H,H,H,A,B,H,B,-,H,H,A,B
M11_011,H,H,B,B,-,A,H,B,H,H,H,A,A,H,A,H,H,A,H,B,A,B,H,H,H,H,H,A,B,B,H,B,H,H,A,H,B,H,B,B,H,H,H,H,B,A,A,H,B,B,B,H,B,A,H,H,H,A,H,A,H,H,H,B,H,A,A,B,H,H,H,H,A,A,-,H,H,B,A,H,H,B,-,A,A,B,H,A,B,-,H,A,H,H,B,A,A,H,H,H,H,H,B,H,H,H,A,B,A,A,H,A,H,H,H,B,H,H,H,H,A,H,H,A,B,H,H,H,H,A,A,B,A,H,A,H,H,H,A,H,B,A,B,A,H,H,H,H,H,B,A,H,B,H,H,B,A,H,A,H,H,A,B,H,A,B,B,H,H,H,H,H,H,H,A,A,A,A,B,B,-,B,A,B,H,H,-,H,H,A,B,B,B,H,B,A,B,B,H,H
M11_012,H,B,A,B,H,B,A,A,A,B,A,H,H,B,H,H,B,H,H,H,H,H,A,H,B,-,H,A,H,-,H,B,H,H,H,B,H,H,H,H,B,A,H,H,H,A,B,H,A,H,H,A,A,H,B,H,H,A,B,H,A,H,H,H,A,H,H,B,A,A,H,A,B,B,A,B,H,H,H,A,B,A,A,B,A,H,H,A,H,H,H,H,H,H,A,A,B,B,B,H,A,H,B,A,A,H,A,H,H,A,H,A,H,H,H,H,A,B,B,A,B,H,H,H,H,H,H,B,B,B,H,A,A,A,B,H,A,H,H,H,H,A,H,H,H,B,H,H,H,A,H,H,H,B,H,B,B,H,A,A,B,H,H,B,H,A,H,H,H,A,B,A,A,H,B,H,H,A,B,A,A,-,H,B,H,H,A,H,H,A,A,H,B,H,H,A,H,H,B,B
M11_013,A,H,H,H,A,H,B,A,B,A,H,-,B,-,-,A,H,H,H,H,H,H,H,A,A,A,B,A,H,B,B,H,H,H,B,B,H,H,B,H,H,B,B,B,H,A,H,B,H,H,A,H,H,H,H,H,B,H,H,H,A,H,B,H,B,H,H,A,H,A,H,A,H,B,B,A,H,H,A,B,H,H,H,H,B,A,H,H,B,A,A,B,H,-,B,B,B,B,B,-,H,H,B,B,H,B,A,H,H,A,B,B,B,A,B,B,B,A,H,B,H,B,H,A,B,H,A,H,H,H,H,A,B,H,H,B,H,H,A,H,H,B,B,B,A,A,H,A,B,H,H,A,H,A,A,H,B,H,B,A,H,H,H,H,H,H,H,B,B,A,B,H,A,-,H,B,H,H,B,H,A,A,H,A,A,A,H,B,-,A,A,H,-,A,B,B,B,H,A,A
M11_014,H,H,B,H,B,H,A,A,-,A,H,H,A,H,H,A,H,B,H,B,B,A,B,H,H,H,H,H,H,B,A,B,B,H,A,H,A,B,H,H,-,H,H,H,H,H,H,B,H,H,H,H,A,A,B,H,H,H,A,H,H,A,H,A,H,H,H,A,B,H,H,H,H,A,H,A,A,B,A,A,H,H,A,B,A,A,A,H,A,H,A,B,A,H,H,B,A,H,A,B,H,B,B,H,H,A,B,B,H,H,B,H,A,A,H,H,A,B,H,A,H,B,A,A,H,A,A,A,B,H,H,A,H,H,B,A,A,B,A,H,A,H,H,B,A,A,H,B,A,B,H,A,H,H,B,A,H,H,B,H,A,H,H,H,H,H,A,H,H,B,H,H,H,A,B,H,H,H,H,H,H,H,B,H,B,A,A,H,H,H,B,A,H,H,H,B,B,A,H,H
M11_015,H,H,H,H,H,B,B,H,H,B,A,B,H,H,H,A,H,B,H,A,H,A,B,H,B,B,H,H,H,H,B,A,A,H,H,A,H,H,H,H,B,A,H,H,H,H,-,B,B,B,H,H,H,B,H,B,H,H,A,H,H,H,H,B,H,B,A,H,H,A,A,H,H,B,A,H,A,B,A,B,B,A,A,H,B,A,H,H,H,H,B,H,H,H,B,H,H,H,A,H,B,B,H,H,H,H,A,H,A,H,A,A,H,H,H,A,B,A,H,H,A,H,A,H,H,H,H,A,H,H,H,H,B,H,A,B,H,H,H,H,H,B,B,B,H,A,H,A,H,H,H,H,B,B,A,A,B,H,A,H,H,B,B,H,H,H,A,H,H,B,H,H,B,A,H,A,H,H,H,A,H,H,A,A,B,B,A,B,H,B,H,B,H,A,B,B,A,A,H,H
M11_016,A,B,H,B,H,A,B,B,A,H,A,H,B,H,B,H,B,H,H,H,A,H,B,A,H,B,H,B,H,B,A,B,A,H,H,H,B,H,B,H,B,-,A,H,B,A,A,H,A,H,-,A,A,A,H,H,B,H,H,H,H,H,H,H,H,A,H,B,B,B,A,A,B,H,H,H,B,A,A,H,H,H,H,-,H,A,H,H,B,H,H,B,H,H,H,H,B,H,H,H,A,A,H,H,A,A,B,A,H,H,A,A,H,H,B,B,H,H,H,H,H,H,A,H,B,H,A,H,A,A,B,H,B,B,H,A,H,H,H,H,H,H,A,A,B,B,B,A,H,A,H,B,H,H,B,A,H,B,H,H,H,-,H,B,H,A,A,A,H,H,H,H,A,B,A,B,H,H,H,B,B,A,H,A,A,H,A,B,H,H,H,H,A,H,H,H,H,H,B,H
M11_017,H,B,H,B,A,H,A,H,H,A,H,H,A,B,A,H,H,A,B,H,H,A,B,H,B,A,H,H,H,B,B,A,A,B,H,A,A,A,A,H,H,A,A,H,B,A,A,B,H,H,H,H,H,H,H,H,B,A,B,B,A,A,A,A,H,A,B,B,A,H,A,H,H,B,B,H,B,B,A,H,H,H,B,H,H,A,H,A,B,-,H,A,A,A,H,H,A,H,H,H,B,B,H,H,B,H,A,B,H,H,H,A,H,H,H,B,A,B,H,B,H,H,H,H,-,H,H,A,H,H,B,H,H,H,H,A,H,A,H,B,B,B,H,B,B,A,A,B,H,H,A,B,A,H,A,A,H,H,A,B,H,A,H,B,B,H,H,B,H,H,H,H,B,B,A,B,A,B,H,B,A,A,A,B,A,B,H,H,B,B,H,H,H,H,H,H,H,A,H,B
M11_018,H,H,B,A,H,A,H,H,B,B,H,B,H,H,A,A,B,H,H,H,A,B,A,B,H,B,A,-,B,H,H,H,A,H,H,H,H,A,A,A,B,A,A,H,H,H,H,B,A,-,A,H,B,H,H,B,-,H,H,H,H,A,H,A,H,H,A,B,H,A,A,B,B,A,H,H,B,A,H,A,H,H,H,-,B,A,B,B,H,B,H,A,A,A,B,B,H,H,H,H,H,B,H,H,A,H,A,B,A,B,H,H,B,H,A,B,-,A,H,H,B,H,A,A,A,B,A,H,H,H,H,H,A,H,B,A,H,H,A,H,A,H,-,H,H,B,H,B,H,B,A,H,H,H,B,H,H,A,A,A,H,H,H,B,A,H,B,-,A,H,B,-,H,B,H,B,A,H,B,A,A,H,B,A,B,H,H,A,H,H,B,H,B,A,B,H,H,B,H,B
M11_019,B,H,-,H,H,H,B,H,H,B,B,A,B,H,B,B,H,H,B,H,H,H,A,H,-,H,A,A,H,B,B,B,A,B,B,B,H,H,H,-,H,A,H,B,H,B,H,H,B,B,H,H,H,H,A,B,H,A,H,A,A,H,A,H,H,A,B,A,H,-,A,A,A,H,H,H,H,H,H,H,H,H,H,H,H,H,A,A,H,B,A,H,B,A,-,B,A,B,H,-,A,A,A,B,B,H,H,H,A,A,H,H,H,B,A,A,B,H,-,H,H,A,H,A,H,A,A,B,B,A,B,B,H,H,H,H,A,A,B,B,H,A,B,A,A,H,H,B,H,H,A,H,A,A,A,B,H,H,B,A,B,A,B,H,A,H,H,B,H,B,B,H,H,H,B,H,B,H,B,H,A,-,B,A,H,B,H,H,H,H,H,B,H,H,A,A,B,A,B,H
M11_020,H,H,H,-,A,A,H,B,H,H,B,H,H,A,H,H,H,-,H,A,B,H,H,H,B,H,B,H,A,B,H,H,H,H,H,B,A,A,H,H,A,H,A,H,H,H,A,H,H,A,H,H,B,A,-,H,H,H,A,H,H,B,B,A,B,H,B,A,H,H,A,A,A,A,H,H,B,H,B,H,H,B,H,B,H,B,H,H,A,-,B,H,H,H,B,B,H,H,B,B,H,H,B,H,A,H,H,H,H,H,A,A,A,H,A,H,H,H,H,H,A,A,A,B,B,H,H,B,A,-,A,-,A,A,B,H,H,B,H,H,H,-,H,H,H,A,H,H,B,B,A,H,H,H,H,B,A,B,H,H,H,H,B,B,A,H,H,H,H,A,H,H,B,H,B,H,H,B,H,B,H,B,H,H,B,A,H,A,H,A,B,A,B,H,B,H,A,A,H,H
M11_021,B,A,A,A,A,B,A,H,H,B,H,H,H,H,A,H,B,B,H,B,H,A,B,H,H,A,B,H,A,H,H,H,B,A,H,B,H,H,H,B,A,H,A,H,B,A,H,H,H,H,A,A,A,H,H,B,H,A,A,H,H,B,A,B,H,H,H,B,H,B,H,A,H,B,H,H,A,H,H,A,H,A,H,H,H,H,B,A,H,A,H,A,H,A,-,B,B,A,A,B,B,-,H,A,B,A,H,H,H,H,H,H,H,H,H,H,A,B,H,B,H,H,H,B,H,H,A,B,H,A,H,H,H,A,A,A,H,H,B,A,B,H,B,B,H,B,B,B,A,H,H,H,H,H,B,H,H,B,A,H,A,A,A,H,B,A,H,B,A,A,H,H,H,A,-,H,H,H,H,H,B,B,A,B,H,A,H,H,B,H,A,A,H,A,H,B,H,B,H,-
M11_022,A,H,H,H,A,A,A,A,B,A,H,H,B,H,H,A,B,H,H,H,H,H,B,A,A,H,B,B,A,H,H,H,A,H,B,H,A,B,H,A,H,B,A,H,H,B,H,A,B,B,H,B,B,A,H,B,H,H,H,B,H,B,A,B,H,H,H,H,B,H,B,H,H,A,H,H,H,H,B,-,B,A,H,H,H,H,H,B,A,H,B,B,H,H,A,A,B,H,H,H,H,H,H,H,B,A,A,H,A,H,B,H,H,H,B,B,H,A,A,A,H,H,A,H,H,B,H,H,H,B,B,B,A,B,H,H,H,H,H,A,-,B,B,H,H,-,A,A,H,B,H,B,H,B,A,H,A,A,A,A,H,B,A,A,H,B,H,-,H,H,B,H,A,B,A,H,H,B,A,H,H,H,B,H,A,B,H,A,B,A,H,H,H,B,A,H,H,H,H,H
M11_023,B,-,A,B,H,B,H,A,A,A,B,A,B,H,H,H,B,H,B,H,H,B,H,H,B,H,H,H,A,A,H,A,H,B,H,H,H,A,A,H,H,H,H,B,H,B,B,B,H,H,B,H,B,A,H,H,H,A,B,H,H,-,-,A,H,H,H,A,B,H,A,B,B,B,A,A,B,A,H,H,H,H,H,H,B,B,B,A,H,A,A,-,A,H,B,A,B,B,H,H,A,B,H,H,H,H,A,H,A,H,H,H,A,H,H,H,H,A,A,A,H,H,A,H,H,H,B,H,A,B,H,H,B,B,B,A,H,H,H,B,B,B,A,A,A,B,H,H,B,H,H,B,H,A,B,B,A,H,B,B,B,A,H,B,H,H,A,A,B,A,B,H,A,A,A,H,H,B,B,H,H,H,H,H,A,H,A,B,A,H,A,H,B,A,B,H,H,H,A,B
M11_024,B,H,H,B,B,H,H,H,H,B,H,H,B,B,H,A,B,-,H,H,A,A,A,B,H,H,H,A,B,A,A,H,B,B,H,H,B,A,H,H,B,H,H,A,B,B,B,B,B,A,H,-,A,A,B,H,B,H,A,H,-,H,H,H,A,B,H,B,H,H,B,H,H,H,A,H,A,H,H,H,H,A,A,H,B,A,H,B,H,H,A,A,H,A,H,H,A,H,A,B,H,H,H,A,H,B,A,H,A,A,H,H,H,H,B,H,A,A,A,A,A,H,A,H,B,A,B,A,A,A,H,H,H,B,A,A,H,B,B,H,A,H,-,H,H,H,A,H,H,H,H,H,B,A,-,A,H,H,H,B,B,A,H,H,H,B,A,B,B,H,H,A,-,H,-,H,B,H,H,A,H,H,B,A,B,A,H,H,B,H,A,H,B,A,B,B,H,A,-,H
M11_025,H,A,H,H,B,B,H,H,H,-,A,H,H,H,B,H,B,B,A,A,H,H,A,B,A,B,H,A,H,H,A,A,H,H,B,B,A,A,B,A,B,B,A,B,A,B,H,B,B,-,H,H,B,H,H,A,H,B,B,H,H,B,H,H,A,B,H,A,A,A,A,H,B,B,H,-,B,A,B,B,B,H,H,B,H,B,A,H,A,-,H,H,H,B,B,B,H,H,H,H,B,B,B,B,H,B,B,A,B,B,B,H,A,H,H,H,A,H,B,B,H,A,H,B,H,B,H,H,H,B,H,H,B,H,H,H,H,B,H,A,B,A,B,B,H,B,H,B,H,A,H,B,B,B,A,B,H,B,H,H,A,H,A,B,H,H,H,H,A,A,B,H,H,H,-,A,B,A,B,B,B,H,A,H,H,B,H,H,B,A,H,H,H,A,B,H,A,-,A,H
M11_026,B,B,H,H,H,H,H,H,B,H,B,A,H,B,-,H,B,A,H,A,H,B,A,A,H,H,B,A,B,B,A,H,B,B,H,H,A,B,A,H,A,H,H,H,H,A,A,A,H,A,H,B,B,H,A,B,H,H,A,A,-,A,A,H,B,H,B,H,B,H,A,A,H,A,B,B,H,H,A,B,H,H,A,H,B,H,H,H,B,H,H,B,H,H,H,H,A,H,H,H,B,A,A,H,B,H,H,B,H,B,B,H,H,H,B,B,A,H,B,A,H,B,H,H,H,H,B,H,B,H,H,B,H,H,A,A,B,H,H,H,H,H,A,H,H,A,H,A,A,B,A,H,H,H,A,H,A,B,A,A,A,B,B,H,H,B,H,B,H,A,A,H,B,B,H,H,A,H,H,H,B,A,A,H,-,B,H,A,B,A,B,B,H,A,A,H,B,H,H,B
M11_027,H,A,H,H,A,B,A,B,H,A,H,H,A,B,A,A,H,A,B,H,H,H,B,H,A,H,A,B,H,H,H,A,A,B,H,A,H,A,H,H,B,H,-,B,B,H,B,A,H,A,H,H,B,H,H,H,H,B,-,H,H,A,B,H,H,B,H,A,H,H,B,B,H,-,A,B,A,H,B,H,B,A,H,H,B,B,A,B,H,H,A,H,H,H,A,-,H,B,H,H,A,H,B,B,B,B,A,A,B,A,B,B,H,B,H,A,B,H,A,B,H,A,B,B,A,A,A,B,H,B,B,H,A,H,H,A,B,H,B,B,A,H,B,H,A,H,A,H,A,H,A,H,A,A,H,A,B,H,A,B,A,B,B,A,A,H,B,H,B,A,H,H,H,H,H,A,H,H,B,H,H,H,A,A,H,H,H,H,A,B,B,H,H,B,H,H,H,B,H,B
M11_028,B,B,H,A,H,A,H,H,H,H,B,H,A,H,B,H,H,H,A,H,H,A,H,-,B,A,A,B,H,A,-,B,-,B,B,H,B,A,A,B,H,A,H,H,A,A,A,B,B,A,H,H,A,A,A,B,H,A,H,H,A,H,H,H,B,A,A,B,H,A,H,A,H,H,B,H,H,B,A,H,H,H,A,A,B,A,H,A,A,H,H,H,H,H,A,A,H,A,B,A,A,H,B,A,H,H,H,H,H,-,B,A,H,B,A,H,A,A,A,H,B,H,H,B,B,H,H,B,H,A,H,A,A,B,H,-,H,H,A,B,H,H,B,H,A,H,H,H,H,H,H,B,H,B,B,H,H,H,A,H,H,A,A,H,A,H,H,H,H,B,A,A,A,H,B,B,H,B,B,B,H,B,H,B,H,A,A,H,H,A,A,A,A,A,H,H,A,A,H,A
M11_029,H,A,A,B,H,B,A,A,A,B,H,H,H,H,H,H,-,H,H,B,A,H,A,A,B,-,B,B,B,B,B,H,H,B,B,B,H,B,H,H,B,B,B,B,H,H,H,H,B,B,-,H,H,A,H,A,H,H,A,H,H,B,H,A,H,B,B,H,H,A,A,H,H,B,B,H,H,A,A,A,H,H,A,-,H,H,H,A,B,B,H,H,H,H,H,H,B,H,A,B,A,H,H,H,A,H,H,H,H,A,B,H,H,H,B,H,A,A,H,B,H,A,H,A,B,H,H,H,A,H,B,H,B,A,H,A,B,H,B,H,H,H,H,B,H,H,H,B,B,H,H,B,A,A,H,H,H,A,A,B,H,B,H,A,B,H,H,B,B,H,A,A,A,B,B,A,A,H,B,H,H,H,B,B,B,H,H,B,H,B,H,H,A,A,H,H,H,H,B,B
M11_030,B,A,H,H,H,H,H,H,H,A,H,H,A,A,A,-,-,H,B,H,A,B,H,A,H,H,H,H,A,H,A,A,A,A,A,B,B,H,B,H,H,B,H,-,H,H,B,H,H,A,H,H,H,H,H,H,H,B,H,H,H,B,H,B,A,H,H,-,B,-,H,H,H,H,B,B,H,H,H,H,H,H,H,B,A,A,B,B,H,A,B,B,H,B,H,H,B,H,H,B,H,H,H,A,A,A,H,A,H,H,H,H,H,H,B,H,B,B,H,B,A,A,B,A,H,H,H,H,A,H,A,H,B,H,H,H,A,H,H,A,H,H,H,A,A,B,-,B,H,B,H,A,-,A,H,H,H,B,B,H,H,H,B,A,A,B,H,B,H,A,B,A,A,H,H,H,H,H,H,B,H,H,H,H,H,H,B,H,A,H,H,H,H,A,B,H,A,B,A,H
M11_031,H,B,A,A,H,H,H,B,H,H,H,A,A,H,B,A,B,H,A,-,H,A,B,H,A,B,A,B,A,B,H,H,A,A,A,A,H,B,H,H,H,H,B,H,H,H,B,H,H,B,A,H,H,A,H,H,H,H,A,A,H,H,H,H,H,H,H,H,A,B,B,H,H,B,A,A,H,A,A,B,A,H,-,H,H,H,H,H,B,B,H,A,H,H,H,H,B,H,H,A,H,A,H,A,B,A,B,H,B,H,A,A,H,B,B,H,H,H,H,H,H,B,H,H,H,B,H,B,B,B,H,H,H,A,H,B,H,A,H,A,H,H,H,H,H,H,-,H,H,H,H,B,H,H,H,A,B,A,H,H,B,B,A,A,B,H,H,H,H,H,H,H,H,-,-,A,A,H,-,A,H,H,H,A,H,H,A,B,H,A,H,B,H,A,B,H,-,H,H,B
M11_032,B,A,H,H,B,B,A,A,A,H,B,H,H,B,B,B,H,B,H,H,A,H,H,H,A,B,B,B,H,H,B,H,A,H,B,H,H,A,A,H,H,A,A,H,H,B,H,B,-,H,H,A,B,B,H,A,A,B,H,H,H,A,H,H,B,A,H,H,H,B,H,H,H,H,H,H,B,H,A,A,B,B,H,H,H,B,H,-,A,B,H,B,H,B,H,H,H,H,H,H,-,H,H,H,H,H,H,H,H,A,H,B,B,H,H,A,H,H,H,H,B,A,B,H,B,B,-,H,H,H,H,A,B,B,A,B,B,H,B,H,A,B,H,A,B,H,A,H,H,B,H,H,H,A,A,H,H,A,A,A,H,H,H,H,B,H,B,H,H,B,B,A,H,H,H,H,B,-,H,H,H,A,H,B,H,-,H,H,H,B,A,H,H,H,-,A,B,B,H,A
M11_033,B,H,H,A,A,A,A,B,B,H,H,A,H,B,B,B,A,A,A,A,-,A,H,A,A,H,A,A,H,H,H,B,B,A,H,A,H,H,A,B,B,H,A,A,H,A,A,A,H,H,-,H,H,A,H,B,H,H,A,B,H,H,-,H,H,A,-,H,H,A,B,H,H,B,H,A,A,H,A,A,H,H,-,A,A,B,H,H,A,B,A,H,H,B,A,H,B,H,H,H,A,A,B,A,A,H,B,H,A,H,H,H,B,A,H,B,B,H,A,B,A,H,H,A,A,-,H,B,H,B,A,A,-,H,B,H,H,B,H,H,H,H,H,B,H,H,A,H,A,H,B,B,H,H,A,A,H,B,B,H,B,A,B,-,B,H,H,H,H,H,H,B,B,H,H,A,B,B,A,H,B,H,H,H,H,H,B,H,H,B,A,H,H,H,B,H,H,H,B,H
M11_034,H,H,H,H,B,H,H,H,H,H,H,H,A,H,B,B,H,B,A,A,H,H,H,B,H,B,A,H,H,B,A,B,A,B,H,A,B,H,A,A,H,-,H,H,A,H,H,H,H,B,A,A,A,B,B,H,A,B,B,B,B,H,H,H,H,H,A,B,A,A,A,B,B,H,A,A,B,H,H,H,B,B,B,H,A,H,A,H,B,B,H,H,H,B,A,B,-,H,H,H,H,B,H,B,A,H,H,B,A,A,B,H,A,B,B,A,H,H,H,B,H,A,H,A,H,H,A,A,B,H,B,B,A,B,H,A,H,H,H,H,H,H,H,H,B,H,H,A,H,H,H,H,H,B,-,A,A,H,H,A,H,B,H,B,A,H,H,A,H,H,H,H,H,A,H,B,H,H,B,H,A,H,B,H,B,A,A,H,A,B,A,H,A,H,H,A,A,H,H,B
M11_035,H,H,H,H,B,H,B,A,B,H,H,B,H,H,H,A,H,B,B,B,H,H,A,A,B,A,A,H,B,H,A,H,B,B,H,H,A,A,H,H,H,B,H,H,B,A,H,H,A,H,H,H,A,H,B,H,H,B,A,H,A,H,A,B,B,B,H,B,H,H,H,H,A,A,A,A,B,H,A,H,B,H,H,A,H,H,B,H,H,-,B,H,-,H,H,H,H,H,H,H,H,-,B,H,H,H,A,H,H,H,H,B,A,A,A,A,B,H,H,B,H,A,B,H,B,B,B,B,A,H,H,A,H,A,B,H,B,H,B,A,H,B,A,B,H,B,H,H,-,B,A,A,A,B,H,H,H,H,A,B,H,B,H,H,B,H,H,H,H,H,H,A,B,H,A,B,H,H,B,-,A,-,H,A,A,A,B,B,B,A,H,H,B,H,H,H,H,A,H,H
M11_036,A,H,H,A,A,B,A,H,H,H,H,B,H,B,H,A,B,H,H,B,B,H,A,A,H,B,B,B,B,B,B,B,H,H,H,A,H,B,B,A,H,B,A,B,H,H,B,A,H,H,B,H,B,H,H,A,B,A,B,H,A,H,H,B,B,A,H,H,H,B,A,A,H,H,B,A,A,B,H,H,A,B,B,B,H,A,A,A,H,H,H,H,B,B,A,B,H,A,B,A,H,B,H,B,A,H,A,H,A,H,H,H,H,A,A,A,A,A,H,A,B,A,B,H,H,H,H,H,A,H,B,A,A,H,B,H,B,H,A,H,H,H,H,H,B,H,B,A,A,A,B,A,H,B,H,A,B,A,A,B,A,H,H,H,B,A,H,-,B,H,A,A,H,H,A,-,B,A,H,H,H,B,H,B,A,B,A,B,A,H,H,H,A,B,H,H,H,H,H,-
M11_037,A,B,H,B,-,A,H,H,A,H,A,H,H,A,H,H,H,A,H,A,A,H,H,B,A,H,H,H,H,H,B,A,H,H,A,A,H,B,H,H,B,A,-,B,A,H,H,H,H,H,H,H,B,H,B,H,B,H,H,B,H,H,H,B,H,B,A,A,H,H,H,A,H,B,B,A,B,H,B,H,H,B,H,B,B,A,A,A,H,H,B,H,B,H,H,B,H,H,H,H,A,H,H,B,A,B,H,H,B,B,B,B,H,H,H,H,B,H,B,H,H,H,H,H,H,B,H,H,A,A,B,B,H,H,H,H,B,A,H,-,A,A,H,H,H,A,H,H,H,A,-,B,H,H,B,B,B,-,A,H,B,A,H,H,H,H,B,B,B,H,B,H,B,B,H,A,H,B,H,B,H,B,H,B,H,H,A,H,A,A,H,H,B,H,B,H,H,B,H,A
M11_038,H,A,A,A,-,A,B,H,H,B,H,H,H,H,H,A,A,A,H,H,H,H,B,H,A,A,H,A,A,A,B,A,H,H,A,B,H,H,A,H,A,H,H,A,H,H,A,H,H,A,H,H,H,B,H,H,H,H,B,B,B,A,B,B,B,B,H,H,H,H,B,A,A,H,H,H,H,A,H,B,B,H,H,B,A,B,H,B,A,H,H,A,H,H,H,A,H,H,A,A,B,H,H,A,B,A,H,H,H,B,B,H,H,A,H,A,H,-,B,H,A,H,H,H,H,B,-,A,H,H,A,H,A,A,A,H,B,H,B,H,A,B,B,B,A,B,B,B,H,A,A,H,-,-,H,H,H,A,H,B,H,H,H,H,A,H,A,H,H,A,H,-,H,H,A,A,H,H,A,B,B,B,B,H,H,H,A,A,H,B,B,H,H,H,H,B,B,H,B,H
M11_039,H,H,H,A,H,A,-,H,H,A,A,H,H,H,H,H,H,A,H,H,B,H,A,B,-,H,A,H,H,A,H,B,H,A,B,H,H,H,A,H,H,B,H,A,H,H,B,H,H,H,H,H,H,H,H,A,H,H,H,A,H,H,H,H,A,A,A,B,A,H,-,H,B,H,H,H,H,A,B,H,-,H,H,H,A,H,H,H,B,H,H,H,B,H,A,B,A,-,B,A,B,-,H,A,H,H,H,A,H,-,B,A,H,H,H,-,H,H,A,H,A,H,B,B,B,A,H,H,B,H,B,H,H,H,A,H,A,B,A,B,B,H,A,B,B,H,A,H,B,A,H,B,H,H,B,H,B,H,H,B,B,H,A,B,H,B,H,A,A,H,H,A,H,A,B,H,B,H,H,A,A,H,H,A,A,H,H,B,A,A,B,A,B,B,B,H,H,H,B,-
M11_040,-,H,H,H,A,H,H,B,H,H,A,H,B,B,A,H,H,B,H,B,A,A,H,H,B,H,H,B,H,B,A,H,B,A,B,B,H,A,H,A,H,A,A,H,B,B,H,H,B,A,A,H,H,H,H,H,H,B,H,A,H,H,H,H,H,H,-,A,H,H,A,A,A,H,H,A,B,H,H,A,A,H,B,B,H,H,H,H,-,B,H,H,B,A,H,B,A,H,H,-,B,A,A,B,H,A,A,B,H,B,H,H,H,A,B,A,H,A,H,B,A,H,H,B,H,B,H,H,H,H,H,H,H,A,H,H,A,A,B,-,A,H,H,H,H,B,H,A,A,A,B,B,A,H,B,B,A,B,H,B,A,B,A,H,B,H,H,A,H,H,H,H,H,A,H,A,H,H,H,H,H,A,B,H,H,A,H,H,H,H,A,B,A,H,H,H,H,H,B,B
M11_041,H,H,B,B,B,B,A,H,H,H,H,B,H,A,-,A,H,H,H,H,A,H,H,H,A,H,H,H,H,A,A,B,B,A,H,A,H,B,H,B,B,A,H,B,H,H,B,H,A,H,A,H,A,H,H,B,B,B,H,B,A,B,H,H,H,H,A,H,B,H,H,A,B,B,A,H,H,B,H,H,A,H,H,B,H,A,B,H,B,-,B,B,H,A,B,H,B,H,B,A,A,B,H,H,B,B,H,H,B,A,H,B,H,H,B,A,H,A,A,B,B,A,H,A,H,A,H,H,B,H,B,A,H,B,A,B,H,B,B,H,B,H,H,H,H,H,B,H,H,H,A,A,H,H,H,B,B,H,B,B,A,B,H,H,H,H,B,H,A,H,H,B,H,A,A,B,B,A,H,H,B,H,H,H,H,H,B,H,H,A,A,B,H,A,A,H,H,H,B,A
M11_042,A,H,A,H,B,H,H,B,H,B,B,H,H,A,A,H,H,H,B,A,A,A,H,A,B,H,B,H,A,H,H,H,B,B,H,A,B,H,A,B,H,B,B,H,H,H,A,B,B,H,B,B,A,H,H,H,B,A,H,H,B,A,A,A,H,H,H,B,A,H,H,B,H,A,B,B,A,B,B,H,H,A,A,H,A,H,A,A,A,H,A,A,B,H,H,B,A,H,H,B,B,A,H,H,B,B,B,A,A,B,H,H,A,H,B,H,H,B,A,H,H,A,A,H,H,-,H,H,H,H,H,H,A,H,H,H,H,A,H,B,A,A,A,A,B,B,H,B,H,H,H,H,H,B,B,H,B,H,H,A,H,H,H,-,A,H,H,H,H,B,A,A,H,H,-,H,H,H,B,A,H,-,A,-,H,A,A,B,A,H,B,B,H,A,B,H,A,B,A,H
M11_043,H,B,H,B,-,H,B,H,B,B,H,H,H,H,H,A,B,H,B,B,B,B,B,B,H,A,A,H,H,H,B,H,H,B,H,A,A,H,-,H,B,H,-,A,A,H,A,H,H,A,A,B,H,H,H,H,H,A,H,H,H,H,A,A,H,A,H,H,A,H,B,H,A,A,B,H,A,H,H,H,H,-,H,H,H,H,H,H,B,H,H,H,B,H,B,B,H,A,A,B,H,B,H,A,H,H,H,A,H,H,H,A,H,H,B,A,B,B,H,B,H,H,B,B,H,A,H,B,H,A,H,H,B,B,B,B,A,B,B,H,H,B,-,-,H,A,B,B,B,B,H,H,B,A,A,A,A,H,H,H,B,H,H,B,H,A,A,B,H,H,B,H,H,H,H,B,H,A,A,A,B,H,B,H,H,B,B,H,H,H,A,B,B,H,A,B,B,B,A,A
M11_044,H,A,H,H,B,H,H,H,A,B,A,A,H,B,-,H,H,H,H,H,H,H,A,H,H,H,H,H,H,H,A,A,H,H,H,H,B,H,A,H,H,H,H,H,H,A,H,H,A,H,B,B,A,H,B,B,H,A,A,A,B,H,H,B,B,B,B,A,B,A,B,B,H,H,H,H,H,H,H,B,A,H,H,B,A,H,-,B,H,B,H,H,B,H,B,B,H,H,H,B,H,A,B,A,H,A,H,H,-,A,H,B,B,H,A,H,H,H,A,H,H,A,H,A,A,H,B,H,B,A,H,B,A,H,H,H,B,B,B,A,H,A,H,A,B,H,H,B,H,H,B,A,A,H,A,H,H,H,H,H,H,B,B,H,H,H,H,A,H,-,A,B,B,A,H,B,H,A,B,H,A,H,B,H,A,-,B,H,H,B,A,A,H,A,B,H,H,A,B,B
M11_045,B,H,B,B,A,A,A,B,H,A,B,A,A,B,B,H,H,H,H,B,A,H,B,B,H,A,A,-,H,H,H,A,B,H,H,A,H,H,-,H,H,B,A,H,A,A,A,A,H,H,B,H,B,H,A,H,B,H,H,H,H,H,H,H,H,B,A,H,B,H,H,H,H,H,A,H,B,A,H,B,H,H,A,H,H,B,A,A,H,A,B,B,B,A,H,B,A,H,H,A,B,B,H,H,H,H,H,A,H,H,B,H,B,A,H,H,A,H,H,A,A,B,H,H,B,A,H,B,H,H,A,H,B,A,H,H,-,H,-,H,B,A,H,B,H,B,H,B,H,H,H,H,B,A,B,-,H,A,H,A,A,H,H,A,B,H,H,B,B,H,A,H,A,H,B,A,H,H,A,A,H,B,H,H,A,H,B,A,H,H,H,H,A,B,A,B,H,B,H,A
M11_046,H,B,A,H,H,A,A,A,H,B,H,A,H,B,H,A,A,H,A,H,B,B,H,B,H,B,A,A,B,A,H,A,H,H,B,B,A,H,B,H,H,A,H,B,B,H,H,H,H,H,B,A,H,H,B,A,H,H,B,H,H,H,H,H,A,-,H,H,A,B,H,B,B,A,B,A,H,A,A,A,A,B,H,A,-,A,A,B,A,B,A,B,B,-,H,H,A,A,H,H,A,B,B,H,A,H,H,B,B,A,A,B,A,A,B,H,B,A,H,H,H,H,A,A,H,H,A,H,A,A,H,A,H,H,-,H,H,A,H,B,H,H,H,A,H,H,B,H,H,H,B,H,H,A,B,B,H,H,H,H,H,H,A,H,A,H,H,H,H,H,A,H,B,H,H,A,A,H,B,B,A,A,B,H,A,H,H,A,A,B,H,H,A,H,A,B,H,A,H,H
M11_047,H,H,B,A,H,A,H,A,H,A,A,B,B,H,H,H,H,A,B,B,B,B,B,B,B,H,B,H,H,A,B,H,A,B,A,A,H,B,H,A,H,H,B,B,B,H,B,B,B,B,B,H,B,A,-,A,-,H,B,H,H,A,H,H,H,A,B,H,H,H,H,A,A,A,H,A,H,B,A,H,H,B,H,A,H,H,A,B,A,B,H,-,B,-,H,A,H,A,A,H,A,B,A,B,H,A,H,B,B,H,H,A,H,A,H,H,B,B,H,H,B,A,B,A,H,A,H,A,H,A,H,H,H,B,H,B,H,H,-,H,B,H,A,-,H,A,B,H,A,B,H,A,H,B,A,H,H,H,A,-,H,H,-,A,B,H,B,A,H,A,H,A,H,H,B,B,A,B,B,A,B,B,A,H,H,B,A,H,H,H,A,H,H,H,H,B,H,B,H,A
M11_048,B,B,H,H,H,H,H,B,A,B,A,B,A,H,H,H,H,H,B,A,H,A,B,B,A,A,A,A,H,H,A,H,H,A,H,B,H,B,H,A,B,A,B,H,H,B,H,H,A,H,H,H,A,-,H,A,A,A,A,A,H,B,H,A,A,A,H,H,H,H,B,B,A,A,A,H,H,H,A,H,A,B,B,A,A,H,H,A,A,H,A,H,H,H,B,H,H,B,A,A,H,H,H,A,H,B,H,A,H,H,H,B,B,H,H,H,H,H,H,B,A,A,B,H,-,B,A,B,H,H,H,A,H,H,A,H,H,B,A,-,H,H,B,A,H,H,H,A,B,B,H,H,H,B,B,A,B,B,B,A,B,H,H,H,B,H,H,B,H,B,A,H,H,H,A,A,H,B,H,H,H,A,A,B,B,B,B,A,A,A,-,H,A,B,A,A,-,A,H,B
M11_049,H,H,B,A,A,B,A,H,A,H,H,A,H,B,A,-,A,A,H,B,B,B,A,A,H,H,A,A,H,-,A,H,A,H,B,A,H,B,H,A,H,H,H,H,H,H,A,B,H,H,H,H,A,H,A,B,H,B,-,B,H,A,A,H,H,A,B,H,B,A,H,H,A,H,A,H,B,B,H,H,H,H,H,H,H,B,A,B,H,A,A,H,A,H,H,B,H,H,H,A,H,B,H,A,B,B,B,H,B,H,B,H,B,H,A,H,B,A,A,H,H,H,B,B,H,H,B,H,B,H,H,A,B,B,H,H,H,A,H,A,A,H,H,B,B,B,H,H,H,B,B,A,H,H,A,H,B,A,A,A,H,H,B,B,H,H,H,A,H,H,A,H,B,H,B,H,H,H,H,H,B,H,H,B,H,B,H,H,A,H,A,A,A,H,H,H,H,H,H,H
M11_050,A,B,H,H,H,B,A,H,B,-,H,A,H,B,H,B,A,H,H,H,B,B,B,H,H,B,H,H,B,A,H,B,B,H,B,A,A,-,B,A,A,H,-,H,H,B,H,H,H,H,H,H,H,H,B,H,A,A,H,H,A,H,B,H,B,A,H,B,H,A,B,A,H,A,H,H,B,B,H,B,A,H,B,H,H,H,H,-,A,B,B,A,B,-,A,H,B,H,H,B,B,H,H,A,B,H,A,A,A,B,B,H,A,B,B,B,A,H,H,H,H,A,B,H,A,B,A,A,H,H,H,H,H,A,H,B,A,B,A,H,B,B,H,H,H,H,B,H,H,A,H,B,-,A,-,H,H,A,-,H,B,H,H,A,H,B,A,-,H,-,H,H,-,B,H,H,H,-,H,B,H,A,H,H,B,A,A,B,A,H,B,H,H,B,B,H,-,H,A,A
M12_001,A,A,H,B,A,H,H,H,H,A,H,A,A,H,H,H,H,H,H,H,-,B,H,A,B,H,H,A,B,A,A,A,H,B,A,H,A,H,A,B,B,H,H,A,H,H,H,B,B,B,B,H,H,A,H,A,A,B,H,A,H,H,B,B,H,H,H,H,B,H,H,H,B,H,B,H,H,H,B,A,B,B,H,B,B,H,A,B,A,H,H,H,B,-,B,A,H,H,H,H,B,B,B,A,H,B,H,H,H,H,H,H,A,H,B,H,H,H,B,H,B,H,B,A,H,H,H,B,A,H,B,B,B,H,H,H,A,-,B,A,H,H,H,B,H,B,A,H,A,A,A,H,B,B,H,H,-,A,H,H,H,A,A,H,H,H,-,H,A,B,H,H,A,H,H,B,H,H,H,H,B,B,B,A,B,H,H,H,H,H,H,B,H,A,A,A,H,H,H,B
M12_002,B,H,A,A,H,H,H,A,A,A,B,H,H,H,H,H,H,A,H,B,H,B,B,B,B,H,B,H,A,A,H,H,H,H,A,B,H,H,B,A,H,-,A,A,B,A,H,A,H,H,A,H,H,A,H,H,H,A,H,-,H,H,B,H,H,A,B,H,H,B,A,B,H,H,H,H,B,-,H,A,A,H,H,A,H,B,H,B,A,B,H,H,A,H,H,A,H,B,A,H,B,B,H,A,H,H,H,H,H,B,-,H,A,H,H,H,B,B,B,H,B,B,A,H,H,B,A,H,H,B,H,A,B,H,H,H,B,H,H,B,A,H,H,A,A,A,B,H,A,H,H,A,H,H,H,B,H,H,H,-,A,A,H,H,H,A,H,H,B,H,H,A,A,H,B,B,B,A,A,H,H,H,H,H,H,H,H,H,A,A,H,H,B,A,B,H,B,H,A,H
M12_003,-,B,H,B,B,-,B,-,A,A,A,H,A,B,B,B,B,B,A,A,H,-,H,H,B,A,B,H,B,A,A,H,B,H,A,B,H,H,A,A,H,H,A,B,A,A,B,A,A,H,A,B,H,B,H,B,H,B,H,H,H,H,H,H,B,-,H,A,H,B,H,A,H,B,A,B,H,H,B,H,H,A,B,H,A,H,H,-,A,H,A,A,B,H,H,H,B,H,H,B,-,H,H,H,H,H,B,H,H,A,H,H,A,B,B,B,A,H,H,H,B,A,A,H,H,H,H,A,H,A,H,A,A,A,H,A,A,H,B,B,B,-,-,B,B,A,B,H,H,H,B,B,B,B,A,H,H,B,H,B,B,H,A,A,H,B,H,-,B,A,A,H,B,-,A,A,B,H,H,A,H,B,B,H,H,H,H,H,A,A,B,B,H,B,B,B,A,H,H,B
M12_004,B,H,H,B,H,H,H,A,B,H,A,B,B,H,B,A,B,A,B,B,H,B,-,B,H,H,A,H,H,A,H,H,H,A,B,B,A,B,B,H,A,B,A,H,B,B,B,H,A,H,B,H,B,A,A,A,A,B,B,B,H,H,A,H,A,H,A,H,B,B,B,H,A,A,H,H,A,B,H,H,B,H,B,H,H,A,H,H,H,A,A,H,-,H,H,B,B,H,B,H,A,B,B,A,H,A,B,A,H,H,A,B,H,H,A,-,H,H,H,H,A,H,A,H,B,B,H,A,H,A,H,H,B,A,B,B,H,H,A,H,H,H,A,-,A,H,H,H,H,H,H,H,H,H,B,A,B,A,B,H,H,H,B,B,H,H,A,H,H,H,H,B,H,H,H,A,H,-,B,H,B,H,H,H,H,B,H,A,H,H,A,B,H,A,H,B,H,A,A,B
M12_005,H,B,H,H,H,H,A,A,B,H,B,B,H,B,H,B,A,H,H,A,H,B,B,B,H,H,H,H,-,B,A,B,H,H,B,B,A,B,A,A,B,B,H,A,B,B,A,B,B,H,H,H,H,H,B,H,-,B,H,H,H,H,H,H,H,H,A,A,B,A,H,B,A,B,H,A,A,B,H,H,H,B,A,B,A,A,H,A,A,B,H,A,H,-,H,B,B,H,B,H,B,H,A,H,H,B,B,B,H,A,A,H,B,H,H,A,H,H,H,H,B,-,H,B,H,H,A,H,H,H,A,A,H,H,H,H,A,A,A,B,B,H,-,H,H,B,H,H,A,H,A,A,-,B,A,H,B,H,H,B,H,B,A,B,-,A,B,B,H,B,A,H,H,A,H,H,A,A,H,A,H,H,H,H,B,A,A,H,B,H,B,H,A,H,H,A,H,A,H,A
M12_006,B,H,H,A,H,B,B,A,B,H,A,H,H,-,H,A,H,-,A,H,B,B,H,H,H,H,B,H,B,B,B,H,H,A,H,A,H,H,H,A,H,B,H,H,H,H,H,H,H,H,H,A,H,H,A,H,H,A,A,H,B,A,B,H,A,B,A,H,H,H,A,H,B,H,H,H,A,H,A,A,B,B,A,H,B,H,A,A,H,H,B,B,B,H,H,A,A,A,H,H,B,H,H,H,B,H,A,H,B,B,A,H,H,H,A,H,H,A,H,A,H,A,A,B,H,H,H,-,A,H,A,H,B,-,H,H,H,H,-,H,H,H,-,H,H,H,-,H,B,H,B,H,B,H,A,A,B,H,H,H,H,H,A,B,H,H,H,B,A,H,B,H,H,B,A,A,B,H,B,H,H,H,A,H,B,B,H,H,H,A,H,H,H,H,H,H,H,H,-,H
M12_007,B,A,H,H,B,A,H,A,-,B,B,H,B,H,A,A,H,A,H,A,A,H,B,H,A,B,A,H,H,H,H,A,B,A,B,A,H,B,B,H,A,H,H,B,H,H,H,B,A,H,B,B,A,B,B,B,H,H,B,H,H,H,H,H,H,B,H,B,A,H,B,A,B,B,B,H,A,A,A,H,H,A,H,H,B,A,B,B,H,A,A,B,H,H,B,A,A,H,H,B,H,B,H,A,H,-,A,H,A,A,H,H,A,B,H,A,H,B,H,B,H,A,B,A,H,A,H,A,A,H,B,B,A,A,H,A,H,H,B,B,H,B,H,-,A,B,H,A,H,B,B,B,H,B,A,H,H,A,H,H,H,B,H,H,H,B,A,H,B,B,H,A,B,H,H,B,A,H,H,A,B,B,A,H,H,B,H,H,H,H,H,H,B,H,A,H,B,A,H,H
M12_008,H,H,B,A,A,-,H,B,A,B,B,H,B,-,H,A,H,A,A,B,B,H,H,H,B,A,H,A,H,H,H,H,H,A,A,H,-,H,A,A,H,H,H,H,H,H,A,H,B,B,B,B,A,B,H,B,A,H,H,-,H,B,B,A,H,B,A,H,B,H,B,B,B,H,H,B,H,H,H,H,H,A,H,A,B,H,B,B,H,H,H,B,H,H,H,H,H,H,A,-,H,H,A,B,H,A,B,H,H,H,-,A,H,B,A,B,B,H,B,H,H,A,B,H,H,H,H,A,A,B,A,H,A,H,H,H,H,H,A,A,A,B,H,H,H,B,A,A,H,A,H,H,H,H,A,H,H,B,A,A,H,H,B,H,A,B,H,H,A,H,B,H,A,A,A,B,H,A,B,H,H,B,B,B,B,A,H,B,A,B,A,H,H,B,H,A,B,H,B,H
M12_009,B,A,B,H,H,A,A,H,H,H,B,B,H,H,B,A,A,H,H,H,H,B,B,H,H,-,A,B,H,H,H,B,H,A,-,B,A,A,A,A,A,B,H,B,H,H,H,H,H,H,A,H,H,A,H,H,H,H,A,B,A,B,A,H,A,B,H,A,A,B,A,B,A,H,B,H,A,H,H,B,H,H,H,H,A,H,H,H,A,A,B,A,H,B,H,A,H,B,B,H,H,B,B,B,A,H,A,A,H,A,B,B,B,A,H,A,H,A,-,H,H,A,A,A,B,B,B,H,A,H,A,H,B,A,B,H,A,H,B,H,A,H,H,A,H,A,H,H,B,H,H,H,H,A,B,H,H,H,H,H,H,H,H,H,H,H,B,A,B,A,H,H,A,B,A,H,H,B,H,A,H,B,-,A,H,A,A,-,H,A,H,H,B,A,A,A,H,H,A,H
M12_010,H,A,A,-,H,H,A,B,H,B,H,B,B,H,H,A,B,H,A,H,B,A,H,B,H,A,H,A,B,-,H,H,H,H,A,H,A,B,B,A,B,H,A,-,A,A,A,B,B,H,A,H,H,H,A,H,H,H,H,H,A,A,H,H,H,H,B,B,H,H,A,B,H,-,H,H,A,B,B,A,B,A,A,H,B,H,H,H,A,B,B,H,A,H,H,B,A,H,H,B,H,B,A,A,H,H,H,B,H,H,H,B,H,H,H,H,-,H,A,A,A,B,H,H,H,H,H,H,H,H,H,H,H,B,A,B,H,H,H,B,B,A,-,H,A,H,H,H,B,A,H,H,H,B,B,B,-,A,H,H,A,B,H,H,B,H,H,A,A,B,B,H,H,B,H,H,B,A,B,A,B,A,H,B,A,B,H,H,B,A,A,H,A,B,H,H,B,A,B,H
M12_011,A,H,B,B,H,B,H,H,A,H,B,A,A,B,B,H,B,A,H,A,H,H,H,B,B,H,B,A,H,H,H,H,A,B,H,B,H,H,B,H,A,H,H,B,H,B,H,H,H,B,A,H,B,A,H,H,H,H,B,A,A,B,A,A,H,B,H,H,B,H,B,H,H,H,B,B,B,A,H,A,H,A,A,H,B,A,B,H,A,B,A,A,A,B,H,B,A,B,B,H,-,-,A,H,H,A,H,H,A,H,B,H,H,H,H,B,A,H,B,B,A,H,A,H,A,H,B,A,H,B,H,B,B,B,H,H,A,H,B,H,B,H,H,H,B,H,H,H,-,A,H,H,H,A,B,A,A,H,B,A,H,H,-,A,H,B,A,B,A,A,H,H,H,A,H,A,A,B,H,H,H,H,A,H,H,H,A,A,A,H,A,H,A,B,B,H,H,H,H,A
M12_012,-,-,B,A,A,B,H,H,H,H,A,B,H,H,B,A,-,B,H,A,B,B,A,B,H,B,H,H,H,B,H,H,H,A,H,A,H,H,H,H,B,H,A,H,H,B,A,B,H,A,A,B,A,A,B,H,B,H,H,A,A,B,B,B,B,H,A,H,H,H,B,A,H,B,A,H,H,H,B,H,A,H,H,H,B,H,H,H,H,H,H,H,A,H,H,A,H,A,H,A,B,B,H,A,B,H,B,H,H,H,H,A,B,A,H,B,H,H,A,H,H,H,B,H,H,A,A,H,H,B,H,B,B,B,B,H,A,H,A,H,A,H,A,A,H,H,H,H,A,H,H,B,H,A,B,H,B,H,H,B,H,H,H,B,H,B,H,B,B,H,B,H,H,H,A,A,B,H,H,B,H,B,H,A,H,A,H,H,A,A,A,H,A,B,H,H,A,B,H,H
M12_013,B,A,H,H,B,A,H,H,B,H,H,A,A,B,H,H,A,H,A,B,B,H,B,H,B,H,A,H,H,A,H,H,B,A,H,A,H,B,B,H,H,A,B,B,H,B,B,H,H,H,B,B,A,H,A,B,A,A,B,H,A,B,H,H,H,A,H,A,H,H,B,H,B,A,H,B,H,A,H,H,H,H,H,H,A,H,H,B,A,B,H,H,B,B,A,B,H,A,A,A,A,H,B,B,H,H,A,A,H,H,A,B,H,B,B,H,H,B,H,H,H,H,H,H,H,H,A,B,H,H,B,H,B,H,H,A,B,H,H,H,A,B,A,B,A,B,H,H,H,B,H,H,A,B,H,A,A,A,A,H,H,H,A,H,H,H,H,H,A,H,B,A,B,H,B,H,B,-,B,B,A,H,H,B,H,A,-,H,B,H,B,H,H,B,A,H,B,-,H,B
M12_014,H,H,H,A,A,H,B,A,H,H,B,H,H,A,B,B,-,A,H,A,H,A,B,H,H,A,A,A,A,A,H,B,A,H,H,H,A,H,-,H,B,A,B,H,B,H,B,H,A,H,H,B,H,H,B,B,B,B,B,H,A,B,B,A,H,H,A,H,A,B,B,B,A,A,H,B,A,H,H,A,A,B,H,H,A,A,H,H,H,A,H,H,B,B,A,H,A,B,H,H,H,A,-,H,B,B,B,H,H,H,H,H,A,A,H,A,H,B,A,A,A,A,H,H,H,H,A,H,H,H,A,A,A,A,A,H,H,H,A,H,B,-,H,H,H,A,A,H,H,H,H,H,H,B,-,A,H,H,H,H,B,H,A,A,H,H,B,A,H,H,H,B,A,A,H,-,B,A,H,B,B,B,H,H,B,B,A,H,H,H,H,H,B,-,A,H,B,B,H,A
M12_015,H,A,H,H,-,A,H,B,B,H,H,H,A,B,-,H,H,B,H,B,A,B,-,B,B,B,A,H,B,A,B,B,H,H,B,H,H,-,H,H,H,B,B,A,H,B,H,A,A,H,B,B,H,B,A,H,B,B,A,H,H,A,A,A,H,A,H,A,H,H,B,B,H,A,A,H,H,H,A,A,H,H,H,H,H,B,A,H,H,H,B,B,B,-,H,H,H,H,H,H,H,H,B,A,H,H,B,B,A,H,H,H,B,A,H,H,A,H,H,-,B,A,-,B,H,B,A,B,B,H,H,H,H,-,H,A,B,A,B,H,H,H,H,H,A,-,B,B,H,H,B,H,B,B,A,H,H,H,B,B,B,H,A,H,B,H,A,B,H,A,H,H,H,H,-,H,H,-,B,A,B,H,H,H,B,H,A,B,B,H,H,A,A,A,B,H,H,B,H,B
M12_016,H,-,B,B,B,B,B,B,H,A,A,H,B,B,H,H,H,H,H,H,H,H,H,H,B,H,H,A,H,H,B,A,-,H,H,H,A,B,B,B,A,B,H,A,A,A,B,B,A,H,H,A,H,H,A,A,H,H,H,H,H,B,B,H,B,A,A,H,A,H,H,B,B,H,H,A,H,A,B,-,H,H,A,A,-,B,H,B,A,H,A,H,H,B,B,B,A,H,A,B,H,A,B,H,A,H,H,H,H,H,H,H,H,H,B,H,H,B,H,B,B,H,H,H,B,B,H,H,H,-,H,-,H,A,A,B,B,H,H,H,H,H,H,H,A,B,B,H,H,B,A,A,B,B,H,H,B,H,B,H,B,H,-,H,H,A,B,B,A,B,H,H,A,A,H,-,H,H,B,H,A,H,H,-,H,A,A,H,H,H,B,H,H,A,B,A,B,B,H,-
M12_017,H,B,B,H,H,-,H,A,H,A,H,A,A,A,H,A,H,B,H,B,H,H,B,B,B,B,H,B,A,A,H,B,A,B,H,B,A,H,A,A,B,A,A,B,H,B,H,A,H,H,H,H,H,B,H,H,B,A,H,H,H,A,A,H,H,H,A,H,H,A,A,B,A,A,H,B,B,B,H,B,H,H,H,H,H,H,H,B,B,H,A,H,A,H,H,H,H,A,A,A,H,-,H,H,H,A,H,A,A,A,H,H,H,A,H,-,H,B,B,B,A,H,H,B,H,H,H,A,B,H,B,A,B,B,H,H,H,A,B,A,H,A,H,H,H,B,A,B,B,A,H,A,H,B,B,B,-,B,A,B,H,-,H,H,H,B,H,B,H,A,H,H,A,H,H,A,H,A,A,H,A,H,H,H,B,H,B,H,H,B,H,A,A,A,H,H,H,A,H,A
M12_018,A,A,H,B,H,A,H,H,A,B,A,A,H,B,H,H,H,A,B,H,B,-,H,A,H,A,B,H,H,A,B,H,H,A,H,H,B,H,B,H,A,H,A,B,A,H,A,H,B,A,A,A,B,H,H,H,H,H,B,H,H,B,A,-,B,B,H,A,H,-,B,H,H,B,H,B,A,B,H,B,A,H,B,H,B,H,H,H,H,H,A,A,H,H,B,B,A,-,A,H,H,A,A,H,B,H,A,H,A,A,B,H,B,H,H,B,B,H,H,H,-,H,A,A,H,H,B,H,A,H,A,A,H,H,B,H,A,B,B,H,H,H,H,H,B,B,H,H,A,H,B,H,A,H,A,B,H,B,H,H,B,B,A,B,B,-,B,H,A,H,B,H,A,H,A,H,H,H,A,B,B,H,B,H,H,A,B,B,H,A,H,H,H,H,A,A,H,A,H,H
M12_019,B,B,B,A,B,A,B,-,B,A,H,B,H,H,H,B,H,H,A,B,A,A,B,H,A,B,B,A,H,A,B,A,H,B,H,B,A,A,H,H,A,A,B,H,H,H,A,H,A,A,H,B,-,H,B,B,H,A,H,H,H,H,H,H,A,H,H,H,A,A,H,H,B,B,H,H,A,B,A,H,A,H,A,H,A,A,B,H,B,A,H,B,H,H,B,H,H,B,A,H,H,H,H,B,H,H,A,B,A,H,H,A,H,H,B,B,H,H,A,H,H,H,H,A,A,H,H,A,H,-,A,H,A,A,A,B,A,B,B,B,H,A,B,-,H,H,A,H,B,B,H,B,A,H,H,H,B,H,H,B,H,A,H,B,B,H,-,A,-,B,A,H,H,H,A,B,H,B,H,B,H,H,H,B,H,B,H,A,B,H,B,A,B,B,H,H,H,B,B,H
M12_020,H,A,H,A,A,H,H,B,H,B,H,B,B,H,B,H,-,H,H,H,A,A,B,H,A,B,H,B,H,B,H,H,H,H,A,A,B,H,B,H,H,B,A,H,H,A,H,H,A,H,A,H,B,H,B,B,H,B,H,H,H,H,A,B,A,H,A,H,H,A,H,-,-,H,B,A,A,A,B,A,H,A,B,H,H,A,H,A,H,A,H,B,H,B,B,-,-,H,A,B,H,H,B,H,H,B,H,A,H,B,A,H,A,A,A,H,B,A,H,H,A,H,-,A,A,H,-,H,H,H,B,-,B,H,H,B,A,B,H,A,B,H,H,H,H,A,-,H,H,H,H,A,H,A,H,A,H,B,H,-,H,B,H,B,A,B,B,H,H,H,B,A,B,A,B,B,H,B,A,B,H,A,H,B,A,H,B,H,H,H,-,B,H,A,B,A,B,H,H,H
M12_021,A,H,H,H,B,H,H,H,B,B,H,H,A,H,-,-,H,B,B,A,H,H,B,H,H,H,H,H,H,H,B,A,A,H,A,A,H,H,-,H,-,H,A,A,A,H,B,H,A,B,B,A,A,A,B,B,A,A,A,A,B,H,H,A,H,H,A,B,A,A,H,H,H,A,H,H,B,H,H,H,A,-,H,B,B,A,A,H,A,H,A,H,A,A,H,-,H,A,B,H,H,H,A,H,H,B,H,H,A,H,H,B,H,H,A,H,H,H,H,H,H,H,H,B,A,H,B,H,A,B,H,H,H,A,H,A,A,B,H,B,H,H,A,H,A,H,H,A,B,H,A,H,H,H,H,B,A,B,H,H,H,H,A,H,A,H,H,H,B,H,H,A,H,B,B,H,H,-,A,H,A,A,H,A,A,B,B,H,B,A,-,H,B,H,A,A,H,H,H,H
M12_022,A,B,H,A,H,H,H,A,A,H,A,A,A,H,B,H,H,A,B,H,H,B,A,H,H,H,H,H,B,B,A,H,H,B,H,A,A,B,B,H,B,B,H,A,A,A,A,B,H,H,B,H,A,H,A,B,B,B,B,H,H,-,A,H,B,H,B,B,H,H,H,A,B,H,B,A,H,H,H,H,A,B,A,B,H,H,H,B,B,A,H,A,H,A,H,A,B,H,B,H,A,H,H,A,B,H,A,B,A,H,A,H,-,H,H,H,A,B,B,A,B,B,H,H,B,B,H,H,B,-,B,B,H,B,H,A,H,H,H,H,H,H,H,A,A,H,B,H,H,A,B,B,H,B,H,H,H,H,B,-,B,B,H,H,-,H,A,H,H,A,B,B,A,-,H,A,-,H,A,H,H,H,A,H,H,A,H,H,B,B,B,A,H,H,H,A,B,H,H,H
M12_023,H,H,B,B,B,H,A,A,A,H,H,H,H,B,H,B,H,H,H,H,H,B,H,A,H,-,H,B,A,B,A,A,H,B,A,A,H,H,H,A,H,A,H,B,B,B,H,H,B,H,H,H,H,H,H,H,B,H,H,B,H,H,B,A,H,A,H,H,H,B,H,-,H,B,B,B,H,H,A,B,H,H,A,B,H,H,A,H,B,H,B,A,H,H,H,A,A,B,H,B,B,H,H,H,B,H,H,H,B,H,H,A,H,B,H,B,B,B,H,B,H,B,B,A,A,A,H,A,H,H,H,H,B,H,H,H,H,H,H,H,A,B,A,H,B,A,H,A,H,A,B,H,H,A,A,B,B,H,A,H,H,H,B,H,H,A,H,H,H,A,B,H,H,H,A,H,H,B,H,H,H,H,H,H,H,A,A,B,A,B,B,B,B,H,A,A,B,H,A,H
M12_024,B,H,H,H,A,B,A,-,B,A,B,B,B,B,B,B,H,A,H,H,H,H,A,B,A,A,H,H,H,H,B,H,H,-,B,H,H,A,B,H,A,H,B,A,H,H,B,A,A,H,B,B,H,A,B,A,H,H,A,H,H,B,H,B,A,H,H,A,B,B,H,H,H,H,A,H,H,H,A,A,B,B,H,A,H,B,A,B,A,H,B,A,A,H,B,H,H,-,B,A,A,B,H,A,B,B,H,H,H,H,H,B,H,H,H,B,H,H,B,B,B,-,A,H,H,H,H,A,-,H,H,H,H,B,A,B,H,H,A,H,B,H,H,H,A,H,B,-,H,H,H,B,B,A,A,A,H,H,H,A,H,H,A,A,H,B,A,A,B,H,A,B,H,H,B,H,B,H,H,H,B,H,H,A,A,A,H,B,B,A,B,-,-,A,H,H,H,H,H,H
M12_025,A,B,H,B,B,A,H,H,-,B,B,A,H,B,A,B,H,B,H,H,B,-,H,H,A,H,H,A,A,H,H,H,H,H,B,A,H,H,H,H,H,H,H,B,H,A,H,H,B,H,-,B,B,H,H,H,H,H,H,H,B,H,A,A,A,A,A,H,-,H,A,A,H,A,A,A,B,H,H,H,H,H,H,H,H,H,B,A,-,H,B,H,A,A,-,H,H,H,A,B,H,B,A,B,A,A,A,B,H,H,H,H,B,H,H,A,H,H,H,A,H,A,B,B,A,H,H,B,H,H,H,A,H,B,H,B,A,B,A,B,H,A,B,H,H,H,H,H,H,H,H,H,B,B,B,-,A,H,B,H,A,B,H,A,H,A,H,A,H,H,A,A,H,H,A,A,A,H,H,B,A,A,B,H,H,H,B,H,B,H,B,A,H,A,B,B,H,H,H,H
M12_026,H,B,A,H,A,B,A,B,-,B,A,H,A,H,H,B,H,H,H,A,H,A,B,H,B,H,B,H,B,H,A,B,H,B,H,A,B,A,A,H,H,H,H,H,A,H,A,H,B,B,B,B,H,B,A,H,-,A,A,H,H,H,A,A,H,B,H,B,H,A,H,H,B,H,H,H,B,A,H,B,H,-,B,H,H,B,B,B,B,A,A,H,B,H,B,A,H,H,H,H,H,B,H,A,A,A,H,A,A,H,H,H,B,H,A,B,A,H,H,A,A,A,B,B,H,H,A,A,H,A,A,B,A,B,H,H,H,H,H,A,B,H,B,H,A,H,-,-,A,H,B,A,H,H,H,A,B,H,A,H,A,B,H,A,A,H,A,H,H,H,H,B,B,H,B,B,B,A,H,A,H,H,A,A,H,H,H,A,B,A,B,H,B,B,H,B,H,B,H,H
M12_027,H,A,H,B,H,H,H,H,H,B,H,B,A,H,A,H,H,A,A,B,H,H,H,H,H,A,H,-,B,B,B,H,B,H,H,H,A,H,A,A,H,A,A,H,A,A,B,A,-,B,H,H,B,H,B,H,H,B,A,A,B,B,A,H,A,A,H,H,H,B,A,B,H,H,H,A,H,H,H,A,H,A,A,-,H,H,H,H,B,H,B,A,B,A,B,B,B,B,H,B,A,A,H,H,A,-,H,B,H,A,H,A,B,-,A,B,B,H,B,A,B,H,A,H,H,B,H,A,A,H,H,H,-,H,H,H,H,B,-,B,H,H,B,-,A,A,B,H,H,-,H,B,A,A,H,A,B,H,H,A,B,H,H,A,-,H,A,H,B,H,A,H,H,B,A,B,A,B,H,B,H,H,B,B,H,B,B,H,B,H,-,H,H,H,H,A,B,B,H,A
M12_028,H,H,A,B,B,B,H,H,H,B,A,A,A,A,H,H,B,H,H,H,H,A,H,A,B,H,B,A,A,A,B,H,B,A,H,H,H,B,H,H,H,A,B,B,B,H,B,H,H,H,H,A,H,H,B,H,H,H,B,H,H,B,H,H,H,A,A,-,H,-,H,H,A,H,B,A,H,-,A,A,H,A,H,H,H,H,B,B,A,H,H,H,H,H,H,A,H,A,A,H,B,H,B,H,B,B,B,B,A,H,H,B,A,-,H,B,H,H,A,H,A,A,B,H,H,B,H,H,B,H,B,H,H,A,H,H,B,A,H,H,B,B,H,A,A,H,B,H,H,A,H,A,H,H,B,H,A,H,B,B,A,A,B,H,B,B,H,B,A,H,H,A,A,H,H,H,H,A,B,A,A,H,H,A,B,A,B,H,B,H,H,B,A,H,A,B,H,A,H,B
M12_029,A,H,-,B,A,B,H,A,B,H,H,H,H,H,H,H,B,B,H,A,A,B,A,H,B,B,H,H,A,B,-,B,H,A,H,H,H,A,B,B,H,B,A,B,-,H,B,H,B,A,A,A,B,H,B,H,A,A,H,B,A,H,B,A,H,H,A,H,H,H,A,A,B,H,H,B,H,H,H,H,H,H,B,H,H,B,A,B,A,H,A,H,H,A,A,A,A,A,A,A,B,H,B,H,B,H,A,H,A,H,H,H,H,B,A,H,A,B,H,B,A,H,H,H,B,A,H,A,H,B,H,B,H,B,-,H,H,H,B,H,A,H,H,A,A,A,H,H,A,H,A,A,A,H,A,B,H,B,H,B,B,H,A,H,H,H,B,H,H,H,H,B,B,B,A,H,A,H,H,H,B,B,H,H,A,H,H,A,H,A,H,A,-,H,H,A,B,B,H,A
M12_030,H,-,B,B,B,H,A,B,H,H,H,B,A,B,B,A,B,H,H,H,H,H,B,H,H,H,A,H,A,H,A,H,H,A,-,H,H,H,B,A,B,A,A,H,B,B,H,B,H,B,A,H,B,H,B,A,A,H,H,H,H,H,B,H,A,H,B,A,H,H,A,A,H,H,A,H,A,A,H,B,H,A,H,H,B,B,H,H,B,H,B,H,H,A,H,A,H,H,B,A,-,H,B,B,H,H,H,B,B,H,B,H,H,H,-,H,-,H,H,H,A,A,H,H,H,B,H,H,H,H,H,-,H,H,A,H,B,H,H,H,B,A,H,H,H,H,B,H,A,H,B,H,H,H,A,H,H,H,H,A,B,H,A,A,B,A,H,H,B,A,H,H,A,B,H,H,H,H,B,B,H,A,A,A,H,B,H,A,H,B,B,H,H,H,H,A,B,H,-,H
M12_031,B,-,-,H,A,H,B,B,H,H,H,H,B,H,B,H,H,H,A,H,H,H,H,H,A,A,H,H,A,A,H,H,H,A,H,A,H,A,B,A,A,B,H,B,H,H,H,H,H,A,A,H,H,H,A,H,B,H,H,H,H,H,A,H,H,H,B,H,B,B,A,H,B,A,H,B,B,H,B,H,H,B,B,A,A,H,H,A,H,B,H,H,H,A,H,H,H,H,A,B,B,H,B,H,H,H,A,B,B,B,H,A,A,H,H,B,H,B,H,H,H,B,H,H,H,H,B,H,-,A,H,H,H,H,A,H,B,-,A,H,H,-,B,A,B,H,A,A,H,A,H,H,B,H,H,H,-,H,B,B,A,B,B,B,B,H,B,H,H,A,A,H,B,A,H,H,H,B,H,A,A,B,B,A,A,H,H,H,H,A,H,H,H,H,B,B,H,H,A,B
M12_032,H,H,H,A,A,B,H,B,H,H,A,A,B,H,B,-,B,B,B,B,H,B,B,A,H,B,H,A,H,H,B,H,A,H,B,H,H,A,A,A,A,A,A,B,H,H,H,B,H,A,H,A,B,H,B,B,H,B,B,H,-,A,H,A,H,H,H,H,A,H,A,-,B,H,B,B,H,A,H,A,H,A,B,H,A,B,H,H,B,A,A,A,A,H,B,H,B,A,B,H,B,B,B,A,H,H,H,H,B,A,B,B,H,H,A,H,A,H,H,H,-,H,A,H,H,H,A,A,H,B,B,B,A,B,H,H,H,A,A,A,H,H,H,H,H,A,B,B,A,H,B,H,H,B,B,H,H,B,H,-,H,B,H,-,-,A,B,H,A,B,H,A,A,A,H,B,H,H,A,A,H,A,A,H,A,B,H,H,H,A,B,B,H,A,A,A,H,H,B,H
M12_033,H,H,H,A,A,H,A,B,B,A,H,H,H,H,A,B,H,A,A,B,B,H,B,H,H,B,H,A,B,A,B,B,A,A,B,A,B,H,A,H,H,A,H,A,H,H,H,H,A,-,H,A,H,H,A,A,H,H,H,H,B,H,B,B,H,A,B,A,H,H,A,B,H,H,A,H,H,A,H,A,H,B,A,A,A,H,H,A,A,B,A,H,B,H,-,B,A,A,H,H,B,A,B,B,A,H,-,B,A,H,H,A,H,H,-,H,H,B,H,A,-,B,H,B,H,B,H,H,A,H,A,A,H,H,H,H,B,B,B,B,H,H,A,B,A,B,H,H,A,B,H,B,B,H,B,B,B,A,B,A,B,A,A,H,B,A,A,B,B,H,H,A,H,A,H,A,H,A,B,B,A,B,B,A,H,A,H,A,B,B,A,H,H,A,A,H,B,B,H,H
M12_034,H,H,H,B,H,A,A,B,B,H,B,-,A,-,H,H,H,-,H,B,B,H,H,H,B,B,H,B,H,H,B,A,B,H,A,H,H,H,H,A,-,A,B,A,H,B,-,H,A,A,A,-,H,B,-,H,H,A,H,A,H,B,A,B,B,H,H,H,B,H,H,H,A,A,H,H,A,H,-,H,H,H,H,A,A,B,H,B,B,A,B,B,B,B,H,-,H,B,A,H,H,A,A,H,H,-,A,B,H,H,H,B,H,H,H,A,H,A,B,H,B,H,B,H,A,H,A,H,H,A,A,B,H,B,H,H,H,B,H,A,H,A,H,A,A,B,H,A,H,H,H,A,A,H,H,H,H,H,-,B,H,H,A,A,B,B,H,B,H,B,H,A,A,B,H,A,A,H,A,B,-,H,H,H,H,H,B,A,A,A,H,H,H,A,H,H,B,B,H,B
M12_035,H,B,A,A,H,H,H,H,H,H,A,H,A,B,B,H,A,B,H,A,H,H,H,H,A,A,B,B,-,H,H,H,A,B,H,H,H,B,H,H,A,A,H,B,A,H,A,B,H,H,A,H,H,B,H,A,B,B,A,B,H,H,H,B,A,A,H,H,B,A,H,H,H,B,A,A,H,H,H,H,H,H,A,H,B,A,A,B,A,A,H,H,B,H,A,H,A,A,B,A,A,H,H,B,H,A,H,B,H,A,H,H,H,H,-,H,H,H,H,H,B,A,A,H,H,B,B,B,H,H,H,B,B,H,H,H,B,H,H,B,H,B,H,A,H,H,H,A,B,B,H,H,A,A,A,B,H,B,H,H,B,H,A,B,B,B,B,H,B,-,B,H,H,H,B,A,A,H,H,H,B,A,H,H,H,B,H,A,B,H,H,B,A,H,B,A,H,H,H,A
M12_036,H,H,-,A,A,H,H,H,H,A,B,A,B,H,A,B,H,H,H,H,H,H,H,B,B,H,B,B,H,H,A,H,A,B,H,H,B,H,H,B,B,B,A,H,B,B,A,B,H,B,B,H,B,H,H,B,H,B,B,H,H,H,H,A,H,A,H,B,A,H,H,H,B,H,-,A,B,H,A,H,-,H,H,A,B,H,A,A,H,H,A,A,H,B,A,A,H,H,H,H,B,H,A,A,H,B,H,H,H,A,H,B,A,H,B,H,H,H,A,H,H,A,B,H,H,A,H,H,A,-,A,A,B,-,H,H,H,A,A,H,B,H,B,A,H,H,A,A,A,H,B,A,A,H,H,B,H,A,A,H,H,H,H,H,B,B,H,H,B,B,A,H,H,A,B,A,A,H,H,A,B,A,H,H,H,A,A,H,A,B,A,H,A,H,H,A,B,H,H,A
M12_037,B,H,H,H,H,H,B,H,H,B,-,H,H,-,H,H,H,H,H,B,B,H,A,H,H,B,A,H,H,A,B,H,H,A,H,B,H,B,B,B,H,H,H,H,B,H,H,H,H,A,H,H,B,H,A,H,B,A,H,B,A,B,H,H,H,B,H,B,H,H,H,H,H,A,H,H,H,H,A,A,A,H,H,A,H,H,B,B,B,B,B,H,A,H,B,A,B,A,A,H,H,B,H,H,B,B,B,H,B,A,H,H,H,B,H,B,B,H,B,A,A,H,B,B,H,B,H,B,H,B,A,A,A,A,H,H,B,H,B,B,H,B,A,B,A,A,H,H,H,-,A,A,B,H,A,H,A,A,H,A,H,H,A,H,H,H,H,-,H,H,A,B,H,H,H,-,B,B,B,H,H,H,H,A,H,B,H,H,H,H,H,H,A,A,B,B,A,A,H,H
M12_038,A,B,B,H,B,H,-,H,H,H,H,-,B,B,B,H,H,B,B,A,-,-,B,H,B,H,B,H,B,-,A,B,A,B,B,B,A,A,A,A,-,A,B,A,H,B,B,B,A,H,A,H,A,H,H,A,H,H,H,H,H,B,H,B,H,H,H,A,B,B,A,B,B,H,H,B,H,B,B,H,H,H,-,H,H,B,A,A,B,B,B,H,H,-,H,H,A,H,A,H,H,H,H,A,B,B,H,B,B,A,H,-,H,H,A,H,B,H,H,H,H,H,-,H,H,-,H,B,A,H,H,A,A,B,H,-,H,-,H,A,B,A,H,H,A,H,H,A,B,H,B,H,A,H,H,H,H,H,H,A,B,H,B,A,-,B,B,B,H,H,A,H,B,-,H,H,A,B,H,B,-,A,H,A,A,A,A,H,H,B,H,B,H,H,A,H,B,H,H,H
M12_039,H,H,A,B,H,H,B,A,H,A,H,H,H,H,H,B,A,B,H,H,H,A,H,H,H,H,H,H,H,H,B,A,B,A,H,B,H,H,-,H,H,H,A,A,H,A,H,B,H,A,H,H,A,H,B,H,B,A,H,A,B,A,B,-,B,B,A,B,B,H,H,H,H,A,H,A,A,H,H,H,H,H,A,H,H,A,H,H,A,A,H,B,B,-,H,H,B,B,B,H,A,B,A,B,H,B,A,H,A,H,A,A,H,A,B,H,H,H,H,B,B,A,A,H,B,H,B,B,B,H,A,H,H,B,A,H,A,B,H,-,H,H,A,B,H,H,H,A,H,H,H,H,H,A,H,A,H,H,A,H,A,B,H,B,A,H,B,H,A,H,A,A,H,B,-,H,A,H,A,A,-,A,H,B,H,B,H,B,B,A,H,H,B,H,H,B,H,B,A,H
M12_040,H,A,H,H,H,H,H,A,A,B,A,A,B,B,B,B,A,H,A,B,H,H,H,A,H,A,A,H,H,H,H,A,H,A,H,H,B,B,H,B,H,B,A,A,H,A,-,H,A,H,B,A,H,A,H,H,A,B,A,H,H,B,H,H,B,A,H,H,B,B,H,-,H,H,H,H,H,B,B,H,H,B,-,A,H,B,H,H,A,B,B,B,H,-,A,H,A,A,H,A,A,H,H,H,A,H,H,H,H,B,H,A,B,H,A,A,H,H,B,H,H,A,H,H,A,H,B,H,H,A,H,B,H,H,A,H,A,A,A,A,A,H,-,H,B,H,B,A,H,H,H,A,H,B,A,B,B,B,B,H,B,B,H,B,B,A,H,B,H,B,H,A,H,B,H,H,H,H,A,A,B,H,H,B,H,H,-,H,H,A,H,B,H,H,H,H,B,H,H,H
M12_041,B,B,-,A,H,B,H,B,H,H,H,H,H,H,A,B,H,B,A,A,H,H,H,B,A,H,H,A,H,B,B,H,B,B,-,B,A,A,B,B,H,H,H,B,B,A,H,B,B,B,A,B,H,A,H,B,B,B,A,A,B,B,H,A,B,H,B,H,H,H,H,A,H,H,H,H,A,A,H,H,A,A,H,H,H,A,A,H,H,H,H,A,A,A,A,A,B,B,B,H,H,A,A,H,A,H,B,H,A,H,A,H,H,H,H,B,A,A,H,A,B,A,A,B,H,H,-,B,-,H,B,H,B,H,A,A,H,H,A,B,B,H,A,-,-,H,H,B,B,B,-,B,H,A,H,H,A,A,H,H,H,B,H,B,H,B,B,H,H,H,H,H,H,B,H,H,B,B,H,A,H,H,A,B,H,H,H,B,A,H,B,A,H,H,B,H,B,A,H,H
M12_042,A,B,B,A,H,A,A,H,B,H,A,B,B,H,H,H,H,B,B,B,H,H,H,H,B,B,B,A,B,B,B,A,B,B,H,H,A,H,A,H,H,B,-,B,B,A,-,A,A,H,H,B,H,H,B,H,B,A,H,B,H,B,H,A,B,A,H,H,B,H,B,H,A,H,H,B,H,H,H,H,H,H,B,A,A,B,-,H,A,H,H,H,A,A,A,B,A,A,A,H,A,H,H,H,B,H,A,H,H,H,B,H,B,H,B,B,H,H,B,B,B,B,H,A,H,A,H,H,H,A,B,H,H,A,H,H,H,B,H,H,H,H,H,B,H,H,H,B,H,A,H,A,A,B,H,A,B,H,A,H,H,H,H,H,H,H,H,B,B,B,H,-,H,H,B,H,B,A,-,H,H,A,H,A,B,H,B,H,A,H,B,B,A,A,A,H,H,H,H,B
M12_043,H,H,B,A,H,H,H,H,H,H,H,H,H,H,H,B,B,A,A,H,-,H,A,B,H,A,H,H,B,B,H,H,H,H,H,A,H,B,H,H,B,H,H,H,A,H,H,H,-,H,H,A,A,H,H,A,H,A,H,H,H,B,B,H,H,-,H,A,H,A,H,A,B,A,B,A,H,B,A,H,H,B,B,B,H,A,H,A,H,B,H,B,H,H,A,A,H,H,H,H,B,B,H,H,H,H,H,B,-,A,A,H,H,H,B,H,H,A,H,B,B,A,B,A,H,H,H,H,H,-,A,A,H,H,H,H,H,A,-,B,H,A,H,A,H,B,H,A,B,H,B,H,B,B,A,B,A,A,A,B,H,H,A,A,A,A,-,A,H,H,H,H,A,H,H,H,B,A,A,H,A,A,H,H,H,A,H,H,H,H,H,H,H,A,B,H,H,-,A,A
M12_044,H,B,H,A,B,H,H,H,H,B,-,H,B,B,B,H,B,A,A,A,H,H,-,B,A,B,B,H,H,B,B,H,B,H,H,H,H,H,H,H,B,B,H,B,B,H,H,H,B,H,H,A,H,A,B,A,A,A,H,A,A,H,H,H,A,H,B,H,H,H,A,B,A,A,A,B,H,H,A,B,H,A,H,A,H,H,H,H,B,H,H,A,H,A,A,A,H,H,H,B,B,H,H,H,B,H,A,A,A,A,A,H,H,-,A,H,H,B,B,-,H,H,H,A,H,B,H,H,B,B,B,H,B,H,H,B,H,A,H,H,B,B,A,B,A,H,A,H,H,B,H,H,B,A,A,A,-,H,A,A,A,A,H,B,B,A,H,H,B,H,H,H,B,H,A,H,B,B,B,A,A,B,H,H,H,A,B,H,H,H,H,H,-,H,H,H,H,H,B,B
M12_045,B,B,A,B,-,A,H,H,H,A,H,B,A,A,A,B,A,B,H,A,A,A,H,A,B,H,A,B,H,A,A,H,B,H,H,B,H,A,B,H,A,B,B,H,H,B,A,A,H,A,H,H,H,A,H,H,B,A,H,A,A,H,B,A,B,H,A,A,A,A,H,A,H,H,H,-,-,H,A,H,B,A,H,B,A,A,A,B,B,A,B,B,H,H,A,H,H,H,H,H,B,A,H,A,H,H,H,B,B,A,H,B,A,-,B,A,B,A,H,B,H,B,B,H,B,A,H,B,H,H,A,H,B,H,B,H,H,H,H,A,H,H,H,-,-,B,H,H,H,H,H,H,B,H,H,H,-,H,H,H,H,H,H,A,B,A,B,H,B,B,A,-,A,H,A,H,H,H,A,A,H,A,H,H,B,A,A,H,H,H,B,H,H,H,H,B,H,H,B,A
M12_046,H,B,B,H,H,H,H,H,H,B,H,A,H,B,-,B,B,A,A,H,A,A,B,B,A,H,B,H,-,H,A,A,B,A,H,A,H,H,H,A,H,H,H,H,B,H,A,H,A,H,B,B,-,H,H,A,B,H,H,H,H,H,H,B,B,-,A,H,A,H,A,A,A,B,B,A,H,B,H,H,H,H,H,A,B,B,B,B,H,H,-,A,B,B,H,B,H,H,H,A,A,B,B,A,A,H,B,B,H,H,H,H,H,A,B,H,A,B,H,H,H,H,B,H,H,H,H,A,H,H,B,H,B,H,B,B,A,B,A,H,H,H,A,B,H,H,A,A,B,H,B,A,H,H,B,H,H,H,H,B,-,A,A,H,H,A,H,B,A,H,B,A,H,H,A,H,B,H,A,H,B,B,H,B,H,H,H,A,A,H,H,A,B,H,B,A,H,A,H,H
M12_047,H,A,A,H,H,A,B,H,B,H,B,H,H,H,A,A,A,H,B,A,B,H,H,A,B,A,H,H,H,H,B,H,A,A,A,B,H,H,B,B,H,A,H,A,A,B,H,-,B,H,H,H,A,H,A,B,B,H,H,H,A,A,-,A,B,H,H,A,B,H,B,H,H,A,A,B,A,B,H,H,B,H,H,B,H,A,H,A,H,H,H,H,H,-,H,H,H,H,H,H,B,A,A,B,A,H,H,H,H,A,H,H,B,B,H,H,B,A,H,B,H,H,B,H,B,B,B,A,-,H,-,A,A,A,H,-,B,H,H,A,B,B,B,B,B,H,H,H,A,B,H,B,H,H,A,H,H,H,H,H,B,H,H,H,B,H,H,H,B,B,-,A,H,B,H,H,H,H,A,H,H,H,B,A,H,-,B,B,H,H,H,H,B,H,A,H,A,A,H,H
M12_048,H,-,A,A,A,B,A,B,B,A,H,H,A,H,H,H,H,H,A,B,-,B,H,H,B,B,A,H,H,H,A,H,A,H,A,H,B,B,A,H,H,B,H,A,H,A,H,H,A,H,-,B,B,H,H,A,H,-,-,B,B,H,H,B,A,H,A,H,B,H,H,H,H,A,A,A,A,B,A,-,H,A,H,A,B,A,H,B,B,A,H,A,H,H,A,A,B,H,B,A,H,B,B,B,A,H,B,H,H,A,H,B,A,B,A,H,H,B,H,H,B,H,A,H,H,A,H,H,A,-,H,B,H,B,B,H,H,H,H,H,A,H,H,H,A,A,A,B,B,A,B,H,H,H,H,H,H,H,H,B,A,B,H,H,H,A,B,A,B,H,H,H,H,B,A,B,H,A,B,A,B,H,H,H,H,B,H,B,H,A,H,B,-,H,H,H,B,H,B,-
M12_049,H,B,A,H,A,A,A,B,H,H,H,B,B,H,B,H,B,B,B,H,B,H,H,A,H,H,H,H,H,H,H,H,B,B,H,H,H,H,B,A,H,H,B,B,B,B,-,H,A,B,H,H,-,A,A,H,H,H,H,-,A,B,H,H,H,H,A,B,B,H,H,A,A,H,H,B,A,H,B,H,H,A,A,B,-,B,H,B,B,H,H,B,H,B,H,A,B,B,H,H,A,B,A,H,H,H,A,-,H,A,A,H,H,H,A,B,A,A,H,H,B,A,H,H,A,H,H,H,H,B,A,H,H,H,A,A,-,B,A,A,A,B,A,A,H,B,H,A,B,H,H,A,H,H,A,H,B,B,H,B,H,H,-,H,H,B,H,A,-,A,A,B,B,H,H,B,H,B,H,H,A,H,B,A,H,A,H,H,B,H,H,H,H,A,H,-,A,H,A,A
M12_050,A,A,A,B,A,A,A,H,A,A,B,H,H,B,A,B,H,H,A,H,H,A,B,A,H,H,H,B,H,H,H,B,H,B,A,H,H,H,-,H,H,B,B,A,H,H,H,A,A,H,H,H,H,B,A,A,H,H,H,B,H,H,H,H,B,H,H,H,B,H,H,H,A,H,A,H,B,H,B,A,H,-,H,H,H,H,H,H,A,B,H,H,H,B,A,H,H,H,B,A,A,H,H,-,H,B,A,B,H,H,A,A,A,B,H,-,H,H,H,A,A,H,H,A,H,B,B,H,H,A,B,H,H,B,H,H,B,A,A,B,B,-,H,-,A,A,B,H,H,H,H,B,H,A,H,H,A,B,H,H,B,A,H,-,H,A,A,H,-,B,A,H,B,B,B,H,H,H,H,H,H,B,H,H,H,A,A,H,A,B,H,B,H,A,A,-,H,H,A,H
